nan_loss,test_not_well,test_turn_bad,sc_accuracy,died_relu,vanish_gradient,explode_gradient,nan_gradient,large_weight,nan_weight,weight_change_little,decrease_acc,increase_loss,cons_mean_weight,cons_std_weight,nan_acc,loss,acc,val_loss,val_acc
0,0,0,False,False,False,False,False,0,False,0,0,0,0,0,0,0.668268620967865,0.61538464,0.3954854905605316,0.8333333134651184
0,0,0,False,False,False,False,False,0,False,0,0,0,0,1,0,0.6472081542015076,0.65384614,0.37684500217437744,0.8333333134651184
0,0,0,False,False,False,False,False,0,False,0,0,0,0,2,0,0.6241587400436401,0.6730769,0.3560713529586792,0.8888888955116272
0,0,0,False,False,False,False,False,0,False,0,0,0,0,3,0,0.6061002016067505,0.6730769,0.3414349853992462,0.8888888955116272
0,0,0,False,False,False,False,False,0,False,0,0,0,0,4,0,0.595325767993927,0.6923077,0.3342515230178833,0.8888888955116272
