nan_loss,test_not_well,test_turn_bad,sc_accuracy,died_relu,vanish_gradient,explode_gradient,nan_gradient,large_weight,nan_weight,weight_change_little,decrease_acc,increase_loss,cons_mean_weight,cons_std_weight,nan_acc,loss,acc,val_loss,val_acc
0,0,0,False,False,False,False,False,0,False,0,0,0,0,0,0,0.7010219097137451,0.7692308,0.6752915382385254,0.7714285850524902
0,0,0,False,False,False,False,False,0,False,0,0,0,0,1,0,0.6979572772979736,0.75,0.6753155589103699,0.7428571581840515
0,0,0,False,False,False,False,False,0,False,0,0,0,0,2,0,0.6957288980484009,0.74038464,0.6754817962646484,0.7428571581840515
0,0,0,False,False,False,False,False,0,False,0,0,0,0,3,0,0.6939826607704163,0.74038464,0.6751440763473511,0.7428571581840515
0,0,0,False,False,False,False,False,0,False,0,0,0,0,4,0,0.6918254494667053,0.7307692,0.6743817925453186,0.7428571581840515
