nan_loss,test_not_well,test_turn_bad,sc_accuracy,died_relu,vanish_gradient,explode_gradient,nan_gradient,large_weight,nan_weight,weight_change_little,decrease_acc,increase_loss,cons_mean_weight,cons_std_weight,nan_acc,loss,acc,val_loss,val_acc
0,0,0,False,False,False,False,False,0,False,0,0,0,0,0,0,0.6767268822743342,0.75,0.5248586535453796,0.8269230723381042
0,0,0,False,False,False,False,False,0,False,0,0,0,0,1,0,0.6621042016224984,0.73717946,0.5274735689163208,0.807692289352417
0,0,0,False,False,False,False,False,0,False,0,0,0,0,2,0,0.6559616495401431,0.73717946,0.5490508675575256,0.7692307829856873
0,0,0,False,False,False,False,False,0,False,0,0,0,0,3,0,0.650699855425419,0.7051282,0.5670986771583557,0.7692307829856873
0,0,0,False,False,False,False,False,0,False,0,0,0,0,4,0,0.6455905147087879,0.73717946,0.6031908988952637,0.7307692170143127
