nan_loss,test_not_well,test_turn_bad,sc_accuracy,died_relu,vanish_gradient,explode_gradient,nan_gradient,large_weight,nan_weight,weight_change_little,decrease_acc,increase_loss,cons_mean_weight,cons_std_weight,nan_acc,loss,acc,val_loss,val_acc
0,0,0,False,False,False,False,False,0,False,0,0,0,0,0,0,0.6532026529312134,0.75961536,0.5582046508789062,0.8285714387893677
0,0,0,False,False,False,False,False,0,False,0,0,0,0,1,0,0.6369355916976929,0.75,0.5631208419799805,0.8571428656578064
0,0,0,False,False,False,False,False,0,False,0,0,0,0,2,0,0.6286381483078003,0.75961536,0.5779260993003845,0.8285714387893677
0,0,0,False,False,False,False,False,0,False,0,0,0,0,3,0,0.6259202361106873,0.7692308,0.5862621068954468,0.8285714387893677
0,0,0,False,False,False,False,False,0,False,0,0,0,0,4,0,0.6190398335456848,0.75961536,0.5855001211166382,0.8285714387893677
