nan_loss,test_not_well,test_turn_bad,sc_accuracy,died_relu,vanish_gradient,explode_gradient,nan_gradient,large_weight,nan_weight,weight_change_little,decrease_acc,increase_loss,cons_mean_weight,cons_std_weight,nan_acc,loss,acc,val_loss,val_acc
0,0,0,False,False,False,False,False,0,False,0,0,0,0,0,0,0.9359804483560416,0.5576923,0.8682026267051697,0.48571428656578064
0,0,0,False,False,False,False,False,0,False,0,0,0,0,1,0,0.8760816775835477,0.47115386,0.7380265593528748,0.48571428656578064
0,0,0,False,False,False,False,False,0,False,0,0,0,0,2,0,0.8737769906337445,0.52884614,0.7947226166725159,0.48571428656578064
0,0,0,False,False,False,False,False,0,False,0,0,0,0,3,0,0.8464332314637991,0.5,0.7347216010093689,0.5142857432365417
0,0,0,False,False,False,False,False,0,False,0,0,0,0,4,0,0.8228079630778387,0.53846157,0.7430086731910706,0.5142857432365417
