nan_loss,test_not_well,test_turn_bad,sc_accuracy,died_relu,vanish_gradient,explode_gradient,nan_gradient,large_weight,nan_weight,weight_change_little,decrease_acc,increase_loss,cons_mean_weight,cons_std_weight,nan_acc,loss,acc,val_loss,val_acc
0,0,0,False,False,False,False,False,0,False,0,0,0,0,0,0,0.849094963990725,0.7307692,0.6291509041419396,0.8269230723381042
0,0,0,False,False,False,False,False,0,False,0,0,0,0,1,0,0.8360924399816073,0.73717946,0.6636646527510422,0.7884615659713745
0,0,0,False,False,False,False,False,0,False,0,0,0,0,2,0,0.8291220206480759,0.76282054,0.6632705055750333,0.807692289352417
0,0,0,False,False,False,False,False,0,False,0,0,0,0,3,0,0.8268273640901614,0.7307692,0.6509350859201871,0.807692289352417
0,0,0,False,False,False,False,False,0,False,0,0,0,0,4,0,0.8355272695040091,0.7307692,0.6466270272548382,0.7884615659713745
