nan_loss,test_not_well,test_turn_bad,sc_accuracy,died_relu,vanish_gradient,explode_gradient,nan_gradient,large_weight,nan_weight,weight_change_little,decrease_acc,increase_loss,cons_mean_weight,cons_std_weight,nan_acc,loss,acc,val_loss,val_acc
0,0,0,False,False,False,False,False,0,False,0,0,0,0,0,0,0.7002471089363098,0.52884614,0.6583434343338013,0.5142857432365417
0,0,0,False,False,False,False,False,0,False,0,0,0,0,1,0,0.693398118019104,0.53846157,0.6651118397712708,0.5142857432365417
0,0,0,False,False,False,False,False,0,False,0,0,0,0,2,0,0.6906690001487732,0.5480769,0.6662288308143616,0.5142857432365417
0,0,0,False,False,False,False,False,0,False,0,0,0,0,3,0,0.6839338541030884,0.5480769,0.6751426458358765,0.48571428656578064
0,0,0,False,False,False,False,False,0,False,0,0,0,0,4,0,0.6774216294288635,0.53846157,0.6900733113288879,0.48571428656578064
