nan_loss,test_not_well,test_turn_bad,sc_accuracy,died_relu,vanish_gradient,explode_gradient,nan_gradient,large_weight,nan_weight,weight_change_little,decrease_acc,increase_loss,cons_mean_weight,cons_std_weight,nan_acc,loss,acc,val_loss,val_acc
0,0,0,False,False,False,False,False,0,False,0,0,0,0,0,0,1.2717056274414062,0.63461536,1.040761947631836,0.6857143044471741
0,0,0,False,False,False,False,False,0,False,0,0,0,0,1,0,1.2509111166000366,0.63461536,1.042819619178772,0.6857143044471741
0,0,0,False,False,False,False,False,0,False,0,0,0,0,2,0,1.23753821849823,0.66346157,1.0403251647949219,0.7142857313156128
0,0,0,False,False,False,False,False,0,False,0,0,0,0,3,0,1.2273764610290527,0.65384614,1.0336029529571533,0.7142857313156128
0,0,0,False,False,False,False,False,0,False,0,0,0,0,4,0,1.2176780700683594,0.65384614,1.0247523784637451,0.7142857313156128
