nan_loss,test_not_well,test_turn_bad,sc_accuracy,died_relu,vanish_gradient,explode_gradient,nan_gradient,large_weight,nan_weight,weight_change_little,decrease_acc,increase_loss,cons_mean_weight,cons_std_weight,nan_acc,loss,acc,val_loss,val_acc
0,0,0,False,False,False,False,False,0,False,0,0,0,0,0,0,0.7010218501091003,0.7692308,0.6752201318740845,0.7428571581840515
0,0,0,False,False,False,False,False,0,False,0,0,0,0,1,0,0.6963858008384705,0.74038464,0.6755656003952026,0.7428571581840515
0,0,0,False,False,False,False,False,0,False,0,0,0,0,2,0,0.6942266225814819,0.7307692,0.6750504374504089,0.7428571581840515
0,0,0,False,False,False,False,False,0,False,0,0,0,0,3,0,0.6915451884269714,0.7307692,0.6741085648536682,0.7428571581840515
0,0,0,False,False,False,False,False,0,False,0,0,0,0,4,0,0.688530683517456,0.75,0.6733955144882202,0.7428571581840515
