nan_loss,test_not_well,test_turn_bad,sc_accuracy,died_relu,vanish_gradient,explode_gradient,nan_gradient,large_weight,nan_weight,weight_change_little,decrease_acc,increase_loss,cons_mean_weight,cons_std_weight,nan_acc,loss,acc,val_loss,val_acc
0,0,0,False,False,False,False,False,0,False,0,0,0,0,0,0,1.1508322954177856,0.53846157,0.9857267141342163,0.48571428656578064
0,0,0,False,False,False,False,False,0,False,0,0,0,0,1,0,1.133399248123169,0.53846157,0.9984822869300842,0.5142857432365417
0,0,0,False,False,False,False,False,0,False,0,0,0,0,2,0,1.1122052669525146,0.5576923,1.0119558572769165,0.48571428656578064
0,0,0,False,False,False,False,False,0,False,0,0,0,0,3,0,1.0905818939208984,0.58653843,1.0222558975219727,0.5428571701049805
0,0,0,False,False,False,False,False,0,False,0,0,0,0,4,0,1.0703800916671753,0.63461536,1.026991367340088,0.5714285969734192
