nan_loss,test_not_well,test_turn_bad,sc_accuracy,died_relu,vanish_gradient,explode_gradient,nan_gradient,large_weight,nan_weight,weight_change_little,decrease_acc,increase_loss,cons_mean_weight,cons_std_weight,nan_acc,loss,acc,val_loss,val_acc
0,0,0,False,False,False,False,False,0,False,0,0,0,0,0,0,0.70316082239151,0.7692308,0.7601466178894043,0.7142857313156128
0,0,0,False,False,False,False,False,0,False,0,0,0,0,1,0,0.700575590133667,0.77884614,0.7597895264625549,0.7428571581840515
0,0,0,False,False,False,False,False,0,False,0,0,0,0,2,0,0.6978273987770081,0.7692308,0.7598838806152344,0.7428571581840515
0,0,0,False,False,False,False,False,0,False,0,0,0,0,3,0,0.6952254176139832,0.7692308,0.7599687576293945,0.7428571581840515
0,0,0,False,False,False,False,False,0,False,0,0,0,0,4,0,0.6924853920936584,0.7692308,0.7597941160202026,0.7428571581840515
