nan_loss,test_not_well,test_turn_bad,sc_accuracy,died_relu,vanish_gradient,explode_gradient,nan_gradient,large_weight,nan_weight,weight_change_little,decrease_acc,increase_loss,cons_mean_weight,cons_std_weight,nan_acc,loss,acc,val_loss,val_acc
0,0,0,False,False,False,False,False,0,False,0,0,0,0,0,0,0.7055553534092047,0.73717946,0.5221429467201233,0.7884615659713745
0,0,0,False,False,False,False,False,0,False,0,0,0,0,1,0,0.698006924910423,0.74358976,0.5330997705459595,0.7884615659713745
0,0,0,False,False,False,False,False,0,False,0,0,0,0,2,0,0.6927189429601034,0.76282054,0.5490233898162842,0.8269230723381042
0,0,0,False,False,False,False,False,0,False,0,0,0,0,3,0,0.6885468898675381,0.7692308,0.5647653341293335,0.7692307829856873
0,0,0,False,False,False,False,False,0,False,0,0,0,0,4,0,0.6861640979082156,0.76282054,0.5758448839187622,0.7692307829856873
