nan_loss,test_not_well,test_turn_bad,sc_accuracy,died_relu,vanish_gradient,explode_gradient,nan_gradient,large_weight,nan_weight,weight_change_little,decrease_acc,increase_loss,cons_mean_weight,cons_std_weight,nan_acc,loss,acc,val_loss,val_acc
0,0,0,False,False,False,False,False,0,False,0,0,0,0,0,0,1.067582607269287,0.52884614,1.0140963792800903,0.5142857432365417
0,0,0,False,False,False,False,False,0,False,0,0,0,0,1,0,1.061614990234375,0.5192308,1.011087417602539,0.5142857432365417
0,0,0,False,False,False,False,False,0,False,0,0,0,0,2,0,1.0543633699417114,0.52884614,1.005936622619629,0.5142857432365417
0,0,0,False,False,False,False,False,0,False,0,0,0,0,3,0,1.0464280843734741,0.5480769,0.9994208216667175,0.5142857432365417
0,0,0,False,False,False,False,False,0,False,0,0,0,0,4,0,1.038590908050537,0.53846157,0.9919436573982239,0.5428571701049805
