nan_loss,test_not_well,test_turn_bad,sc_accuracy,died_relu,vanish_gradient,explode_gradient,nan_gradient,large_weight,nan_weight,weight_change_little,decrease_acc,increase_loss,cons_mean_weight,cons_std_weight,nan_acc,loss,acc,val_loss,val_acc
0,0,0,False,False,False,False,False,0,False,0,0,0,0,0,0,0.8762957728826083,0.7307692,0.585671192407608,0.8285714387893677
0,0,0,False,False,False,False,False,0,False,0,0,0,0,1,0,0.8608031536524112,0.74038464,0.6096038273402623,0.800000011920929
0,0,0,False,False,False,False,False,0,False,0,0,0,0,2,0,0.8646615010041457,0.74038464,0.5885817766189575,0.8571428656578064
0,0,0,False,False,False,False,False,0,False,0,0,0,0,3,0,0.8453643459540147,0.7307692,0.6100347306047167,0.800000011920929
0,0,0,False,False,False,False,False,0,False,0,0,0,0,4,0,0.8411303300123948,0.74038464,0.5921437561511993,0.8285714387893677
