nan_loss,test_not_well,test_turn_bad,sc_accuracy,died_relu,vanish_gradient,explode_gradient,nan_gradient,large_weight,nan_weight,weight_change_little,decrease_acc,increase_loss,cons_mean_weight,cons_std_weight,nan_acc,loss,acc,val_loss,val_acc
0,0,0,False,False,False,False,False,0,False,0,0,0,0,0,0,0.6529007019140781,0.7051282,0.6117929953795213,0.7307692170143127
0,0,0,False,False,False,False,False,0,False,0,0,0,0,1,0,0.6338956845112336,0.7307692,0.6234039526719314,0.7307692170143127
0,0,0,False,False,False,False,False,0,False,0,0,0,0,2,0,0.6214683896456009,0.7307692,0.6059230061677786,0.8461538553237915
0,0,0,False,False,False,False,False,0,False,0,0,0,0,3,0,0.6086520002438471,0.6923077,0.6226501831641564,0.7307692170143127
0,0,0,False,False,False,False,False,0,False,0,0,0,0,4,0,0.6160295200653565,0.71153843,0.6183406481376061,0.7692307829856873
