nan_loss,test_not_well,test_turn_bad,sc_accuracy,died_relu,vanish_gradient,explode_gradient,nan_gradient,large_weight,nan_weight,weight_change_little,decrease_acc,increase_loss,cons_mean_weight,cons_std_weight,nan_acc,loss,acc,val_loss,val_acc
0,0,0,False,False,False,False,False,0,False,0,0,0,0,0,0,0.7401673793792725,0.52884614,0.7344683408737183,0.6571428775787354
0,0,0,False,False,False,False,False,0,False,0,0,0,0,1,0,0.7355555295944214,0.52884614,0.733842134475708,0.6285714507102966
0,0,0,False,False,False,False,False,0,False,0,0,0,0,2,0,0.7302293181419373,0.5192308,0.7342713475227356,0.6571428775787354
0,0,0,False,False,False,False,False,0,False,0,0,0,0,3,0,0.7245577573776245,0.5192308,0.739707350730896,0.5714285969734192
0,0,0,False,False,False,False,False,0,False,0,0,0,0,4,0,0.7215127944946289,0.50961536,0.7476812601089478,0.5142857432365417
