nan_loss,test_not_well,test_turn_bad,sc_accuracy,died_relu,vanish_gradient,explode_gradient,nan_gradient,large_weight,nan_weight,weight_change_little,decrease_acc,increase_loss,cons_mean_weight,cons_std_weight,nan_acc,loss,acc,val_loss,val_acc
0,0,0,False,False,False,False,False,0,False,0,0,0,0,0,0,1.0595550537109375,0.59615386,0.8242663741111755,0.7142857313156128
0,0,0,False,False,False,False,False,0,False,0,0,0,0,1,0,1.0321027040481567,0.61538464,0.8298054337501526,0.7142857313156128
0,0,0,False,False,False,False,False,0,False,0,0,0,0,2,0,1.0155847072601318,0.61538464,0.8239336013793945,0.7142857313156128
0,0,0,False,False,False,False,False,0,False,0,0,0,0,3,0,1.0037775039672852,0.6442308,0.8102741241455078,0.7142857313156128
0,0,0,False,False,False,False,False,0,False,0,0,0,0,4,0,0.9960337281227112,0.65384614,0.7948789000511169,0.7142857313156128
