nan_loss,test_not_well,test_turn_bad,sc_accuracy,died_relu,vanish_gradient,explode_gradient,nan_gradient,large_weight,nan_weight,weight_change_little,decrease_acc,increase_loss,cons_mean_weight,cons_std_weight,nan_acc,loss,acc,val_loss,val_acc
0,0,0,False,False,False,False,False,0,False,0,0,0,0,0,0,0.6793566208619338,0.5673077,0.6710456609725952,0.6285714507102966
0,0,0,False,False,False,False,False,0,False,0,0,0,0,1,0,0.6790631413459778,0.5673077,0.671282947063446,0.6285714507102966
0,0,0,False,False,False,False,False,0,False,0,0,0,0,2,0,0.678762788955982,0.5673077,0.6713736653327942,0.6285714507102966
0,0,0,False,False,False,False,False,0,False,0,0,0,0,3,0,0.6784575444001418,0.5673077,0.6716231107711792,0.6285714507102966
0,0,0,False,False,False,False,False,0,False,0,0,0,0,4,0,0.6782994224474981,0.5673077,0.6717322468757629,0.6285714507102966
