nan_loss,test_not_well,test_turn_bad,sc_accuracy,died_relu,vanish_gradient,explode_gradient,nan_gradient,large_weight,nan_weight,weight_change_little,decrease_acc,increase_loss,cons_mean_weight,cons_std_weight,nan_acc,loss,acc,val_loss,val_acc
0,0,0,False,False,False,False,False,0,False,0,0,0,0,0,0,0.6809828831599309,0.53846157,0.696236789226532,0.4285714328289032
0,0,0,False,False,False,False,False,0,False,0,0,0,0,1,0,0.6799247906758235,0.52884614,0.6954176425933838,0.4285714328289032
0,0,0,False,False,False,False,False,0,False,0,0,0,0,2,0,0.6796662486516513,0.53846157,0.6955806016921997,0.4285714328289032
0,0,0,False,False,False,False,False,0,False,0,0,0,0,3,0,0.6799211456225469,0.53846157,0.6958163976669312,0.4285714328289032
0,0,0,False,False,False,False,False,0,False,0,0,0,0,4,0,0.6792491170076224,0.53846157,0.6959682106971741,0.4571428596973419
