nan_loss,test_not_well,test_turn_bad,sc_accuracy,died_relu,vanish_gradient,explode_gradient,nan_gradient,large_weight,nan_weight,weight_change_little,decrease_acc,increase_loss,cons_mean_weight,cons_std_weight,nan_acc,loss,acc,val_loss,val_acc
0,0,0,False,False,False,False,False,0,False,0,0,0,0,0,0,1.1180425882339478,0.58653843,0.8945112228393555,0.7142857313156128
0,0,0,False,False,False,False,False,0,False,0,0,0,0,1,0,1.1042799949645996,0.6442308,0.8814784288406372,0.7142857313156128
0,0,0,False,False,False,False,False,0,False,0,0,0,0,2,0,1.0967820882797241,0.6442308,0.8735889792442322,0.7142857313156128
0,0,0,False,False,False,False,False,0,False,0,0,0,0,3,0,1.0905711650848389,0.6442308,0.8670917749404907,0.7428571581840515
0,0,0,False,False,False,False,False,0,False,0,0,0,0,4,0,1.0835106372833252,0.6442308,0.860871434211731,0.7428571581840515
