nan_loss,test_not_well,test_turn_bad,sc_accuracy,died_relu,vanish_gradient,explode_gradient,nan_gradient,large_weight,nan_weight,weight_change_little,decrease_acc,increase_loss,cons_mean_weight,cons_std_weight,nan_acc,loss,acc,val_loss,val_acc
0,0,0,False,False,False,False,False,0,False,0,0,0,0,0,0,0.780800814812,0.5480769,0.9738172292709351,0.4285714328289032
0,0,0,False,False,False,False,False,0,False,0,0,0,0,1,0,0.8300781525098361,0.5192308,0.6863107681274414,0.5142857432365417
0,0,0,False,False,False,False,False,0,False,0,0,0,0,2,0,0.7285418556286738,0.50961536,0.6854465007781982,0.5428571701049805
0,0,0,False,False,False,False,False,0,False,0,0,0,0,3,0,0.6869013767976028,0.5769231,0.6401536464691162,0.6571428775787354
0,0,0,False,False,False,False,False,0,False,0,0,0,0,4,0,0.6460986825136038,0.6057692,0.663917064666748,0.6571428775787354
