nan_loss,test_not_well,test_turn_bad,sc_accuracy,died_relu,vanish_gradient,explode_gradient,nan_gradient,large_weight,nan_weight,weight_change_little,decrease_acc,increase_loss,cons_mean_weight,cons_std_weight,nan_acc,loss,acc,val_loss,val_acc
0,0,0,False,False,1,False,False,1,False,0,0,0,0,0,0,0.6992034912109375,0.53846157,0.7592727541923523,0.37142857909202576
0,0,0,False,False,2,False,False,2,False,0,0,0,1,5,0,0.6963072419166565,0.53846157,0.7459968328475952,0.37142857909202576
0,0,0,False,False,3,False,False,3,False,0,0,0,2,9,0,0.6933834552764893,0.53846157,0.7321853041648865,0.37142857909202576
0,0,0,False,False,4,False,False,4,False,0,0,0,4,13,0,0.691214919090271,0.53846157,0.7178272008895874,0.37142857909202576
0,0,0,False,False,5,False,False,5,False,0,0,0,5,16,0,0.6902014017105103,0.53846157,0.6888073682785034,0.6285714507102966
