nan_loss,test_not_well,test_turn_bad,sc_accuracy,died_relu,vanish_gradient,explode_gradient,nan_gradient,large_weight,nan_weight,weight_change_little,decrease_acc,increase_loss,cons_mean_weight,cons_std_weight,nan_acc,loss,acc,val_loss,val_acc
0,0,0,False,False,False,False,False,0,False,0,0,0,0,0,0,1.1310417835529034,0.50961536,0.9486041034970965,0.5428571701049805
0,0,0,False,False,False,False,False,0,False,0,0,0,0,1,0,1.102441824399508,0.50961536,0.9400095701217651,0.6000000238418579
0,0,0,False,False,False,False,False,0,False,0,0,0,0,2,0,1.0664465427398682,0.52884614,0.9530258859906878,0.5714285969734192
0,0,0,False,False,False,False,False,0,False,0,0,0,0,3,0,1.0499602051881642,0.5576923,1.0572693722588675,0.5714285969734192
0,0,0,False,False,False,False,False,0,False,0,0,0,0,4,0,1.0834087408505952,0.4903846,0.9633087941578456,0.5714285969734192
