nan_loss,test_not_well,test_turn_bad,sc_accuracy,died_relu,vanish_gradient,explode_gradient,nan_gradient,large_weight,nan_weight,weight_change_little,decrease_acc,increase_loss,cons_mean_weight,cons_std_weight,nan_acc,loss,acc,val_loss,val_acc
0,0,0,False,False,False,False,False,0,False,0,0,0,0,0,0,0.6958857178688049,0.72115386,0.5564219355583191,0.8285714387893677
0,0,0,False,False,False,False,False,0,False,0,0,0,0,1,0,0.6904529929161072,0.7307692,0.5533566474914551,0.8285714387893677
0,0,0,False,False,False,False,False,0,False,0,0,0,0,2,0,0.6856930255889893,0.74038464,0.5591021776199341,0.800000011920929
0,0,0,False,False,False,False,False,0,False,0,0,0,0,3,0,0.6812978386878967,0.7307692,0.5714228749275208,0.7714285850524902
0,0,0,False,False,False,False,False,0,False,0,0,0,0,4,0,0.6783605813980103,0.75961536,0.5875646471977234,0.7428571581840515
