nan_loss,test_not_well,test_turn_bad,sc_accuracy,died_relu,vanish_gradient,explode_gradient,nan_gradient,large_weight,nan_weight,weight_change_little,decrease_acc,increase_loss,cons_mean_weight,cons_std_weight,nan_acc,loss,acc,val_loss,val_acc
0,0,0,False,False,False,False,False,0,False,0,0,0,0,0,0,0.6698011159896851,0.7307692,0.6040582060813904,0.800000011920929
0,0,0,False,False,False,False,False,0,False,0,0,0,0,1,0,0.6672182083129883,0.7307692,0.6018484830856323,0.800000011920929
0,0,0,False,False,False,False,False,0,False,0,0,0,0,2,0,0.6642433404922485,0.74038464,0.6003894209861755,0.8285714387893677
0,0,0,False,False,False,False,False,0,False,0,0,0,0,3,0,0.6613679528236389,0.75961536,0.5998888611793518,0.8285714387893677
0,0,0,False,False,False,False,False,0,False,0,0,0,0,4,0,0.6588345766067505,0.75961536,0.6002481579780579,0.8285714387893677
