nan_loss,test_not_well,test_turn_bad,sc_accuracy,died_relu,vanish_gradient,explode_gradient,nan_gradient,large_weight,nan_weight,weight_change_little,decrease_acc,increase_loss,cons_mean_weight,cons_std_weight,nan_acc,loss,acc,val_loss,val_acc
0,0,0,False,False,False,False,False,0,False,0,0,0,0,0,0,1.2066885691422682,0.61538464,0.9321689299174718,0.6857143044471741
0,0,0,False,False,False,False,False,0,False,0,0,0,0,1,0,1.1595993317090547,0.63461536,0.9267722708838326,0.7142857313156128
0,0,0,False,False,False,False,False,0,False,0,0,0,0,2,0,1.1427922936586232,0.63461536,0.899822187423706,0.6857143044471741
0,0,0,False,False,False,False,False,0,False,0,0,0,0,3,0,1.1195204212115362,0.6442308,0.907133766583034,0.7142857313156128
0,0,0,False,False,False,False,False,0,False,0,0,0,0,4,0,1.109755983719459,0.6442308,0.8798593418938773,0.7142857313156128
