nan_loss,test_not_well,test_turn_bad,sc_accuracy,died_relu,vanish_gradient,explode_gradient,nan_gradient,large_weight,nan_weight,weight_change_little,decrease_acc,increase_loss,cons_mean_weight,cons_std_weight,nan_acc,loss,acc,val_loss,val_acc
0,0,0,False,False,False,False,False,0,False,0,0,0,0,0,0,0.724003255367279,0.7692308,0.7860581278800964,0.7142857313156128
0,0,0,False,False,False,False,False,0,False,0,0,0,0,1,0,0.7175436615943909,0.7692308,0.7795568108558655,0.7428571581840515
0,0,0,False,False,False,False,False,0,False,0,0,0,0,2,0,0.7107266783714294,0.75961536,0.77475905418396,0.7428571581840515
0,0,0,False,False,False,False,False,0,False,0,0,0,0,3,0,0.7053738832473755,0.7692308,0.7724401354789734,0.7428571581840515
0,0,0,False,False,False,False,False,0,False,0,0,0,0,4,0,0.7022156119346619,0.75961536,0.7721609473228455,0.7428571581840515
