nan_loss,test_not_well,test_turn_bad,sc_accuracy,died_relu,vanish_gradient,explode_gradient,nan_gradient,large_weight,nan_weight,weight_change_little,decrease_acc,increase_loss,cons_mean_weight,cons_std_weight,nan_acc,loss,acc,val_loss,val_acc
0,0,0,False,False,False,False,False,0,False,0,0,0,0,0,0,0.6123563051223755,0.6923077,0.5346919894218445,0.6571428775787354
0,0,0,False,False,False,False,False,0,False,0,0,0,0,1,0,0.5877010822296143,0.72115386,0.5471404790878296,0.6571428775787354
0,0,0,False,False,False,False,False,0,False,0,0,0,0,2,0,0.5730847120285034,0.7307692,0.5671801567077637,0.6285714507102966
0,0,0,False,False,False,False,False,0,False,0,0,0,0,3,0,0.5664195418357849,0.74038464,0.5873951315879822,0.6285714507102966
0,0,0,False,False,False,False,False,0,False,0,0,0,0,4,0,0.5626589059829712,0.74038464,0.6060156226158142,0.6285714507102966
