nan_loss,test_not_well,test_turn_bad,sc_accuracy,died_relu,vanish_gradient,explode_gradient,nan_gradient,large_weight,nan_weight,weight_change_little,decrease_acc,increase_loss,cons_mean_weight,cons_std_weight,nan_acc,loss,acc,val_loss,val_acc
0,0,0,False,False,False,False,False,0,False,0,0,0,0,0,0,1.2717057466506958,0.63461536,1.038559079170227,0.6857143044471741
0,0,0,False,False,False,False,False,0,False,0,0,0,0,1,0,1.2599360942840576,0.6442308,1.0408276319503784,0.6857143044471741
0,0,0,False,False,False,False,False,0,False,0,0,0,0,2,0,1.2475216388702393,0.65384614,1.0424973964691162,0.6857143044471741
0,0,0,False,False,False,False,False,0,False,0,0,0,0,3,0,1.2369340658187866,0.66346157,1.0411689281463623,0.7142857313156128
0,0,0,False,False,False,False,False,0,False,0,0,0,0,4,0,1.227713942527771,0.65384614,1.0358103513717651,0.7142857313156128
