nan_loss,test_not_well,test_turn_bad,sc_accuracy,died_relu,vanish_gradient,explode_gradient,nan_gradient,large_weight,nan_weight,weight_change_little,decrease_acc,increase_loss,cons_mean_weight,cons_std_weight,nan_acc,loss,acc,val_loss,val_acc
0,0,0,False,False,False,False,False,0,False,0,0,0,0,0,0,0.7584330852215106,0.59615386,0.8251376748085022,0.4000000059604645
0,0,0,False,False,False,False,False,0,False,0,0,0,0,1,0,0.7299029552019559,0.5769231,0.799351692199707,0.4571428596973419
0,0,0,False,False,False,False,False,0,False,0,0,0,0,2,0,0.652355643419119,0.5769231,0.6857398748397827,0.5714285969734192
0,0,0,False,False,False,False,False,0,False,0,0,0,0,3,0,0.6998829199717596,0.6057692,0.7219418883323669,0.5142857432365417
0,0,0,False,False,False,False,False,0,False,0,0,0,0,4,0,0.6709261536598206,0.58653843,0.7225521802902222,0.4285714328289032
