nan_loss,test_not_well,test_turn_bad,sc_accuracy,died_relu,vanish_gradient,explode_gradient,nan_gradient,large_weight,nan_weight,weight_change_little,decrease_acc,increase_loss,cons_mean_weight,cons_std_weight,nan_acc,loss,acc,val_loss,val_acc
0,0,0,False,False,False,False,False,0,False,0,0,0,0,0,0,0.6712090984368936,0.76282054,0.542987585067749,0.7307692170143127
0,0,0,False,False,False,False,False,0,False,0,0,0,0,1,0,0.6664555011651455,0.7051282,0.5256911516189575,0.8269230723381042
0,0,0,False,False,False,False,False,0,False,0,0,0,0,2,0,0.657866317492265,0.73717946,0.5562297701835632,0.807692289352417
0,0,0,False,False,False,False,False,0,False,0,0,0,0,3,0,0.6624948046146295,0.73717946,0.5814908146858215,0.7692307829856873
0,0,0,False,False,False,False,False,0,False,0,0,0,0,4,0,0.6535213238153702,0.74358976,0.6105127930641174,0.7307692170143127
