nan_loss,test_not_well,test_turn_bad,sc_accuracy,died_relu,vanish_gradient,explode_gradient,nan_gradient,large_weight,nan_weight,weight_change_little,decrease_acc,increase_loss,cons_mean_weight,cons_std_weight,nan_acc,loss,acc,val_loss,val_acc
0,0,0,False,False,False,False,False,0,False,0,0,0,0,0,0,1.1208994205181415,0.5673077,0.9441757202148438,0.6571428775787354
0,0,0,False,False,False,False,False,0,False,0,0,0,0,1,0,1.047601947417626,0.6057692,0.9303345680236816,0.6571428775787354
0,0,0,False,False,False,False,False,0,False,0,0,0,0,2,0,1.0236819386482239,0.5769231,0.8975763916969299,0.6571428775787354
0,0,0,False,False,False,False,False,0,False,0,0,0,0,3,0,0.9804479800737821,0.5673077,0.8327774405479431,0.6571428775787354
0,0,0,False,False,False,False,False,0,False,0,0,0,0,4,0,0.9482728426273053,0.5480769,0.7787424325942993,0.6571428775787354
