nan_loss,test_not_well,test_turn_bad,sc_accuracy,died_relu,vanish_gradient,explode_gradient,nan_gradient,large_weight,nan_weight,weight_change_little,decrease_acc,increase_loss,cons_mean_weight,cons_std_weight,nan_acc,loss,acc,val_loss,val_acc
0,0,0,False,False,False,False,False,0,False,0,0,0,0,0,0,1.3689477627093976,0.5192308,1.1731076070240565,0.5142857432365417
0,0,0,False,False,False,False,False,0,False,0,0,0,0,1,0,1.3415897351044874,0.50961536,1.1867121526173183,0.5142857432365417
0,0,0,False,False,False,False,False,0,False,0,0,0,0,2,0,1.301635191990779,0.5480769,1.1549123729978288,0.5142857432365417
0,0,0,False,False,False,False,False,0,False,0,0,0,0,3,0,1.304234165411729,0.50961536,1.186668051992144,0.5142857432365417
0,0,0,False,False,False,False,False,0,False,0,0,0,0,4,0,1.2600489992361803,0.5192308,1.0864465032305037,0.5142857432365417
