nan_loss,test_not_well,test_turn_bad,sc_accuracy,died_relu,vanish_gradient,explode_gradient,nan_gradient,large_weight,nan_weight,weight_change_little,decrease_acc,increase_loss,cons_mean_weight,cons_std_weight,nan_acc,loss,acc,val_loss,val_acc
0,0,0,False,False,False,False,False,0,False,0,0,0,0,0,0,0.6932556766730088,0.7692308,0.4087749123573303,0.7777777910232544
0,0,0,False,False,False,False,False,0,False,0,0,0,0,1,0,0.667079182771536,0.78846157,0.3903132677078247,0.8333333134651184
0,0,0,False,False,False,False,False,0,False,0,0,0,0,2,0,0.6478987657106839,0.8076923,0.38804540038108826,0.8888888955116272
0,0,0,False,False,False,False,False,0,False,0,0,0,0,3,0,0.6441586521955637,0.8076923,0.39854246377944946,0.8888888955116272
0,0,0,False,False,False,False,False,0,False,0,0,0,0,4,0,0.6440469026565552,0.78846157,0.38998109102249146,0.8333333134651184
