nan_loss,test_not_well,test_turn_bad,sc_accuracy,died_relu,vanish_gradient,explode_gradient,nan_gradient,large_weight,nan_weight,weight_change_little,decrease_acc,increase_loss,cons_mean_weight,cons_std_weight,nan_acc,loss,acc,val_loss,val_acc
0,0,0,False,False,False,False,False,0,False,0,0,0,0,0,0,1.015156865119934,0.5576923,0.9467840790748596,0.5714285969734192
0,0,0,False,False,False,False,False,0,False,0,0,0,0,1,0,0.9955393075942993,0.5576923,0.923243522644043,0.5714285969734192
0,0,0,False,False,False,False,False,0,False,0,0,0,0,2,0,0.9756851196289062,0.5480769,0.9021018147468567,0.5714285969734192
0,0,0,False,False,False,False,False,0,False,0,0,0,0,3,0,0.9587557911872864,0.53846157,0.8838050961494446,0.6000000238418579
0,0,0,False,False,False,False,False,0,False,0,0,0,0,4,0,0.9464513063430786,0.5480769,0.86865234375,0.6000000238418579
