nan_loss,test_not_well,test_turn_bad,sc_accuracy,died_relu,vanish_gradient,explode_gradient,nan_gradient,large_weight,nan_weight,weight_change_little,decrease_acc,increase_loss,cons_mean_weight,cons_std_weight,nan_acc,loss,acc,val_loss,val_acc
0,0,0,False,False,False,False,False,0,False,0,0,0,0,0,0,0.7237377762794495,0.78846157,0.4581447243690491,0.8333333134651184
0,0,0,False,False,False,False,False,0,False,0,0,0,0,1,0,0.720199704170227,0.78846157,0.4607733190059662,0.8333333134651184
0,0,0,False,False,False,False,False,0,False,0,0,0,0,2,0,0.7166833281517029,0.78846157,0.463434100151062,0.7777777910232544
0,0,0,False,False,False,False,False,0,False,0,0,0,0,3,0,0.7133941650390625,0.78846157,0.4649488031864166,0.7777777910232544
0,0,0,False,False,False,False,False,0,False,0,0,0,0,4,0,0.7100802659988403,0.78846157,0.46494510769844055,0.7777777910232544
