nan_loss,test_not_well,test_turn_bad,sc_accuracy,died_relu,vanish_gradient,explode_gradient,nan_gradient,large_weight,nan_weight,weight_change_little,decrease_acc,increase_loss,cons_mean_weight,cons_std_weight,nan_acc,loss,acc,val_loss,val_acc
0,0,0,False,False,False,False,False,0,False,0,0,0,0,0,0,1.1420646905899048,0.53846157,1.040071964263916,0.48571428656578064
0,0,0,False,False,False,False,False,0,False,0,0,0,0,1,0,1.1269481182098389,0.53846157,1.0222617387771606,0.5142857432365417
0,0,0,False,False,False,False,False,0,False,0,0,0,0,2,0,1.1099797487258911,0.52884614,1.0256929397583008,0.5428571701049805
0,0,0,False,False,False,False,False,0,False,0,0,0,0,3,0,1.0912381410598755,0.5480769,1.0472081899642944,0.6000000238418579
0,0,0,False,False,False,False,False,0,False,0,0,0,0,4,0,1.0702588558197021,0.5480769,1.0771933794021606,0.5428571701049805
