nan_loss,test_not_well,test_turn_bad,sc_accuracy,died_relu,vanish_gradient,explode_gradient,nan_gradient,large_weight,nan_weight,weight_change_little,decrease_acc,increase_loss,cons_mean_weight,cons_std_weight,nan_acc,loss,acc,val_loss,val_acc
0,0,0,False,False,False,False,False,0,False,0,0,0,0,0,0,1.0384074999735906,0.53846157,0.82012505871909,0.5428571701049805
0,0,0,False,False,False,False,False,0,False,0,0,0,0,1,0,0.9666770421541654,0.58653843,0.8157235179628645,0.5142857432365417
0,0,0,False,False,False,False,False,0,False,0,0,0,0,2,0,0.8736946124296922,0.6057692,0.7926258121218,0.5142857432365417
0,0,0,False,False,False,False,False,0,False,0,0,0,0,3,0,0.8646773054049566,0.5576923,0.949019227709089,0.48571428656578064
0,0,0,False,False,False,False,False,0,False,0,0,0,0,4,0,0.8707629854862506,0.5576923,0.9405310222080776,0.5142857432365417
