nan_loss,test_not_well,test_turn_bad,sc_accuracy,died_relu,vanish_gradient,explode_gradient,nan_gradient,large_weight,nan_weight,weight_change_little,decrease_acc,increase_loss,cons_mean_weight,cons_std_weight,nan_acc,loss,acc,val_loss,val_acc
0,0,0,False,False,False,False,False,0,False,0,0,0,0,0,0,1.0513021487456102,0.52884614,0.8644551975386483,0.5428571701049805
0,0,0,False,False,False,False,False,0,False,0,0,0,0,1,0,0.8999136778024527,0.5576923,0.8983020339693342,0.4571428596973419
0,0,0,False,False,False,False,False,0,False,0,0,0,0,2,0,0.795507903282459,0.4903846,0.8578397171837943,0.4285714328289032
0,0,0,False,False,False,False,False,0,False,0,0,0,0,3,0,0.7186315884956946,0.53846157,0.8912223100662231,0.4285714328289032
0,0,0,False,False,False,False,False,0,False,0,0,0,0,4,0,0.6941957290355976,0.59615386,0.7983753613063267,0.48571428656578064
