nan_loss,test_not_well,test_turn_bad,sc_accuracy,died_relu,vanish_gradient,explode_gradient,nan_gradient,large_weight,nan_weight,weight_change_little,decrease_acc,increase_loss,cons_mean_weight,cons_std_weight,nan_acc,loss,acc,val_loss,val_acc
0,0,0,False,False,False,False,False,0,False,0,0,0,0,0,0,0.6619302034378052,0.6442308,0.7069100737571716,0.6857143044471741
0,0,0,False,False,False,False,False,0,False,0,0,0,0,1,0,0.6561087369918823,0.63461536,0.6992074251174927,0.6857143044471741
0,0,0,False,False,False,False,False,0,False,0,0,0,0,2,0,0.6497628092765808,0.6442308,0.6929352283477783,0.6857143044471741
0,0,0,False,False,False,False,False,0,False,0,0,0,0,3,0,0.6441891193389893,0.6442308,0.6884963512420654,0.6857143044471741
0,0,0,False,False,False,False,False,0,False,0,0,0,0,4,0,0.6397759318351746,0.61538464,0.6855217218399048,0.6857143044471741
