nan_loss,test_not_well,test_turn_bad,sc_accuracy,died_relu,vanish_gradient,explode_gradient,nan_gradient,large_weight,nan_weight,weight_change_little,decrease_acc,increase_loss,cons_mean_weight,cons_std_weight,nan_acc,loss,acc,val_loss,val_acc
0,0,0,False,False,False,False,False,0,False,0,0,0,0,0,0,0.6440551280975342,0.7307692,0.6388609409332275,0.7714285850524902
0,0,0,False,False,False,False,False,0,False,0,0,0,0,1,0,0.6419255137443542,0.74038464,0.6385524868965149,0.7714285850524902
0,0,0,False,False,False,False,False,0,False,0,0,0,0,2,0,0.6399450898170471,0.74038464,0.6386677622795105,0.7428571581840515
0,0,0,False,False,False,False,False,0,False,0,0,0,0,3,0,0.6382303237915039,0.75,0.6388646364212036,0.7428571581840515
0,0,0,False,False,False,False,False,0,False,0,0,0,0,4,0,0.6364104151725769,0.74038464,0.6391311883926392,0.7428571581840515
