nan_loss,test_not_well,test_turn_bad,sc_accuracy,died_relu,vanish_gradient,explode_gradient,nan_gradient,large_weight,nan_weight,weight_change_little,decrease_acc,increase_loss,cons_mean_weight,cons_std_weight,nan_acc,loss,acc,val_loss,val_acc
0,0,0,False,False,False,False,False,0,False,0,0,0,0,0,0,0.6748695373535156,0.74038464,0.6311959624290466,0.7428571581840515
0,0,0,False,False,False,False,False,0,False,0,0,0,0,1,0,0.662872314453125,0.75961536,0.6328859329223633,0.7714285850524902
0,0,0,False,False,False,False,False,0,False,0,0,0,0,2,0,0.6571925282478333,0.7692308,0.6367888450622559,0.7428571581840515
0,0,0,False,False,False,False,False,0,False,0,0,0,0,3,0,0.6545088887214661,0.77884614,0.6416060924530029,0.7428571581840515
0,0,0,False,False,False,False,False,0,False,0,0,0,0,4,0,0.6527999639511108,0.7692308,0.6450142860412598,0.7142857313156128
