nan_loss,test_not_well,test_turn_bad,sc_accuracy,died_relu,vanish_gradient,explode_gradient,nan_gradient,large_weight,nan_weight,weight_change_little,decrease_acc,increase_loss,cons_mean_weight,cons_std_weight,nan_acc,loss,acc,val_loss,val_acc
0,0,0,False,False,False,False,False,0,False,0,0,0,0,0,0,0.7899512648582458,0.7692308,0.4847194254398346,0.8333333134651184
0,0,0,False,False,False,False,False,0,False,0,0,0,0,1,0,0.784635603427887,0.7692308,0.4700634181499481,0.7777777910232544
0,0,0,False,False,False,False,False,0,False,0,0,0,0,2,0,0.7788145542144775,0.7692308,0.4558269679546356,0.7777777910232544
0,0,0,False,False,False,False,False,0,False,0,0,0,0,3,0,0.7738052010536194,0.7692308,0.44423815608024597,0.7777777910232544
0,0,0,False,False,False,False,False,0,False,0,0,0,0,4,0,0.7700276970863342,0.7692308,0.43619394302368164,0.7777777910232544
