nan_loss,test_not_well,test_turn_bad,sc_accuracy,died_relu,vanish_gradient,explode_gradient,nan_gradient,large_weight,nan_weight,weight_change_little,decrease_acc,increase_loss,cons_mean_weight,cons_std_weight,nan_acc,loss,acc,val_loss,val_acc
0,0,0,False,False,False,False,False,0,False,0,0,0,0,0,0,1.1021486520767212,0.5673077,0.8566912412643433,0.6857143044471741
0,0,0,False,False,False,False,False,0,False,0,0,0,0,1,0,1.081250548362732,0.6057692,0.8315362930297852,0.6857143044471741
0,0,0,False,False,False,False,False,0,False,0,0,0,0,2,0,1.061086893081665,0.61538464,0.8098636865615845,0.6857143044471741
0,0,0,False,False,False,False,False,0,False,0,0,0,0,3,0,1.0453879833221436,0.625,0.7996657490730286,0.6857143044471741
0,0,0,False,False,False,False,False,0,False,0,0,0,0,4,0,1.0321028232574463,0.6442308,0.7964751720428467,0.6571428775787354
