nan_loss,test_not_well,test_turn_bad,sc_accuracy,died_relu,vanish_gradient,explode_gradient,nan_gradient,large_weight,nan_weight,weight_change_little,decrease_acc,increase_loss,cons_mean_weight,cons_std_weight,nan_acc,loss,acc,val_loss,val_acc
0,0,0,False,False,False,False,False,0,False,0,0,0,0,0,0,1.1021486520767212,0.5673077,0.856964111328125,0.6857143044471741
0,0,0,False,False,False,False,False,0,False,0,0,0,0,1,0,1.0815078020095825,0.6057692,0.832391619682312,0.6857143044471741
0,0,0,False,False,False,False,False,0,False,0,0,0,0,2,0,1.0616177320480347,0.61538464,0.8108514547348022,0.6857143044471741
0,0,0,False,False,False,False,False,0,False,0,0,0,0,3,0,1.0461153984069824,0.625,0.8002234101295471,0.6857143044471741
0,0,0,False,False,False,False,False,0,False,0,0,0,0,4,0,1.0330417156219482,0.63461536,0.7966144680976868,0.6857143044471741
