nan_loss,test_not_well,test_turn_bad,sc_accuracy,died_relu,vanish_gradient,explode_gradient,nan_gradient,large_weight,nan_weight,weight_change_little,decrease_acc,increase_loss,cons_mean_weight,cons_std_weight,nan_acc,loss,acc,val_loss,val_acc
0,0,0,False,False,False,False,False,0,False,0,0,0,0,0,0,1.8927066509540265,0.61538464,1.6250555310930526,0.6571428775787354
0,0,0,False,False,False,False,False,0,False,0,0,0,0,1,0,1.8413983491750865,0.59615386,1.5781264611652919,0.6571428775787354
0,0,0,False,False,False,False,False,0,False,0,0,0,0,2,0,1.7874390528752253,0.625,1.5275748252868653,0.6857143044471741
0,0,0,False,False,False,False,False,0,False,0,0,0,0,3,0,1.747736930847168,0.63461536,1.4738765954971313,0.6857143044471741
0,0,0,False,False,False,False,False,0,False,0,0,0,0,4,0,1.698893198600182,0.63461536,1.4202453340802874,0.6857143044471741
