nan_loss,test_not_well,test_turn_bad,sc_accuracy,died_relu,vanish_gradient,explode_gradient,nan_gradient,large_weight,nan_weight,weight_change_little,decrease_acc,increase_loss,cons_mean_weight,cons_std_weight,nan_acc,loss,acc,val_loss,val_acc
0,0,0,False,False,False,False,False,0,False,0,0,0,0,0,0,0.6774444946875939,0.7307692,0.527494386264256,0.800000011920929
0,0,0,False,False,False,False,False,0,False,0,0,0,0,1,0,0.6374515707676227,0.72115386,0.5351510064942496,0.800000011920929
0,0,0,False,False,False,False,False,0,False,0,0,0,0,2,0,0.6136745237387143,0.7307692,0.554292482989175,0.8285714387893677
0,0,0,False,False,False,False,False,0,False,0,0,0,0,3,0,0.6155354518156785,0.7307692,0.5971793396132333,0.7428571581840515
0,0,0,False,False,False,False,False,0,False,0,0,0,0,4,0,0.5871222706941458,0.74038464,0.5755586913653783,0.800000011920929
