nan_loss,test_not_well,test_turn_bad,sc_accuracy,died_relu,vanish_gradient,explode_gradient,nan_gradient,large_weight,nan_weight,weight_change_little,decrease_acc,increase_loss,cons_mean_weight,cons_std_weight,nan_acc,loss,acc,val_loss,val_acc
0,0,0,False,False,False,False,False,0,False,0,0,0,0,0,0,1.2346972227096558,0.5192308,1.0839745998382568,0.5142857432365417
0,0,0,False,False,False,False,False,0,False,0,0,0,0,1,0,1.2232697010040283,0.52884614,1.1011184453964233,0.5142857432365417
0,0,0,False,False,False,False,False,0,False,0,0,0,0,2,0,1.2113783359527588,0.53846157,1.1089754104614258,0.5428571701049805
0,0,0,False,False,False,False,False,0,False,0,0,0,0,3,0,1.2009516954421997,0.5480769,1.1072245836257935,0.6000000238418579
0,0,0,False,False,False,False,False,0,False,0,0,0,0,4,0,1.1918009519577026,0.5576923,1.1000550985336304,0.6000000238418579
