nan_loss,test_not_well,test_turn_bad,sc_accuracy,died_relu,vanish_gradient,explode_gradient,nan_gradient,large_weight,nan_weight,weight_change_little,decrease_acc,increase_loss,cons_mean_weight,cons_std_weight,nan_acc,loss,acc,val_loss,val_acc
0,0,0,False,False,False,False,False,0,False,0,0,0,0,0,0,0.7348109483718872,0.5673077,0.644085168838501,0.5714285969734192
0,0,0,False,False,False,False,False,0,False,0,0,0,0,1,0,0.6819764375686646,0.625,0.6400122046470642,0.5142857432365417
0,0,0,False,False,False,False,False,0,False,0,0,0,0,2,0,0.6579509377479553,0.63461536,0.6741522550582886,0.5428571701049805
0,0,0,False,False,False,False,False,0,False,0,0,0,0,3,0,0.682012677192688,0.61538464,0.6819289922714233,0.5428571701049805
0,0,0,False,False,False,False,False,0,False,0,0,0,0,4,0,0.6952633261680603,0.6057692,0.6630892157554626,0.5428571701049805
