nan_loss,test_not_well,test_turn_bad,sc_accuracy,died_relu,vanish_gradient,explode_gradient,nan_gradient,large_weight,nan_weight,weight_change_little,decrease_acc,increase_loss,cons_mean_weight,cons_std_weight,nan_acc,loss,acc,val_loss,val_acc
0,0,0,False,False,False,False,False,0,False,0,0,0,0,0,0,1.0671931505203247,0.625,0.8647787570953369,0.6857143044471741
0,0,0,False,False,False,False,False,0,False,0,0,0,0,1,0,1.0591771602630615,0.625,0.8564725518226624,0.6857143044471741
0,0,0,False,False,False,False,False,0,False,0,0,0,0,2,0,1.0483485460281372,0.61538464,0.8493406772613525,0.6857143044471741
0,0,0,False,False,False,False,False,0,False,0,0,0,0,3,0,1.0384767055511475,0.61538464,0.8419453501701355,0.6857143044471741
0,0,0,False,False,False,False,False,0,False,0,0,0,0,4,0,1.0276442766189575,0.61538464,0.8350998759269714,0.6857143044471741
