nan_loss,test_not_well,test_turn_bad,sc_accuracy,died_relu,vanish_gradient,explode_gradient,nan_gradient,large_weight,nan_weight,weight_change_little,decrease_acc,increase_loss,cons_mean_weight,cons_std_weight,nan_acc,loss,acc,val_loss,val_acc
0,0,0,False,False,False,False,False,0,False,0,0,0,0,0,0,0.6481593251228333,0.8076923,0.40185195207595825,0.8333333134651184
0,0,0,False,False,False,False,False,0,False,0,0,0,0,1,0,0.6306337118148804,0.8076923,0.38960927724838257,0.8333333134651184
0,0,0,False,False,False,False,False,0,False,0,0,0,0,2,0,0.6180400848388672,0.8076923,0.39005306363105774,0.8333333134651184
0,0,0,False,False,False,False,False,0,False,0,0,0,0,3,0,0.612913191318512,0.7692308,0.39619362354278564,0.8888888955116272
0,0,0,False,False,False,False,False,0,False,0,0,0,0,4,0,0.6105796098709106,0.7692308,0.3989960253238678,0.8888888955116272
