nan_loss,test_not_well,test_turn_bad,sc_accuracy,died_relu,vanish_gradient,explode_gradient,nan_gradient,large_weight,nan_weight,weight_change_little,decrease_acc,increase_loss,cons_mean_weight,cons_std_weight,nan_acc,loss,acc,val_loss,val_acc
0,0,0,False,False,False,False,False,0,False,0,0,0,0,0,0,0.7464274168014526,0.5576923,0.718472421169281,0.5714285969734192
0,0,0,False,False,False,False,False,0,False,0,0,0,0,1,0,0.7410727739334106,0.5576923,0.7237513065338135,0.5714285969734192
0,0,0,False,False,False,False,False,0,False,0,0,0,0,2,0,0.7332566976547241,0.5576923,0.7388319969177246,0.5142857432365417
0,0,0,False,False,False,False,False,0,False,0,0,0,0,3,0,0.7240759134292603,0.5673077,0.7670510411262512,0.5142857432365417
0,0,0,False,False,False,False,False,0,False,0,0,0,0,4,0,0.7213156819343567,0.58653843,0.7848183512687683,0.5142857432365417
