nan_loss,test_not_well,test_turn_bad,sc_accuracy,died_relu,vanish_gradient,explode_gradient,nan_gradient,large_weight,nan_weight,weight_change_little,decrease_acc,increase_loss,cons_mean_weight,cons_std_weight,nan_acc,loss,acc,val_loss,val_acc
0,0,0,False,False,False,False,False,0,False,0,0,0,0,0,0,1.1202142238616943,0.5480769,0.9904293417930603,0.48571428656578064
0,0,0,False,False,False,False,False,0,False,0,0,0,0,1,0,1.1097646951675415,0.5576923,0.9917540550231934,0.4571428596973419
0,0,0,False,False,False,False,False,0,False,0,0,0,0,2,0,1.0969939231872559,0.5576923,0.9880489706993103,0.4571428596973419
0,0,0,False,False,False,False,False,0,False,0,0,0,0,3,0,1.0836323499679565,0.5673077,0.9806005358695984,0.48571428656578064
0,0,0,False,False,False,False,False,0,False,0,0,0,0,4,0,1.0709298849105835,0.5480769,0.9714280366897583,0.48571428656578064
