nan_loss,test_not_well,test_turn_bad,sc_accuracy,died_relu,vanish_gradient,explode_gradient,nan_gradient,large_weight,nan_weight,weight_change_little,decrease_acc,increase_loss,cons_mean_weight,cons_std_weight,nan_acc,loss,acc,val_loss,val_acc
0,0,0,False,False,False,False,False,0,False,0,0,0,0,0,0,0.6300857067108154,0.71153843,0.6223270893096924,0.7777777910232544
0,0,0,False,False,False,False,False,0,False,0,0,0,0,1,0,1.0011636018753052,0.5769231,0.5044265389442444,0.8333333134651184
0,0,0,False,False,False,False,False,0,False,0,0,0,0,2,0,0.9080368876457214,0.59615386,0.5242888927459717,0.8333333134651184
0,0,0,False,False,False,False,False,0,False,0,0,0,0,3,0,0.8143621683120728,0.5769231,0.6061962246894836,0.6666666865348816
0,0,0,False,False,False,False,False,0,False,0,0,0,0,4,0,0.7087513208389282,0.61538464,0.6232830882072449,0.6666666865348816
