nan_loss,test_not_well,test_turn_bad,sc_accuracy,died_relu,vanish_gradient,explode_gradient,nan_gradient,large_weight,nan_weight,weight_change_little,decrease_acc,increase_loss,cons_mean_weight,cons_std_weight,nan_acc,loss,acc,val_loss,val_acc
0,0,0,False,False,False,False,False,0,False,0,0,0,0,0,0,0.7805279825742428,0.75961536,0.8173728823661804,0.7714285850524902
0,0,0,False,False,False,False,False,0,False,0,0,0,0,1,0,0.7681039434212905,0.75961536,0.8116414376667568,0.7714285850524902
0,0,0,False,False,False,False,False,0,False,0,0,0,0,2,0,0.7656662957026408,0.74038464,0.8165644577571324,0.7428571581840515
0,0,0,False,False,False,False,False,0,False,0,0,0,0,3,0,0.7637694432185247,0.74038464,0.8138617992401123,0.7714285850524902
0,0,0,False,False,False,False,False,0,False,0,0,0,0,4,0,0.7571254555995648,0.75961536,0.8164023263113839,0.7428571581840515
