nan_loss,test_not_well,test_turn_bad,sc_accuracy,died_relu,vanish_gradient,explode_gradient,nan_gradient,large_weight,nan_weight,weight_change_little,decrease_acc,increase_loss,cons_mean_weight,cons_std_weight,nan_acc,loss,acc,val_loss,val_acc
0,0,0,False,False,False,False,False,0,False,0,0,0,0,0,0,0.8534138936262864,0.74038464,0.775172209739685,0.7428571581840515
0,0,0,False,False,False,False,False,0,False,0,0,0,0,1,0,0.8175932535758386,0.75961536,0.7886678014482771,0.7714285850524902
0,0,0,False,False,False,False,False,0,False,0,0,0,0,2,0,0.8022421071162591,0.7692308,0.7763629334313529,0.7428571581840515
0,0,0,False,False,False,False,False,0,False,0,0,0,0,3,0,0.7936600905198318,0.75961536,0.7755124347550528,0.7428571581840515
0,0,0,False,False,False,False,False,0,False,0,0,0,0,4,0,0.7881122162708869,0.7692308,0.7802616494042532,0.7428571581840515
