nan_loss,test_not_well,test_turn_bad,sc_accuracy,died_relu,vanish_gradient,explode_gradient,nan_gradient,large_weight,nan_weight,weight_change_little,decrease_acc,increase_loss,cons_mean_weight,cons_std_weight,nan_acc,loss,acc,val_loss,val_acc
0,0,0,False,False,False,False,False,0,False,0,0,0,0,0,0,1.1462762172405536,0.5192308,1.1123230797903878,0.5142857432365417
0,0,0,False,False,False,False,False,0,False,0,0,0,0,1,0,1.1219048500061035,0.52884614,1.1360349893569945,0.5428571701049805
0,0,0,False,False,False,False,False,0,False,0,0,0,0,2,0,1.1039040455451379,0.5192308,0.9395720277513776,0.5714285969734192
0,0,0,False,False,False,False,False,0,False,0,0,0,0,3,0,1.0506204687632048,0.5576923,0.8888710600989206,0.5714285969734192
0,0,0,False,False,False,False,False,0,False,0,0,0,0,4,0,1.05258964575254,0.53846157,1.0727849687848772,0.5428571701049805
