nan_loss,test_not_well,test_turn_bad,sc_accuracy,died_relu,vanish_gradient,explode_gradient,nan_gradient,large_weight,nan_weight,weight_change_little,decrease_acc,increase_loss,cons_mean_weight,cons_std_weight,nan_acc,loss,acc,val_loss,val_acc
0,0,0,False,False,False,False,False,0,False,0,0,0,0,0,0,0.7318503856658936,0.74038464,0.7032861709594727,0.7714285850524902
0,0,0,False,False,False,False,False,0,False,0,0,0,0,1,0,0.724939227104187,0.75961536,0.7059385776519775,0.7714285850524902
0,0,0,False,False,False,False,False,0,False,0,0,0,0,2,0,0.72333824634552,0.7692308,0.7069455981254578,0.7714285850524902
0,0,0,False,False,False,False,False,0,False,0,0,0,0,3,0,0.7213321328163147,0.7692308,0.7063217163085938,0.7714285850524902
0,0,0,False,False,False,False,False,0,False,0,0,0,0,4,0,0.7179078459739685,0.7692308,0.7052732706069946,0.7428571581840515
