nan_loss,test_not_well,test_turn_bad,sc_accuracy,died_relu,vanish_gradient,explode_gradient,nan_gradient,large_weight,nan_weight,weight_change_little,decrease_acc,increase_loss,cons_mean_weight,cons_std_weight,nan_acc,loss,acc,val_loss,val_acc
0,0,0,False,False,False,False,False,0,False,0,0,0,0,0,0,0.6589809151796194,0.7019231,0.6726852655410767,0.7142857313156128
0,0,0,False,False,False,False,False,0,False,0,0,0,0,1,0,0.6444659874989436,0.6826923,0.685810387134552,0.800000011920929
0,0,0,False,False,False,False,False,0,False,0,0,0,0,2,0,0.649476789511167,0.6923077,0.6816088557243347,0.7428571581840515
0,0,0,False,False,False,False,False,0,False,0,0,0,0,3,0,0.631328468139355,0.71153843,0.6734287738800049,0.7714285850524902
0,0,0,False,False,False,False,False,0,False,0,0,0,0,4,0,0.6362761625876794,0.72115386,0.6680982112884521,0.6857143044471741
