nan_loss,test_not_well,test_turn_bad,sc_accuracy,died_relu,vanish_gradient,explode_gradient,nan_gradient,large_weight,nan_weight,weight_change_little,decrease_acc,increase_loss,cons_mean_weight,cons_std_weight,nan_acc,loss,acc,val_loss,val_acc
0,0,0,False,False,False,False,False,0,False,0,0,0,0,0,0,1.1500531435012817,0.53846157,1.0274800062179565,0.5142857432365417
0,0,0,False,False,False,False,False,0,False,0,0,0,0,1,0,1.1306315660476685,0.5576923,1.0487090349197388,0.5428571701049805
0,0,0,False,False,False,False,False,0,False,0,0,0,0,2,0,1.114438533782959,0.5192308,1.0654678344726562,0.5428571701049805
0,0,0,False,False,False,False,False,0,False,0,0,0,0,3,0,1.100602388381958,0.52884614,1.0758569240570068,0.5428571701049805
0,0,0,False,False,False,False,False,0,False,0,0,0,0,4,0,1.0883266925811768,0.5576923,1.0764636993408203,0.5428571701049805
