nan_loss,test_not_well,test_turn_bad,sc_accuracy,died_relu,vanish_gradient,explode_gradient,nan_gradient,large_weight,nan_weight,weight_change_little,decrease_acc,increase_loss,cons_mean_weight,cons_std_weight,nan_acc,loss,acc,val_loss,val_acc
0,0,0,False,False,False,False,False,0,False,0,0,0,0,0,0,0.6695100298294654,0.5576923,0.7191601991653442,0.48076921701431274
0,0,0,False,False,False,False,False,0,False,0,0,0,0,1,0,0.6675435915971414,0.5576923,0.7155777812004089,0.4423076808452606
0,0,0,False,False,False,False,False,0,False,0,0,0,0,2,0,0.6638749348811614,0.55128205,0.7180123925209045,0.48076921701431274
0,0,0,False,False,False,False,False,0,False,0,0,0,0,3,0,0.6622815361389747,0.55128205,0.7451016902923584,0.48076921701431274
0,0,0,False,False,False,False,False,0,False,0,0,0,0,4,0,0.6566405938221858,0.5576923,0.7640311121940613,0.4423076808452606
