nan_loss,test_not_well,test_turn_bad,sc_accuracy,died_relu,vanish_gradient,explode_gradient,nan_gradient,large_weight,nan_weight,weight_change_little,decrease_acc,increase_loss,cons_mean_weight,cons_std_weight,nan_acc,loss,acc,val_loss,val_acc
0,0,0,False,False,False,False,False,0,False,0,0,0,0,0,0,1.573697805404663,0.625,1.3138762712478638,0.6857143044471741
0,0,0,False,False,False,False,False,0,False,0,0,0,0,1,0,1.5697969198226929,0.63461536,1.3137649297714233,0.6857143044471741
0,0,0,False,False,False,False,False,0,False,0,0,0,0,2,0,1.5650837421417236,0.6442308,1.3127328157424927,0.6857143044471741
0,0,0,False,False,False,False,False,0,False,0,0,0,0,3,0,1.5600852966308594,0.6442308,1.3107234239578247,0.6857143044471741
0,0,0,False,False,False,False,False,0,False,0,0,0,0,4,0,1.554876446723938,0.6442308,1.3076978921890259,0.6857143044471741
