nan_loss,test_not_well,test_turn_bad,sc_accuracy,died_relu,vanish_gradient,explode_gradient,nan_gradient,large_weight,nan_weight,weight_change_little,decrease_acc,increase_loss,cons_mean_weight,cons_std_weight,nan_acc,loss,acc,val_loss,val_acc
0,0,0,False,False,False,False,False,0,False,0,0,0,0,0,0,1.527239441871643,0.625,1.2904757261276245,0.6857143044471741
0,0,0,False,False,False,False,False,0,False,0,0,0,0,1,0,1.5198771953582764,0.6442308,1.2804456949234009,0.6857143044471741
0,0,0,False,False,False,False,False,0,False,0,0,0,0,2,0,1.5135866403579712,0.65384614,1.2738431692123413,0.6857143044471741
0,0,0,False,False,False,False,False,0,False,0,0,0,0,3,0,1.5073755979537964,0.65384614,1.2691632509231567,0.6857143044471741
0,0,0,False,False,False,False,False,0,False,0,0,0,0,4,0,1.50100839138031,0.65384614,1.2655595541000366,0.6857143044471741
