nan_loss,test_not_well,test_turn_bad,sc_accuracy,died_relu,vanish_gradient,explode_gradient,nan_gradient,large_weight,nan_weight,weight_change_little,decrease_acc,increase_loss,cons_mean_weight,cons_std_weight,nan_acc,loss,acc,val_loss,val_acc
0,0,0,False,False,False,False,False,0,False,0,0,0,0,0,0,0.7015988230705261,0.6826923,0.5523635149002075,0.800000011920929
0,0,0,False,False,False,False,False,0,False,0,0,0,0,1,0,0.6779990792274475,0.71153843,0.5451693534851074,0.800000011920929
0,0,0,False,False,False,False,False,0,False,0,0,0,0,2,0,0.6609781980514526,0.74038464,0.5356478691101074,0.800000011920929
0,0,0,False,False,False,False,False,0,False,0,0,0,0,3,0,0.6501550674438477,0.75961536,0.5366664528846741,0.800000011920929
0,0,0,False,False,False,False,False,0,False,0,0,0,0,4,0,0.6414477825164795,0.75,0.5511044263839722,0.7714285850524902
