nan_loss,test_not_well,test_turn_bad,sc_accuracy,died_relu,vanish_gradient,explode_gradient,nan_gradient,large_weight,nan_weight,weight_change_little,decrease_acc,increase_loss,cons_mean_weight,cons_std_weight,nan_acc,loss,acc,val_loss,val_acc
0,0,0,False,False,False,False,False,0,False,0,0,0,0,0,0,0.7842936332409198,0.61538464,1.0045968294143677,0.6000000238418579
0,0,0,False,False,False,False,False,0,False,0,0,0,0,1,0,0.9283253229581393,0.50961536,0.9236661791801453,0.5142857432365417
0,0,0,False,False,False,False,False,0,False,0,0,0,0,2,0,0.7537490037771372,0.58653843,0.8950827121734619,0.5428571701049805
0,0,0,False,False,False,False,False,0,False,0,0,0,0,3,0,0.6688730074809148,0.61538464,0.7482306361198425,0.5714285969734192
0,0,0,False,False,False,False,False,0,False,0,0,0,0,4,0,0.6644083582437955,0.59615386,0.6472487449645996,0.7142857313156128
