nan_loss,test_not_well,test_turn_bad,sc_accuracy,died_relu,vanish_gradient,explode_gradient,nan_gradient,large_weight,nan_weight,weight_change_little,decrease_acc,increase_loss,cons_mean_weight,cons_std_weight,nan_acc,loss,acc,val_loss,val_acc
0,0,0,False,False,False,False,False,0,False,0,0,0,0,0,0,0.7318503856658936,0.74038464,0.7025947570800781,0.7714285850524902
0,0,0,False,False,False,False,False,0,False,0,0,0,0,1,0,0.7274788618087769,0.75961536,0.7035549283027649,0.7714285850524902
0,0,0,False,False,False,False,False,0,False,0,0,0,0,2,0,0.7243390679359436,0.75961536,0.7056064605712891,0.7714285850524902
0,0,0,False,False,False,False,False,0,False,0,0,0,0,3,0,0.7230827808380127,0.7692308,0.7069488763809204,0.7714285850524902
0,0,0,False,False,False,False,False,0,False,0,0,0,0,4,0,0.7217413187026978,0.7692308,0.7068929076194763,0.7714285850524902
