nan_loss,test_not_well,test_turn_bad,sc_accuracy,died_relu,vanish_gradient,explode_gradient,nan_gradient,large_weight,nan_weight,weight_change_little,decrease_acc,increase_loss,cons_mean_weight,cons_std_weight,nan_acc,loss,acc,val_loss,val_acc
0,0,0,False,False,False,False,False,0,False,0,0,0,0,0,0,0.6767085194587708,0.75,0.5038136839866638,0.800000011920929
0,0,0,False,False,False,False,False,0,False,0,0,0,0,1,0,0.6582964658737183,0.7692308,0.5351603031158447,0.7428571581840515
0,0,0,False,False,False,False,False,0,False,0,0,0,0,2,0,0.6504500508308411,0.77884614,0.5739268064498901,0.7428571581840515
0,0,0,False,False,False,False,False,0,False,0,0,0,0,3,0,0.6560227274894714,0.77884614,0.5843189358711243,0.7428571581840515
0,0,0,False,False,False,False,False,0,False,0,0,0,0,4,0,0.6570152044296265,0.7692308,0.5634787678718567,0.7428571581840515
