nan_loss,test_not_well,test_turn_bad,sc_accuracy,died_relu,vanish_gradient,explode_gradient,nan_gradient,large_weight,nan_weight,weight_change_little,decrease_acc,increase_loss,cons_mean_weight,cons_std_weight,nan_acc,loss,acc,val_loss,val_acc
0,0,0,False,False,False,False,False,0,False,0,0,0,0,0,0,2.1343620740450344,0.59615386,1.6489025354385376,0.5714285969734192
0,0,0,False,False,False,1,False,0,False,0,0,0,0,0,0,1.9949073791503906,0.61538464,1.768499732017517,0.48571428656578064
0,0,0,False,False,False,1,False,0,False,0,0,0,0,0,0,1.9822286459115834,0.5769231,1.6619014739990234,0.5428571701049805
0,0,0,False,False,False,1,False,0,False,0,0,0,0,0,0,1.7671760412362905,0.6057692,1.620301365852356,0.5142857432365417
0,0,0,False,False,False,1,False,0,False,0,0,0,0,0,0,1.6337261291650624,0.59615386,1.5780689716339111,0.5142857432365417
