nan_loss,test_not_well,test_turn_bad,sc_accuracy,died_relu,vanish_gradient,explode_gradient,nan_gradient,large_weight,nan_weight,weight_change_little,decrease_acc,increase_loss,cons_mean_weight,cons_std_weight,nan_acc,loss,acc,val_loss,val_acc
0,0,0,False,False,False,False,False,0,False,0,0,0,0,0,0,1.0581200122833252,0.50961536,0.9952258467674255,0.5428571701049805
0,0,0,False,False,False,False,False,0,False,0,0,0,0,1,0,0.8904762176366953,0.50961536,0.8596579432487488,0.5142857432365417
0,0,0,False,False,False,False,False,0,False,0,0,0,0,2,0,0.7667814859977136,0.5480769,0.9195960164070129,0.48571428656578064
0,0,0,False,False,False,False,False,0,False,0,0,0,0,3,0,0.7401294983350314,0.5673077,0.9127519130706787,0.48571428656578064
0,0,0,False,False,False,False,False,0,False,0,0,0,0,4,0,0.7092992204886216,0.59615386,0.9156078696250916,0.4571428596973419
