nan_loss,test_not_well,test_turn_bad,sc_accuracy,died_relu,vanish_gradient,explode_gradient,nan_gradient,large_weight,nan_weight,weight_change_little,decrease_acc,increase_loss,cons_mean_weight,cons_std_weight,nan_acc,loss,acc,val_loss,val_acc
0,0,0,False,False,False,False,False,0,False,0,0,0,0,0,0,0.6882155216657199,0.50961536,0.6804930567741394,0.5142857432365417
0,0,0,False,False,False,False,False,0,False,0,0,0,0,1,0,0.68488027040775,0.52884614,0.6815118193626404,0.5142857432365417
0,0,0,False,False,False,False,False,0,False,0,0,0,0,2,0,0.6830965280532837,0.50961536,0.6821935772895813,0.5428571701049805
0,0,0,False,False,False,False,False,0,False,0,0,0,0,3,0,0.6817372670540442,0.53846157,0.6832535862922668,0.5428571701049805
0,0,0,False,False,False,False,False,0,False,0,0,0,0,4,0,0.6810047947443448,0.52884614,0.6842129230499268,0.5142857432365417
