nan_loss,test_not_well,test_turn_bad,sc_accuracy,died_relu,vanish_gradient,explode_gradient,nan_gradient,large_weight,nan_weight,weight_change_little,decrease_acc,increase_loss,cons_mean_weight,cons_std_weight,nan_acc,loss,acc,val_loss,val_acc
0,0,0,False,False,False,False,False,0,False,0,0,0,0,0,0,1.1420646905899048,0.53846157,1.0394105911254883,0.48571428656578064
0,0,0,False,False,False,False,False,0,False,0,0,0,0,1,0,1.1266926527023315,0.53846157,1.0224725008010864,0.5142857432365417
0,0,0,False,False,False,False,False,0,False,0,0,0,0,2,0,1.1100963354110718,0.52884614,1.025754451751709,0.5428571701049805
0,0,0,False,False,False,False,False,0,False,0,0,0,0,3,0,1.092268466949463,0.5480769,1.045037865638733,0.6000000238418579
0,0,0,False,False,False,False,False,0,False,0,0,0,0,4,0,1.072797179222107,0.5480769,1.0716139078140259,0.5428571701049805
