nan_loss,test_not_well,test_turn_bad,sc_accuracy,died_relu,vanish_gradient,explode_gradient,nan_gradient,large_weight,nan_weight,weight_change_little,decrease_acc,increase_loss,cons_mean_weight,cons_std_weight,nan_acc,loss,acc,val_loss,val_acc
0,0,0,False,False,False,False,False,0,False,0,0,0,0,0,0,0.6123563647270203,0.6923077,0.5320010185241699,0.6857143044471741
0,0,0,False,False,False,False,False,0,False,0,0,0,0,1,0,0.5983979105949402,0.72115386,0.5362911820411682,0.6571428775787354
0,0,0,False,False,False,False,False,0,False,0,0,0,0,2,0,0.5842257142066956,0.72115386,0.5463375449180603,0.6571428775787354
0,0,0,False,False,False,False,False,0,False,0,0,0,0,3,0,0.5734944939613342,0.7307692,0.5626665353775024,0.6285714507102966
0,0,0,False,False,False,False,False,0,False,0,0,0,0,4,0,0.5672934651374817,0.74038464,0.5812798738479614,0.6285714507102966
