nan_loss,test_not_well,test_turn_bad,sc_accuracy,died_relu,vanish_gradient,explode_gradient,nan_gradient,large_weight,nan_weight,weight_change_little,decrease_acc,increase_loss,cons_mean_weight,cons_std_weight,nan_acc,loss,acc,val_loss,val_acc
0,0,0,False,False,False,False,False,0,False,0,0,0,0,0,0,1.015156865119934,0.5576923,0.9598190188407898,0.5714285969734192
0,0,0,False,False,False,False,False,0,False,0,0,0,0,1,0,1.0058541297912598,0.5576923,0.9436578154563904,0.5714285969734192
0,0,0,False,False,False,False,False,0,False,0,0,0,0,2,0,0.9929586052894592,0.5576923,0.9258980751037598,0.5714285969734192
0,0,0,False,False,False,False,False,0,False,0,0,0,0,3,0,0.977885365486145,0.5576923,0.9078764915466309,0.5714285969734192
0,0,0,False,False,False,False,False,0,False,0,0,0,0,4,0,0.9630375504493713,0.53846157,0.890574038028717,0.5714285969734192
