nan_loss,test_not_well,test_turn_bad,sc_accuracy,died_relu,vanish_gradient,explode_gradient,nan_gradient,large_weight,nan_weight,weight_change_little,decrease_acc,increase_loss,cons_mean_weight,cons_std_weight,nan_acc,loss,acc,val_loss,val_acc
0,0,0,False,False,False,False,False,0,False,0,0,0,0,0,0,1.034964891580435,0.5673077,0.7706991195678711,0.5142857432365417
0,0,0,False,False,False,False,False,0,False,0,0,0,0,1,0,0.9799251372997577,0.58653843,0.7842899424689157,0.5714285969734192
0,0,0,False,False,False,False,False,0,False,0,0,0,0,2,0,0.9087563523879418,0.59615386,0.8442838089806693,0.5428571701049805
0,0,0,False,False,False,False,False,0,False,0,0,0,0,3,0,0.8925396295694205,0.5673077,0.6675836086273194,0.6857143044471741
0,0,0,False,False,False,False,False,0,False,0,0,0,0,4,0,0.9015448551911575,0.52884614,0.8901580776487078,0.5142857432365417
