nan_loss,test_not_well,test_turn_bad,sc_accuracy,died_relu,vanish_gradient,explode_gradient,nan_gradient,large_weight,nan_weight,weight_change_little,decrease_acc,increase_loss,cons_mean_weight,cons_std_weight,nan_acc,loss,acc,val_loss,val_acc
0,0,0,False,False,False,False,False,0,False,0,0,0,0,0,0,0.6748695373535156,0.74038464,0.6312316656112671,0.7428571581840515
0,0,0,False,False,False,False,False,0,False,0,0,0,0,1,0,0.667979896068573,0.75,0.6316888332366943,0.7428571581840515
0,0,0,False,False,False,False,False,0,False,0,0,0,0,2,0,0.6615223288536072,0.75961536,0.6330174207687378,0.7714285850524902
0,0,0,False,False,False,False,False,0,False,0,0,0,0,3,0,0.6571856737136841,0.7692308,0.6359465718269348,0.7428571581840515
0,0,0,False,False,False,False,False,0,False,0,0,0,0,4,0,0.6547606587409973,0.75961536,0.640322208404541,0.7428571581840515
