nan_loss,test_not_well,test_turn_bad,sc_accuracy,died_relu,vanish_gradient,explode_gradient,nan_gradient,large_weight,nan_weight,weight_change_little,decrease_acc,increase_loss,cons_mean_weight,cons_std_weight,nan_acc,loss,acc,val_loss,val_acc
0,0,0,False,False,False,False,False,0,False,0,0,0,0,0,0,0.6766242614159217,0.73717946,0.567127525806427,0.7307692170143127
0,0,0,False,False,False,False,False,0,False,0,0,0,0,1,0,0.6677269064463102,0.74358976,0.5851442813873291,0.7692307829856873
0,0,0,False,False,False,False,False,0,False,0,0,0,0,2,0,0.6636199905322149,0.7307692,0.6049648523330688,0.7692307829856873
0,0,0,False,False,False,False,False,0,False,0,0,0,0,3,0,0.6605886144515796,0.74358976,0.6204375624656677,0.7692307829856873
0,0,0,False,False,False,False,False,0,False,0,0,0,0,4,0,0.6622497500517429,0.74358976,0.6309207677841187,0.7692307829856873
