nan_loss,test_not_well,test_turn_bad,sc_accuracy,died_relu,vanish_gradient,explode_gradient,nan_gradient,large_weight,nan_weight,weight_change_little,decrease_acc,increase_loss,cons_mean_weight,cons_std_weight,nan_acc,loss,acc,val_loss,val_acc
0,0,0,False,False,False,False,False,0,False,0,0,0,0,0,0,0.6308605946027316,0.72115386,0.5214445659092495,0.800000011920929
0,0,0,False,False,False,False,False,0,False,0,0,0,0,1,0,0.5878245051090534,0.74038464,0.5387825267655509,0.800000011920929
0,0,0,False,False,False,False,False,0,False,0,0,0,0,2,0,0.5747515329947839,0.75,0.5774551170212882,0.7714285850524902
0,0,0,False,False,False,False,False,0,False,0,0,0,0,3,0,0.5927387567666861,0.71153843,0.5869703071457999,0.800000011920929
0,0,0,False,False,False,False,False,0,False,0,0,0,0,4,0,0.5796187886824975,0.74038464,0.5393589002745492,0.7714285850524902
