nan_loss,test_not_well,test_turn_bad,sc_accuracy,died_relu,vanish_gradient,explode_gradient,nan_gradient,large_weight,nan_weight,weight_change_little,decrease_acc,increase_loss,cons_mean_weight,cons_std_weight,nan_acc,loss,acc,val_loss,val_acc
0,0,0,False,False,False,False,False,0,False,0,0,0,0,0,0,1.1912157535552979,0.52884614,1.0514978170394897,0.5142857432365417
0,0,0,False,False,False,False,False,0,False,0,0,0,0,1,0,1.1859674453735352,0.52884614,1.0531891584396362,0.5142857432365417
0,0,0,False,False,False,False,False,0,False,0,0,0,0,2,0,1.1792457103729248,0.5192308,1.0552972555160522,0.5142857432365417
0,0,0,False,False,False,False,False,0,False,0,0,0,0,3,0,1.1719462871551514,0.52884614,1.057761788368225,0.5142857432365417
0,0,0,False,False,False,False,False,0,False,0,0,0,0,4,0,1.1646106243133545,0.53846157,1.0604209899902344,0.5142857432365417
