nan_loss,test_not_well,test_turn_bad,sc_accuracy,died_relu,vanish_gradient,explode_gradient,nan_gradient,large_weight,nan_weight,weight_change_little,decrease_acc,increase_loss,cons_mean_weight,cons_std_weight,nan_acc,loss,acc,val_loss,val_acc
0,0,0,False,False,False,False,False,0,False,0,0,0,0,0,0,0.6042752235363691,0.6923077,0.5289848446846008,0.7307692170143127
0,0,0,False,False,False,False,False,0,False,0,0,0,0,1,0,0.5974537271719712,0.67948717,0.5167747139930725,0.7692307829856873
0,0,0,False,False,False,False,False,0,False,0,0,0,0,2,0,0.6012624379916068,0.6858974,0.5084702968597412,0.7692307829856873
0,0,0,False,False,False,False,False,0,False,0,0,0,0,3,0,0.6027877025115185,0.6858974,0.5069466829299927,0.7884615659713745
0,0,0,False,False,False,False,False,0,False,0,0,0,0,4,0,0.6017190416653951,0.6923077,0.514192521572113,0.7884615659713745
