nan_loss,test_not_well,test_turn_bad,sc_accuracy,died_relu,vanish_gradient,explode_gradient,nan_gradient,large_weight,nan_weight,weight_change_little,decrease_acc,increase_loss,cons_mean_weight,cons_std_weight,nan_acc,loss,acc,val_loss,val_acc
0,0,0,False,False,False,False,False,0,False,0,0,0,0,0,0,0.8016998385771726,0.7051282,0.5930829644203186,0.807692289352417
0,0,0,False,False,False,False,False,0,False,0,0,0,0,1,0,0.7851885037544446,0.7051282,0.5994067192077637,0.807692289352417
0,0,0,False,False,False,False,False,0,False,0,0,0,0,2,0,0.7751410038043292,0.74358976,0.6119544506072998,0.7692307829856873
0,0,0,False,False,False,False,False,0,False,0,0,0,0,3,0,0.7715276999351306,0.71794873,0.6259942650794983,0.807692289352417
0,0,0,False,False,False,False,False,0,False,0,0,0,0,4,0,0.7791496958488073,0.71794873,0.634423017501831,0.807692289352417
