nan_loss,test_not_well,test_turn_bad,sc_accuracy,died_relu,vanish_gradient,explode_gradient,nan_gradient,large_weight,nan_weight,weight_change_little,decrease_acc,increase_loss,cons_mean_weight,cons_std_weight,nan_acc,loss,acc,val_loss,val_acc
0,0,0,False,False,1,False,False,1,False,0,0,0,0,0,0,0.7073742747306824,0.5192308,0.7269608378410339,0.4571428596973419
0,0,0,False,False,2,False,False,2,False,0,0,0,2,5,0,0.7035561800003052,0.5192308,0.7190678119659424,0.4571428596973419
0,0,0,False,False,3,False,False,3,False,0,0,0,5,9,0,0.6994750499725342,0.5192308,0.7114201188087463,0.4571428596973419
0,0,0,False,False,4,False,False,4,False,0,0,0,7,13,0,0.6960365772247314,0.5192308,0.7043976187705994,0.4571428596973419
0,0,0,False,False,5,False,False,5,False,0,0,0,8,16,0,0.6935845613479614,0.5192308,0.6980663537979126,0.4571428596973419
