nan_loss,test_not_well,test_turn_bad,sc_accuracy,died_relu,vanish_gradient,explode_gradient,nan_gradient,large_weight,nan_weight,weight_change_little,decrease_acc,increase_loss,cons_mean_weight,cons_std_weight,nan_acc,loss,acc,val_loss,val_acc
0,0,0,False,False,False,False,False,0,False,0,0,0,0,0,0,0.8930291395920974,0.78846157,0.5006001380582651,0.7777777910232544
0,0,0,False,False,False,False,False,0,False,0,0,0,0,1,0,0.88800383072633,0.71153843,0.48809950136476093,0.8333333134651184
0,0,0,False,False,False,False,False,0,False,0,0,0,0,2,0,0.870700900371258,0.7692308,0.4867299364672767,0.8333333134651184
0,0,0,False,False,False,False,False,0,False,0,0,0,0,3,0,0.8545411916879507,0.7692308,0.4906127088599735,0.8888888955116272
0,0,0,False,False,False,False,False,0,False,0,0,0,0,4,0,0.8450932686145489,0.8076923,0.5087358206510544,0.8333333134651184
