nan_loss,test_not_well,test_turn_bad,sc_accuracy,died_relu,vanish_gradient,explode_gradient,nan_gradient,large_weight,nan_weight,weight_change_little,decrease_acc,increase_loss,cons_mean_weight,cons_std_weight,nan_acc,loss,acc,val_loss,val_acc
0,0,0,False,False,False,False,False,0,False,0,0,0,0,0,0,0.672267496585846,0.58653843,0.718187689781189,0.4571428596973419
0,0,0,False,False,False,False,False,0,False,0,0,0,0,1,0,0.6644687652587891,0.59615386,0.7273260354995728,0.4285714328289032
0,0,0,False,False,False,False,False,0,False,0,0,0,0,2,0,0.6642431616783142,0.5673077,0.7304154634475708,0.4285714328289032
0,0,0,False,False,False,False,False,0,False,0,0,0,0,3,0,0.6630975008010864,0.5576923,0.7287575602531433,0.4285714328289032
0,0,0,False,False,False,False,False,0,False,0,0,0,0,5,0,0.657626748085022,0.5769231,0.7189681529998779,0.4285714328289032
