nan_loss,test_not_well,test_turn_bad,sc_accuracy,died_relu,vanish_gradient,explode_gradient,nan_gradient,large_weight,nan_weight,weight_change_little,decrease_acc,increase_loss,cons_mean_weight,cons_std_weight,nan_acc,loss,acc,val_loss,val_acc
0,0,0,False,False,False,False,False,0,False,0,0,0,0,0,0,0.8394662141799927,0.53846157,0.9038336873054504,0.4571428596973419
0,0,0,False,False,False,False,False,0,False,0,0,0,0,1,0,0.7858364582061768,0.59615386,0.8854737281799316,0.4285714328289032
0,0,0,False,False,False,False,False,0,False,0,0,0,0,2,0,0.7427661418914795,0.6057692,0.877860426902771,0.4571428596973419
0,0,0,False,False,False,False,False,0,False,0,0,0,0,3,0,0.7296741008758545,0.59615386,0.8684293627738953,0.4571428596973419
0,0,0,False,False,False,False,False,0,False,0,0,0,0,4,0,0.7349371314048767,0.5769231,0.8584182858467102,0.4571428596973419
