nan_loss,test_not_well,test_turn_bad,sc_accuracy,died_relu,vanish_gradient,explode_gradient,nan_gradient,large_weight,nan_weight,weight_change_little,decrease_acc,increase_loss,cons_mean_weight,cons_std_weight,nan_acc,loss,acc,val_loss,val_acc
0,0,0,False,False,False,False,False,0,False,0,0,0,0,0,0,0.8775289761714447,0.71794873,0.7246526089998392,0.7884615659713745
0,0,0,False,False,False,False,False,0,False,0,0,0,0,1,0,0.8602457199341211,0.71153843,0.7132551028178289,0.807692289352417
0,0,0,False,False,False,False,False,0,False,0,0,0,0,2,0,0.8563402004731007,0.71153843,0.7229593075238742,0.7692307829856873
0,0,0,False,False,False,False,False,0,False,0,0,0,0,3,0,0.8489034084173349,0.71153843,0.7235967195951022,0.7884615659713745
0,0,0,False,False,False,False,False,0,False,0,0,0,0,4,0,0.8339795577220428,0.7307692,0.6821595957646003,0.7692307829856873
