nan_loss,test_not_well,test_turn_bad,sc_accuracy,died_relu,vanish_gradient,explode_gradient,nan_gradient,large_weight,nan_weight,weight_change_little,decrease_acc,increase_loss,cons_mean_weight,cons_std_weight,nan_acc,loss,acc,val_loss,val_acc
0,0,0,False,False,False,False,False,0,False,0,0,0,0,0,0,0.7318503856658936,0.74038464,0.7025980949401855,0.7714285850524902
0,0,0,False,False,False,False,False,0,False,0,0,0,0,1,0,0.7272826433181763,0.75961536,0.7037372589111328,0.7714285850524902
0,0,0,False,False,False,False,False,0,False,0,0,0,0,2,0,0.7241661548614502,0.75961536,0.7059254050254822,0.7714285850524902
0,0,0,False,False,False,False,False,0,False,0,0,0,0,3,0,0.722996711730957,0.7692308,0.7071316242218018,0.7714285850524902
0,0,0,False,False,False,False,False,0,False,0,0,0,0,4,0,0.7214238047599792,0.7692308,0.7068365812301636,0.7714285850524902
