nan_loss,test_not_well,test_turn_bad,sc_accuracy,died_relu,vanish_gradient,explode_gradient,nan_gradient,large_weight,nan_weight,weight_change_little,decrease_acc,increase_loss,cons_mean_weight,cons_std_weight,nan_acc,loss,acc,val_loss,val_acc
0,0,0,False,False,False,False,False,0,False,0,0,0,0,0,0,0.715676316848168,0.7307692,0.7840266823768616,0.6571428775787354
0,0,0,False,False,False,False,False,0,False,0,0,0,0,1,0,0.6765128007301917,0.66346157,0.7222749590873718,0.6857143044471741
0,0,0,False,False,False,False,False,0,False,0,0,0,0,2,0,0.6417645720335153,0.72115386,0.7166850566864014,0.7142857313156128
0,0,0,False,False,False,False,False,0,False,0,0,0,0,3,0,0.6550429784334623,0.6923077,0.7181637287139893,0.7142857313156128
0,0,0,False,False,False,False,False,0,False,0,0,0,0,4,0,0.6411708409969623,0.74038464,0.7144056558609009,0.7428571581840515
