nan_loss,test_not_well,test_turn_bad,sc_accuracy,died_relu,vanish_gradient,explode_gradient,nan_gradient,large_weight,nan_weight,weight_change_little,decrease_acc,increase_loss,cons_mean_weight,cons_std_weight,nan_acc,loss,acc,val_loss,val_acc
0,0,0,False,False,False,False,False,0,False,0,0,0,0,0,0,0.7348108887672424,0.5673077,0.6443418860435486,0.5714285969734192
0,0,0,False,False,False,False,False,0,False,0,0,0,0,1,0,0.6825789213180542,0.625,0.6393043398857117,0.5428571701049805
0,0,0,False,False,False,False,False,0,False,0,0,0,0,2,0,0.657813310623169,0.63461536,0.6721053719520569,0.5428571701049805
0,0,0,False,False,False,False,False,0,False,0,0,0,0,3,0,0.6798833608627319,0.61538464,0.6815569996833801,0.5428571701049805
0,0,0,False,False,False,False,False,0,False,0,0,0,0,4,0,0.6945782899856567,0.6057692,0.6646254658699036,0.5428571701049805
