nan_loss,test_not_well,test_turn_bad,sc_accuracy,died_relu,vanish_gradient,explode_gradient,nan_gradient,large_weight,nan_weight,weight_change_little,decrease_acc,increase_loss,cons_mean_weight,cons_std_weight,nan_acc,loss,acc,val_loss,val_acc
0,0,0,False,False,False,False,False,0,False,0,0,0,0,0,0,0.7464766685779278,0.66346157,0.7254928946495056,0.7142857313156128
0,0,0,False,False,False,False,False,0,False,0,0,0,0,1,0,0.655318232683035,0.71153843,0.7239165306091309,0.7142857313156128
0,0,0,False,False,False,False,False,0,False,0,0,0,0,2,0,0.6569223266381484,0.71153843,0.7240756154060364,0.7142857313156128
0,0,0,False,False,False,False,False,0,False,0,0,0,0,3,0,0.6739089488983154,0.6826923,0.7174655199050903,0.6857143044471741
0,0,0,False,False,False,False,False,0,False,0,0,0,0,4,0,0.6575396244342511,0.6923077,0.7134044170379639,0.6857143044471741
