nan_loss,test_not_well,test_turn_bad,sc_accuracy,died_relu,vanish_gradient,explode_gradient,nan_gradient,large_weight,nan_weight,weight_change_little,decrease_acc,increase_loss,cons_mean_weight,cons_std_weight,nan_acc,loss,acc,val_loss,val_acc
0,0,0,False,False,False,False,False,0,False,0,0,0,0,0,0,0.8600607804763012,0.724359,0.6319476136794457,0.807692289352417
0,0,0,False,False,False,False,False,0,False,0,0,0,0,1,0,0.8386097076611642,0.7307692,0.6566144411380475,0.807692289352417
0,0,0,False,False,False,False,False,0,False,0,0,0,0,2,0,0.8285526419297243,0.74358976,0.6530713438987732,0.807692289352417
0,0,0,False,False,False,False,False,0,False,0,0,0,0,3,0,0.8275982450980407,0.7307692,0.6438897481331458,0.807692289352417
0,0,0,False,False,False,False,False,0,False,0,0,0,0,4,0,0.8208674734983689,0.7307692,0.6542040476432214,0.807692289352417
