nan_loss,test_not_well,test_turn_bad,sc_accuracy,died_relu,vanish_gradient,explode_gradient,nan_gradient,large_weight,nan_weight,weight_change_little,decrease_acc,increase_loss,cons_mean_weight,cons_std_weight,nan_acc,loss,acc,val_loss,val_acc
0,0,0,False,False,False,False,False,0,False,0,0,0,0,0,0,0.7237377166748047,0.78846157,0.46054813265800476,0.8333333134651184
0,0,0,False,False,False,False,False,0,False,0,0,0,0,1,0,0.7175389528274536,0.78846157,0.4640062153339386,0.7777777910232544
0,0,0,False,False,False,False,False,0,False,0,0,0,0,2,0,0.7134307622909546,0.78846157,0.4649812877178192,0.7777777910232544
0,0,0,False,False,False,False,False,0,False,0,0,0,0,3,0,0.7095654010772705,0.78846157,0.46407249569892883,0.7777777910232544
0,0,0,False,False,False,False,False,0,False,0,0,0,0,4,0,0.7058395147323608,0.78846157,0.4623130261898041,0.7777777910232544
