nan_loss,test_not_well,test_turn_bad,sc_accuracy,died_relu,vanish_gradient,explode_gradient,nan_gradient,large_weight,nan_weight,weight_change_little,decrease_acc,increase_loss,cons_mean_weight,cons_std_weight,nan_acc,loss,acc,val_loss,val_acc
0,0,0,False,False,False,False,False,0,False,0,0,0,0,0,0,0.6440551280975342,0.7307692,0.6386658549308777,0.7714285850524902
0,0,0,False,False,False,False,False,0,False,0,0,0,0,1,0,0.6410345435142517,0.74038464,0.6386244297027588,0.7428571581840515
0,0,0,False,False,False,False,False,0,False,0,0,0,0,2,0,0.6388975381851196,0.75,0.6388201117515564,0.7428571581840515
0,0,0,False,False,False,False,False,0,False,0,0,0,0,3,0,0.636929452419281,0.74038464,0.6390354633331299,0.7428571581840515
0,0,0,False,False,False,False,False,0,False,0,0,0,0,4,0,0.6347642540931702,0.74038464,0.6395795345306396,0.7428571581840515
