nan_loss,test_not_well,test_turn_bad,sc_accuracy,died_relu,vanish_gradient,explode_gradient,nan_gradient,large_weight,nan_weight,weight_change_little,decrease_acc,increase_loss,cons_mean_weight,cons_std_weight,nan_acc,loss,acc,val_loss,val_acc
0,0,0,False,False,False,False,False,0,False,0,0,0,0,0,0,0.6123563051223755,0.6923077,0.5319836735725403,0.6857143044471741
0,0,0,False,False,False,False,False,0,False,0,0,0,0,1,0,0.5985110998153687,0.72115386,0.5365904569625854,0.6571428775787354
0,0,0,False,False,False,False,False,0,False,0,0,0,0,2,0,0.5836549401283264,0.72115386,0.5478072166442871,0.6571428775787354
0,0,0,False,False,False,False,False,0,False,0,0,0,0,3,0,0.5726555585861206,0.7307692,0.5664772987365723,0.6285714507102966
0,0,0,False,False,False,False,False,0,False,0,0,0,0,4,0,0.5666300654411316,0.74038464,0.5872729420661926,0.6285714507102966
