nan_loss,test_not_well,test_turn_bad,sc_accuracy,died_relu,vanish_gradient,explode_gradient,nan_gradient,large_weight,nan_weight,weight_change_little,decrease_acc,increase_loss,cons_mean_weight,cons_std_weight,nan_acc,loss,acc,val_loss,val_acc
0,0,0,False,False,False,False,False,0,False,0,0,0,0,0,0,1.059555172920227,0.59615386,0.8235652446746826,0.7142857313156128
0,0,0,False,False,False,False,False,0,False,0,0,0,0,1,0,1.0335218906402588,0.61538464,0.8295148611068726,0.7142857313156128
0,0,0,False,False,False,False,False,0,False,0,0,0,0,2,0,1.0168839693069458,0.61538464,0.8255254030227661,0.7142857313156128
0,0,0,False,False,False,False,False,0,False,0,0,0,0,3,0,1.004947543144226,0.625,0.8123791217803955,0.7142857313156128
0,0,0,False,False,False,False,False,0,False,0,0,0,0,4,0,0.9968281388282776,0.65384614,0.7970811724662781,0.7142857313156128
