nan_loss,test_not_well,test_turn_bad,sc_accuracy,died_relu,vanish_gradient,explode_gradient,nan_gradient,large_weight,nan_weight,weight_change_little,decrease_acc,increase_loss,cons_mean_weight,cons_std_weight,nan_acc,loss,acc,val_loss,val_acc
0,0,0,False,False,False,False,False,0,False,0,0,0,0,0,0,1.3157013654708862,0.625,0.9986512064933777,0.6857143044471741
0,0,0,False,False,False,False,False,0,False,0,0,0,0,1,0,1.3123514652252197,0.63461536,0.9947711229324341,0.6857143044471741
0,0,0,False,False,False,False,False,0,False,0,0,0,0,2,0,1.3084027767181396,0.63461536,0.9893827438354492,0.6571428775787354
0,0,0,False,False,False,False,False,0,False,0,0,0,0,3,0,1.3042899370193481,0.6442308,0.9825560450553894,0.6571428775787354
0,0,0,False,False,False,False,False,0,False,0,0,0,0,4,0,1.3000634908676147,0.6442308,0.9748927354812622,0.6857143044471741
