nan_loss,test_not_well,test_turn_bad,sc_accuracy,died_relu,vanish_gradient,explode_gradient,nan_gradient,large_weight,nan_weight,weight_change_little,decrease_acc,increase_loss,cons_mean_weight,cons_std_weight,nan_acc,loss,acc,val_loss,val_acc
0,0,0,False,False,False,False,False,0,False,0,0,0,0,0,0,0.6791271567344666,0.7019231,0.5599612593650818,0.800000011920929
0,0,0,False,False,False,False,False,0,False,0,0,0,0,1,0,0.6504186987876892,0.7307692,0.5510132908821106,0.7428571581840515
0,0,0,False,False,False,False,False,0,False,0,0,0,0,3,0,0.639701783657074,0.74038464,0.5632374882698059,0.7428571581840515
0,0,0,False,False,False,False,False,0,False,0,0,0,0,4,0,0.6450012922286987,0.75961536,0.5769216418266296,0.6857143044471741
0,0,0,False,False,False,False,False,0,False,0,0,0,0,5,0,0.6408590078353882,0.75961536,0.5842340588569641,0.6857143044471741
