nan_loss,test_not_well,test_turn_bad,sc_accuracy,died_relu,vanish_gradient,explode_gradient,nan_gradient,large_weight,nan_weight,weight_change_little,decrease_acc,increase_loss,cons_mean_weight,cons_std_weight,nan_acc,loss,acc,val_loss,val_acc
0,0,0,False,False,False,False,False,0,False,0,0,0,0,0,0,0.7692680358886719,0.59615386,0.8802666664123535,0.4571428596973419
0,0,0,False,False,False,False,False,0,False,0,0,0,0,1,0,0.8379773635130662,0.53846157,0.7978164553642273,0.5142857432365417
0,0,0,False,False,False,False,False,0,False,0,0,0,0,2,0,0.8083106187673715,0.4903846,0.8962039351463318,0.37142857909202576
0,0,0,False,False,False,False,False,0,False,0,0,0,0,3,0,0.7476600591952984,0.5673077,0.7006058692932129,0.6571428775787354
0,0,0,False,False,False,False,False,0,False,0,0,0,0,4,0,0.7431588218762324,0.50961536,0.729365885257721,0.5428571701049805
