nan_loss,test_not_well,test_turn_bad,sc_accuracy,died_relu,vanish_gradient,explode_gradient,nan_gradient,large_weight,nan_weight,weight_change_little,decrease_acc,increase_loss,cons_mean_weight,cons_std_weight,nan_acc,loss,acc,val_loss,val_acc
0,0,0,False,False,False,False,False,0,False,0,0,0,0,0,0,1.0801126956939697,0.4903846,1.0440845489501953,0.48571428656578064
0,0,0,False,False,False,False,False,0,False,0,0,0,0,1,0,1.0605196952819824,0.52884614,0.9908310770988464,0.48571428656578064
0,0,0,False,False,False,False,False,0,False,0,0,0,0,2,0,1.0421509742736816,0.52884614,0.964051365852356,0.5142857432365417
0,0,0,False,False,False,False,False,0,False,0,0,0,0,3,0,1.0223177671432495,0.52884614,0.9613832831382751,0.5428571701049805
0,0,0,False,False,False,False,False,0,False,0,0,0,0,4,0,1.0002572536468506,0.5576923,0.9808018207550049,0.5714285969734192
