nan_loss,test_not_well,test_turn_bad,sc_accuracy,died_relu,vanish_gradient,explode_gradient,nan_gradient,large_weight,nan_weight,weight_change_little,decrease_acc,increase_loss,cons_mean_weight,cons_std_weight,nan_acc,loss,acc,val_loss,val_acc
0,0,0,False,False,False,False,False,0,False,0,0,0,0,0,0,0.6756701331872207,0.7307692,0.5710304975509644,0.7692307829856873
0,0,0,False,False,False,False,False,0,False,0,0,0,0,1,0,0.6666091741659702,0.74358976,0.5899325609207153,0.7692307829856873
0,0,0,False,False,False,False,False,0,False,0,0,0,0,2,0,0.6661902161744925,0.7307692,0.602346658706665,0.7692307829856873
0,0,0,False,False,False,False,False,0,False,0,0,0,0,3,0,0.665308877443656,0.73717946,0.6053577661514282,0.7692307829856873
0,0,0,False,False,False,False,False,0,False,0,0,0,0,4,0,0.6610446343055139,0.75641024,0.6101111769676208,0.7692307829856873
