nan_loss,test_not_well,test_turn_bad,sc_accuracy,died_relu,vanish_gradient,explode_gradient,nan_gradient,large_weight,nan_weight,weight_change_little,decrease_acc,increase_loss,cons_mean_weight,cons_std_weight,nan_acc,loss,acc,val_loss,val_acc
0,0,0,False,False,False,False,False,0,False,0,0,0,0,0,0,1.8899403352003832,0.61538464,1.6122566189084735,0.6571428775787354
0,0,0,False,False,False,False,False,0,False,0,0,0,0,1,0,1.834408870110145,0.625,1.5618551662990026,0.6857143044471741
0,0,0,False,False,False,False,False,0,False,0,0,0,0,2,0,1.7914016430194561,0.61538464,1.5348259687423706,0.7142857313156128
0,0,0,False,False,False,False,False,0,False,0,0,0,0,3,0,1.728243772800152,0.61538464,1.4730382408414568,0.6857143044471741
0,0,0,False,False,False,False,False,0,False,0,0,0,0,4,0,1.6751179236632128,0.6442308,1.4206322090966361,0.6857143044471741
