nan_loss,test_not_well,test_turn_bad,sc_accuracy,died_relu,vanish_gradient,explode_gradient,nan_gradient,large_weight,nan_weight,weight_change_little,decrease_acc,increase_loss,cons_mean_weight,cons_std_weight,nan_acc,loss,acc,val_loss,val_acc
0,0,0,False,False,False,False,False,0,False,0,0,0,0,0,0,0.8061939477920532,0.44230768,0.7134936451911926,0.6571428775787354
0,0,0,False,False,False,False,False,0,False,0,0,0,0,1,0,0.7940741181373596,0.45192307,0.6989430785179138,0.6571428775787354
0,0,0,False,False,False,False,False,0,False,0,0,0,0,2,0,0.7788201570510864,0.47115386,0.6675466299057007,0.7142857313156128
0,0,0,False,False,False,False,False,0,False,0,0,0,0,3,0,0.7637956142425537,0.4903846,0.6642045974731445,0.6857143044471741
0,0,0,False,False,False,False,False,0,False,0,0,0,0,4,0,0.7624152302742004,0.5,0.6671096086502075,0.6000000238418579
