nan_loss,test_not_well,test_turn_bad,sc_accuracy,died_relu,vanish_gradient,explode_gradient,nan_gradient,large_weight,nan_weight,weight_change_little,decrease_acc,increase_loss,cons_mean_weight,cons_std_weight,nan_acc,loss,acc,val_loss,val_acc
0,0,0,False,False,False,False,False,0,False,0,0,0,0,0,0,1.6274088621139526,0.61538464,1.3938864469528198,0.6857143044471741
0,0,0,False,False,False,False,False,0,False,0,0,0,0,1,0,1.6210784912109375,0.61538464,1.384563684463501,0.6571428775787354
0,0,0,False,False,False,False,False,0,False,0,0,0,0,2,0,1.613195538520813,0.61538464,1.3753535747528076,0.6571428775787354
0,0,0,False,False,False,False,False,0,False,0,0,0,0,3,0,1.6049292087554932,0.61538464,1.3666613101959229,0.6571428775787354
0,0,0,False,False,False,False,False,0,False,0,0,0,0,4,0,1.5969511270523071,0.625,1.3590967655181885,0.6571428775787354
