nan_loss,test_not_well,test_turn_bad,sc_accuracy,died_relu,vanish_gradient,explode_gradient,nan_gradient,large_weight,nan_weight,weight_change_little,decrease_acc,increase_loss,cons_mean_weight,cons_std_weight,nan_acc,loss,acc,val_loss,val_acc
0,0,0,False,False,False,False,False,0,False,0,0,0,0,0,0,1.1385501898252046,0.48076922,0.841799259185791,0.6857143044471741
0,0,0,False,False,False,False,False,0,False,0,0,0,0,1,0,0.9242242987339313,0.53846157,0.8709326386451721,0.5714285969734192
0,0,0,False,False,False,False,False,0,False,0,0,0,0,2,0,0.7922033713414118,0.5,0.9017540216445923,0.48571428656578064
0,0,0,False,False,False,False,False,0,False,0,0,0,0,3,0,0.7276526597829965,0.5480769,0.8768265843391418,0.5142857432365417
0,0,0,False,False,False,False,False,0,False,0,0,0,0,4,0,0.6997994184494019,0.5769231,0.8885233402252197,0.48571428656578064
