nan_loss,test_not_well,test_turn_bad,sc_accuracy,died_relu,vanish_gradient,explode_gradient,nan_gradient,large_weight,nan_weight,weight_change_little,decrease_acc,increase_loss,cons_mean_weight,cons_std_weight,nan_acc,loss,acc,val_loss,val_acc
0,0,0,False,False,False,False,False,0,False,0,0,0,0,0,0,0.6317539215087891,0.7307692,0.5770033597946167,0.800000011920929
0,0,0,False,False,False,False,False,0,False,0,0,0,0,1,0,0.6204836964607239,0.77884614,0.5783631205558777,0.7714285850524902
0,0,0,False,False,False,False,False,0,False,0,0,0,0,2,0,0.6145378947257996,0.77884614,0.5772449970245361,0.7714285850524902
0,0,0,False,False,False,False,False,0,False,0,0,0,0,3,0,0.606971800327301,0.7692308,0.5769112706184387,0.800000011920929
0,0,0,False,False,False,False,False,0,False,0,0,0,0,4,0,0.600188136100769,0.77884614,0.5785729885101318,0.7428571581840515
