nan_loss,test_not_well,test_turn_bad,sc_accuracy,died_relu,vanish_gradient,explode_gradient,nan_gradient,large_weight,nan_weight,weight_change_little,decrease_acc,increase_loss,cons_mean_weight,cons_std_weight,nan_acc,loss,acc,val_loss,val_acc
0,0,0,False,False,False,False,False,0,False,0,0,0,0,0,0,0.9021000938537793,0.6923077,0.7140302726855645,0.7692307829856873
0,0,0,False,False,False,False,False,0,False,0,0,0,0,1,0,0.8657289468325101,0.724359,0.6843241705344274,0.807692289352417
0,0,0,False,False,False,False,False,0,False,0,0,0,0,2,0,0.8459880856367258,0.69871795,0.7112147670525771,0.7692307829856873
0,0,0,False,False,False,False,False,0,False,0,0,0,0,3,0,0.8396067374791855,0.73717946,0.6579832342954782,0.807692289352417
0,0,0,False,False,False,False,False,0,False,0,0,0,0,4,0,0.8451057978165455,0.7051282,0.691311396085299,0.807692289352417
