nan_loss,test_not_well,test_turn_bad,sc_accuracy,died_relu,vanish_gradient,explode_gradient,nan_gradient,large_weight,nan_weight,weight_change_little,decrease_acc,increase_loss,cons_mean_weight,cons_std_weight,nan_acc,loss,acc,val_loss,val_acc
0,0,0,False,False,False,False,False,0,False,0,0,0,0,0,0,0.6958855986595154,0.72115386,0.5595951676368713,0.800000011920929
0,0,0,False,False,False,False,False,0,False,0,0,0,0,1,0,0.6918839812278748,0.7307692,0.5540033578872681,0.8285714387893677
0,0,0,False,False,False,False,False,0,False,0,0,0,0,2,0,0.687616229057312,0.7307692,0.5550692677497864,0.8285714387893677
0,0,0,False,False,False,False,False,0,False,0,0,0,0,3,0,0.6834942698478699,0.74038464,0.5639039278030396,0.800000011920929
0,0,0,False,False,False,False,False,0,False,0,0,0,0,4,0,0.679941713809967,0.74038464,0.5798857808113098,0.7714285850524902
