nan_loss,test_not_well,test_turn_bad,sc_accuracy,died_relu,vanish_gradient,explode_gradient,nan_gradient,large_weight,nan_weight,weight_change_little,decrease_acc,increase_loss,cons_mean_weight,cons_std_weight,nan_acc,loss,acc,val_loss,val_acc
0,0,0,False,False,False,False,False,0,False,0,0,0,0,0,0,0.9476110935211182,0.5673077,0.7692340016365051,0.6857143044471741
0,0,0,False,False,False,False,False,0,False,0,0,0,0,1,0,0.8806323454930232,0.59615386,0.740605354309082,0.6857143044471741
0,0,0,False,False,False,False,False,0,False,0,0,0,0,2,0,0.8496418641163752,0.59615386,0.721940279006958,0.6857143044471741
0,0,0,False,False,False,False,False,0,False,0,0,0,0,3,0,0.823193724338825,0.6057692,0.6970078945159912,0.6857143044471741
0,0,0,False,False,False,False,False,0,False,0,0,0,0,4,0,0.8062577843666077,0.59615386,0.673947274684906,0.6857143044471741
