nan_loss,test_not_well,test_turn_bad,sc_accuracy,died_relu,vanish_gradient,explode_gradient,nan_gradient,large_weight,nan_weight,weight_change_little,decrease_acc,increase_loss,cons_mean_weight,cons_std_weight,nan_acc,loss,acc,val_loss,val_acc
0,0,0,False,False,False,False,False,0,False,0,0,0,0,0,0,1.895715933579665,0.61538464,1.586829594203404,0.6571428775787354
0,0,0,False,False,False,False,False,0,False,0,0,0,0,1,0,1.8527042590654814,0.61538464,1.5910602944237846,0.6571428775787354
0,0,0,False,False,False,False,False,0,False,0,0,0,0,2,0,1.8290096750626197,0.61538464,1.53961889062609,0.6571428775787354
0,0,0,False,False,False,False,False,0,False,0,0,0,0,3,0,1.8032157787909875,0.625,1.5370699746268137,0.6571428775787354
0,0,0,False,False,False,False,False,0,False,0,0,0,0,4,0,1.7778782110947828,0.61538464,1.500854652268546,0.6571428775787354
