nan_loss,test_not_well,test_turn_bad,sc_accuracy,died_relu,vanish_gradient,explode_gradient,nan_gradient,large_weight,nan_weight,weight_change_little,decrease_acc,increase_loss,cons_mean_weight,cons_std_weight,nan_acc,loss,acc,val_loss,val_acc
0,0,0,False,False,False,False,False,0,False,0,0,0,0,0,0,0.7398630380630493,0.7692308,0.41095003485679626,0.7777777910232544
0,0,0,False,False,False,False,False,0,False,0,0,0,0,1,0,0.731127142906189,0.78846157,0.395263135433197,0.8333333134651184
0,0,0,False,False,False,False,False,0,False,0,0,0,0,2,0,0.7235615849494934,0.8076923,0.3876233398914337,0.8888888955116272
0,0,0,False,False,False,False,False,0,False,0,0,0,0,3,0,0.7183374166488647,0.8076923,0.3898340165615082,0.8888888955116272
0,0,0,False,False,False,False,False,0,False,0,0,0,0,4,0,0.7143431305885315,0.78846157,0.3993089497089386,0.8888888955116272
