nan_loss,test_not_well,test_turn_bad,sc_accuracy,died_relu,vanish_gradient,explode_gradient,nan_gradient,large_weight,nan_weight,weight_change_little,decrease_acc,increase_loss,cons_mean_weight,cons_std_weight,nan_acc,loss,acc,val_loss,val_acc
0,0,0,False,False,False,False,False,0,False,0,0,0,0,0,0,0.7637698864325498,0.7307692,0.6500723361968994,0.7692307829856873
0,0,0,False,False,False,False,False,0,False,0,0,0,0,1,0,0.7566556105246911,0.73717946,0.6595230102539062,0.7692307829856873
0,0,0,False,False,False,False,False,0,False,0,0,0,0,2,0,0.7544372005340381,0.76282054,0.6701530814170837,0.7307692170143127
0,0,0,False,False,False,False,False,0,False,0,0,0,0,3,0,0.7535850176444421,0.7692308,0.6811348795890808,0.7307692170143127
0,0,0,False,False,False,False,False,0,False,0,0,0,0,4,0,0.7548804726356115,0.7692308,0.6855878233909607,0.7307692170143127
