nan_loss,test_not_well,test_turn_bad,sc_accuracy,died_relu,vanish_gradient,explode_gradient,nan_gradient,large_weight,nan_weight,weight_change_little,decrease_acc,increase_loss,cons_mean_weight,cons_std_weight,nan_acc,loss,acc,val_loss,val_acc
0,0,0,False,False,False,False,False,0,False,0,0,0,0,0,0,0.8061939477920532,0.44230768,0.7037336230278015,0.6571428775787354
0,0,0,False,False,False,False,False,0,False,0,0,0,0,1,0,0.7817782759666443,0.47115386,0.665704607963562,0.7142857313156128
0,0,0,False,False,False,False,False,0,False,0,0,0,0,2,0,0.7623123526573181,0.4903846,0.6651144623756409,0.6571428775787354
0,0,0,False,False,False,False,False,0,False,0,0,0,0,3,0,0.7641161680221558,0.4903846,0.6682513952255249,0.5428571701049805
0,0,0,False,False,False,False,False,0,False,0,0,0,0,4,0,0.7629771828651428,0.48076922,0.6724259257316589,0.48571428656578064
