nan_loss,test_not_well,test_turn_bad,sc_accuracy,died_relu,vanish_gradient,explode_gradient,nan_gradient,large_weight,nan_weight,weight_change_little,decrease_acc,increase_loss,cons_mean_weight,cons_std_weight,nan_acc,loss,acc,val_loss,val_acc
0,0,0,False,False,False,False,False,0,False,0,0,0,0,0,0,1.1021485328674316,0.5673077,0.8553934693336487,0.6857143044471741
0,0,0,False,False,False,False,False,0,False,0,0,0,0,1,0,1.0800575017929077,0.6057692,0.8296507596969604,0.6857143044471741
0,0,0,False,False,False,False,False,0,False,0,0,0,0,2,0,1.0599303245544434,0.61538464,0.8092214465141296,0.6857143044471741
0,0,0,False,False,False,False,False,0,False,0,0,0,0,3,0,1.0447725057601929,0.625,0.7996172904968262,0.6857143044471741
0,0,0,False,False,False,False,False,0,False,0,0,0,0,4,0,1.031725525856018,0.6442308,0.7964373230934143,0.6857143044471741
