nan_loss,test_not_well,test_turn_bad,sc_accuracy,died_relu,vanish_gradient,explode_gradient,nan_gradient,large_weight,nan_weight,weight_change_little,decrease_acc,increase_loss,cons_mean_weight,cons_std_weight,nan_acc,loss,acc,val_loss,val_acc
0,0,0,False,False,False,False,False,0,False,0,0,0,0,0,0,1.0130678415298462,0.6826923,0.9148546457290649,0.6857143044471741
0,0,0,False,False,False,False,False,0,False,0,0,0,0,1,0,0.9991441369056702,0.6923077,0.9101893305778503,0.6857143044471741
0,0,0,False,False,False,False,False,0,False,0,0,0,0,2,0,0.9879599213600159,0.6923077,0.9075985550880432,0.7142857313156128
0,0,0,False,False,False,False,False,0,False,0,0,0,0,3,0,0.9829980134963989,0.66346157,0.906924307346344,0.7142857313156128
0,0,0,False,False,False,False,False,0,False,0,0,0,0,4,0,0.9816993474960327,0.66346157,0.9051215052604675,0.7142857313156128
