nan_loss,test_not_well,test_turn_bad,sc_accuracy,died_relu,vanish_gradient,explode_gradient,nan_gradient,large_weight,nan_weight,weight_change_little,decrease_acc,increase_loss,cons_mean_weight,cons_std_weight,nan_acc,loss,acc,val_loss,val_acc
0,0,0,False,False,False,False,False,0,False,0,0,0,0,0,0,0.6619302034378052,0.6442308,0.7064084410667419,0.6857143044471741
0,0,0,False,False,False,False,False,0,False,0,0,0,0,1,0,0.6557101607322693,0.63461536,0.6983527541160583,0.7142857313156128
0,0,0,False,False,False,False,False,0,False,0,0,0,0,2,0,0.649046778678894,0.6442308,0.6919038891792297,0.6857143044471741
0,0,0,False,False,False,False,False,0,False,0,0,0,0,3,0,0.6432490944862366,0.6442308,0.6875176429748535,0.6857143044471741
0,0,0,False,False,False,False,False,0,False,0,0,0,0,4,0,0.6387608051300049,0.61538464,0.6846376657485962,0.7142857313156128
