nan_loss,test_not_well,test_turn_bad,sc_accuracy,died_relu,vanish_gradient,explode_gradient,nan_gradient,large_weight,nan_weight,weight_change_little,decrease_acc,increase_loss,cons_mean_weight,cons_std_weight,nan_acc,loss,acc,val_loss,val_acc
0,0,0,False,False,False,False,False,0,False,0,0,0,0,0,0,0.6686967061116145,0.73717946,0.5885313749313354,0.7307692170143127
0,0,0,False,False,False,False,False,0,False,0,0,0,0,1,0,0.6651921883607522,0.75641024,0.6410229802131653,0.7307692170143127
0,0,0,False,False,False,False,False,0,False,0,0,0,0,2,0,0.6663663738813156,0.74358976,0.6036317944526672,0.7692307829856873
0,0,0,False,False,False,False,False,0,False,0,0,0,0,3,0,0.657627726212526,0.76282054,0.5716807842254639,0.7692307829856873
0,0,0,False,False,False,False,False,0,False,0,0,0,0,4,0,0.6592047122808603,0.724359,0.5164111852645874,0.8461538553237915
