nan_loss,test_not_well,test_turn_bad,sc_accuracy,died_relu,vanish_gradient,explode_gradient,nan_gradient,large_weight,nan_weight,weight_change_little,decrease_acc,increase_loss,cons_mean_weight,cons_std_weight,nan_acc,loss,acc,val_loss,val_acc
0,0,0,False,False,False,False,False,0,False,0,0,0,0,0,0,0.681110891012045,0.52884614,0.6969342231750488,0.4285714328289032
0,0,0,False,False,False,False,False,0,False,0,0,0,0,1,0,0.6803677586408762,0.53846157,0.6974346041679382,0.4285714328289032
0,0,0,False,False,False,False,False,0,False,0,0,0,0,2,0,0.6800146882350628,0.5480769,0.6981657147407532,0.4285714328289032
0,0,0,False,False,False,False,False,0,False,0,0,0,0,3,0,0.6795775294303894,0.53846157,0.6977948546409607,0.4285714328289032
0,0,0,False,False,False,False,False,0,False,0,0,0,0,4,0,0.6795456317754892,0.53846157,0.6977682113647461,0.4571428596973419
