nan_loss,test_not_well,test_turn_bad,sc_accuracy,died_relu,vanish_gradient,explode_gradient,nan_gradient,large_weight,nan_weight,weight_change_little,decrease_acc,increase_loss,cons_mean_weight,cons_std_weight,nan_acc,loss,acc,val_loss,val_acc
0,0,0,False,False,False,False,False,0,False,0,0,0,0,0,0,1.3157013654708862,0.625,0.9986007809638977,0.6857143044471741
0,0,0,False,False,False,False,False,0,False,0,0,0,0,1,0,1.3122895956039429,0.63461536,0.9947870373725891,0.6857143044471741
0,0,0,False,False,False,False,False,0,False,0,0,0,0,2,0,1.3084282875061035,0.63461536,0.9896644353866577,0.6571428775787354
0,0,0,False,False,False,False,False,0,False,0,0,0,0,3,0,1.3045146465301514,0.6442308,0.9833467602729797,0.6571428775787354
0,0,0,False,False,False,False,False,0,False,0,0,0,0,4,0,1.300576090812683,0.6442308,0.976361870765686,0.6857143044471741
