nan_loss,test_not_well,test_turn_bad,sc_accuracy,died_relu,vanish_gradient,explode_gradient,nan_gradient,large_weight,nan_weight,weight_change_little,decrease_acc,increase_loss,cons_mean_weight,cons_std_weight,nan_acc,loss,acc,val_loss,val_acc
0,0,0,False,False,False,False,False,0,False,0,0,0,0,0,0,0.8723584321828989,0.7692308,0.46331364206141895,0.8333333134651184
0,0,0,False,False,False,False,False,0,False,0,0,0,0,1,0,0.8620042434105506,0.7692308,0.43076233855552143,0.8888888955116272
0,0,0,False,False,False,False,False,0,False,0,0,0,0,2,0,0.851604075385974,0.7692308,0.4356042324668831,0.8333333134651184
0,0,0,False,False,False,False,False,0,False,0,0,0,0,3,0,0.83583258665525,0.7692308,0.46540646130839985,0.8333333134651184
0,0,0,False,False,False,False,False,0,False,0,0,0,0,4,0,0.8227972525816697,0.8076923,0.47313125307361287,0.8333333134651184
