nan_loss,test_not_well,test_turn_bad,sc_accuracy,died_relu,vanish_gradient,explode_gradient,nan_gradient,large_weight,nan_weight,weight_change_little,decrease_acc,increase_loss,cons_mean_weight,cons_std_weight,nan_acc,loss,acc,val_loss,val_acc
0,0,0,False,False,False,False,False,0,False,0,0,0,0,0,0,0.8702170848846436,0.78846157,0.44471439719200134,0.7777777910232544
0,0,0,False,False,False,False,False,0,False,0,0,0,0,1,0,0.8501082200270432,0.78846157,0.4624103009700775,0.8888888955116272
0,0,0,False,False,False,False,False,0,False,0,0,0,0,2,0,0.8412014887883112,0.78846157,0.4657248854637146,0.8888888955116272
0,0,0,False,False,False,False,False,0,False,0,0,0,0,3,0,0.8277968443357028,0.78846157,0.46898916363716125,0.8888888955116272
0,0,0,False,False,False,False,False,0,False,0,0,0,0,4,0,0.8223764529595008,0.78846157,0.45835575461387634,0.8333333134651184
