nan_loss,test_not_well,test_turn_bad,sc_accuracy,died_relu,vanish_gradient,explode_gradient,nan_gradient,large_weight,nan_weight,weight_change_little,decrease_acc,increase_loss,cons_mean_weight,cons_std_weight,nan_acc,loss,acc,val_loss,val_acc
0,0,0,False,False,False,False,False,0,False,0,0,0,0,0,0,1.0801125764846802,0.4903846,1.0431767702102661,0.48571428656578064
0,0,0,False,False,False,False,False,0,False,0,0,0,0,1,0,1.0602656602859497,0.52884614,0.9892101883888245,0.48571428656578064
0,0,0,False,False,False,False,False,0,False,0,0,0,0,2,0,1.0416055917739868,0.52884614,0.9627466201782227,0.5142857432365417
0,0,0,False,False,False,False,False,0,False,0,0,0,0,3,0,1.0212575197219849,0.52884614,0.9612407088279724,0.5428571701049805
0,0,0,False,False,False,False,False,0,False,0,0,0,0,4,0,0.9987016916275024,0.5576923,0.9828925132751465,0.5714285969734192
