nan_loss,test_not_well,test_turn_bad,sc_accuracy,died_relu,vanish_gradient,explode_gradient,nan_gradient,large_weight,nan_weight,weight_change_little,decrease_acc,increase_loss,cons_mean_weight,cons_std_weight,nan_acc,loss,acc,val_loss,val_acc
0,0,0,False,False,False,False,False,0,False,0,0,0,0,0,0,1.0684763193130493,0.53846157,1.0196664333343506,0.5142857432365417
0,0,0,False,False,False,False,False,0,False,0,0,0,0,1,0,1.06527578830719,0.52884614,1.0230656862258911,0.5142857432365417
0,0,0,False,False,False,False,False,0,False,0,0,0,0,2,0,1.0613353252410889,0.52884614,1.0257681608200073,0.5142857432365417
0,0,0,False,False,False,False,False,0,False,0,0,0,0,3,0,1.0571796894073486,0.5192308,1.026955246925354,0.5142857432365417
0,0,0,False,False,False,False,False,0,False,0,0,0,0,4,0,1.0530049800872803,0.5192308,1.0264896154403687,0.5142857432365417
