nan_loss,test_not_well,test_turn_bad,sc_accuracy,died_relu,vanish_gradient,explode_gradient,nan_gradient,large_weight,nan_weight,weight_change_little,decrease_acc,increase_loss,cons_mean_weight,cons_std_weight,nan_acc,loss,acc,val_loss,val_acc
0,0,0,False,False,False,False,False,0,False,0,0,0,0,0,0,0.7240031957626343,0.7692308,0.7855803370475769,0.7142857313156128
0,0,0,False,False,False,False,False,0,False,0,0,0,0,1,0,0.7170514464378357,0.7692308,0.7790755033493042,0.7142857313156128
0,0,0,False,False,False,False,False,0,False,0,0,0,0,2,0,0.7102097868919373,0.75961536,0.7744717597961426,0.7428571581840515
0,0,0,False,False,False,False,False,0,False,0,0,0,0,3,0,0.7050244212150574,0.7692308,0.7723642587661743,0.7428571581840515
0,0,0,False,False,False,False,False,0,False,0,0,0,0,4,0,0.7020583748817444,0.75961536,0.7721630930900574,0.7428571581840515
