nan_loss,test_not_well,test_turn_bad,sc_accuracy,died_relu,vanish_gradient,explode_gradient,nan_gradient,large_weight,nan_weight,weight_change_little,decrease_acc,increase_loss,cons_mean_weight,cons_std_weight,nan_acc,loss,acc,val_loss,val_acc
0,0,0,False,False,False,False,False,0,False,0,0,0,0,0,0,1.3458216098638682,0.52884614,1.0891403913497926,0.5142857432365417
0,0,0,False,False,False,False,False,0,False,0,0,0,0,1,0,1.3181242392613337,0.52884614,1.1176636729921614,0.5142857432365417
0,0,0,False,False,False,False,False,0,False,0,0,0,0,2,0,1.3063925137886634,0.50961536,1.125132427896772,0.5142857432365417
0,0,0,False,False,False,False,False,0,False,0,0,0,0,3,0,1.2845165546123798,0.52884614,1.1168216705322265,0.5142857432365417
0,0,0,False,False,False,False,False,0,False,0,0,0,0,4,0,1.2714107128290029,0.5673077,1.1335263422557287,0.5428571701049805
