nan_loss,test_not_well,test_turn_bad,sc_accuracy,died_relu,vanish_gradient,explode_gradient,nan_gradient,large_weight,nan_weight,weight_change_little,decrease_acc,increase_loss,cons_mean_weight,cons_std_weight,nan_acc,loss,acc,val_loss,val_acc
0,0,0,False,False,False,False,False,0,False,0,0,0,0,0,0,0.8004062298016671,0.7051282,0.5928812623023987,0.8269230723381042
0,0,0,False,False,False,False,False,0,False,0,0,0,0,1,0,0.7852930671129471,0.724359,0.5972288846969604,0.807692289352417
0,0,0,False,False,False,False,False,0,False,0,0,0,0,2,0,0.7748213471510471,0.73717946,0.601101815700531,0.7692307829856873
0,0,0,False,False,False,False,False,0,False,0,0,0,0,3,0,0.7735352623157012,0.71794873,0.6086978912353516,0.7692307829856873
0,0,0,False,False,False,False,False,0,False,0,0,0,0,4,0,0.7717557152112325,0.71794873,0.6191360950469971,0.7692307829856873
