nan_loss,test_not_well,test_turn_bad,sc_accuracy,died_relu,vanish_gradient,explode_gradient,nan_gradient,large_weight,nan_weight,weight_change_little,decrease_acc,increase_loss,cons_mean_weight,cons_std_weight,nan_acc,loss,acc,val_loss,val_acc
0,0,0,False,False,False,False,False,0,False,0,0,0,0,0,0,1.0719748368630042,0.5,1.0443869829177856,0.5714285969734192
0,0,0,False,False,False,False,False,0,False,0,0,0,0,1,0,0.9018810895773081,0.5576923,0.9581689238548279,0.4571428596973419
0,0,0,False,False,False,False,False,0,False,0,0,0,0,2,0,0.7632647615212661,0.58653843,0.9551566243171692,0.4571428596973419
0,0,0,False,False,False,False,False,0,False,0,0,0,0,3,0,0.7164835517223065,0.6057692,0.8315880298614502,0.6000000238418579
0,0,0,False,False,False,False,False,0,False,0,0,0,0,4,0,0.6995239624610314,0.61538464,0.8195420503616333,0.5714285969734192
