nan_loss,test_not_well,test_turn_bad,sc_accuracy,died_relu,vanish_gradient,explode_gradient,nan_gradient,large_weight,nan_weight,weight_change_little,decrease_acc,increase_loss,cons_mean_weight,cons_std_weight,nan_acc,loss,acc,val_loss,val_acc
0,0,0,False,False,False,False,False,0,False,0,0,0,0,0,0,0.7128859162330627,0.74038464,0.4822571873664856,0.7714285850524902
0,0,0,False,False,False,False,False,0,False,0,0,0,0,1,0,0.7081822752952576,0.74038464,0.48843422532081604,0.800000011920929
0,0,0,False,False,False,False,False,0,False,0,0,0,0,2,0,0.7030274271965027,0.75,0.4963529407978058,0.800000011920929
0,0,0,False,False,False,False,False,0,False,0,0,0,0,3,0,0.6985511183738708,0.75961536,0.5049536824226379,0.800000011920929
0,0,0,False,False,False,False,False,0,False,0,0,0,0,4,0,0.6951287388801575,0.77884614,0.5132108330726624,0.7714285850524902
