nan_loss,test_not_well,test_turn_bad,sc_accuracy,died_relu,vanish_gradient,explode_gradient,nan_gradient,large_weight,nan_weight,weight_change_little,decrease_acc,increase_loss,cons_mean_weight,cons_std_weight,nan_acc,loss,acc,val_loss,val_acc
0,0,0,False,False,1,False,False,1,False,0,0,0,0,0,0,0.6992034316062927,0.53846157,0.7526899576187134,0.3888888955116272
0,0,0,False,False,2,False,False,2,False,0,0,0,2,5,0,0.6963068842887878,0.53846157,0.7404959797859192,0.3888888955116272
0,0,0,False,False,3,False,False,3,False,0,0,0,3,9,0,0.6933832764625549,0.53846157,0.7279014587402344,0.3888888955116272
0,0,0,False,False,4,False,False,4,False,0,0,0,5,13,0,0.6912148594856262,0.53846157,0.7149382829666138,0.3888888955116272
0,0,0,False,False,5,False,False,5,False,0,0,0,6,17,0,0.6902013421058655,0.53846157,0.6894078254699707,0.6111111044883728
