nan_loss,test_not_well,test_turn_bad,sc_accuracy,died_relu,vanish_gradient,explode_gradient,nan_gradient,large_weight,nan_weight,weight_change_little,decrease_acc,increase_loss,cons_mean_weight,cons_std_weight,nan_acc,loss,acc,val_loss,val_acc
0,0,0,False,False,False,False,False,0,False,0,0,0,0,0,0,1.0909650325775146,0.47115386,1.0897451639175415,0.6000000238418579
0,0,0,False,False,False,False,False,0,False,0,0,0,0,1,0,1.090957522392273,0.47115386,1.0897393226623535,0.6000000238418579
0,0,0,False,False,False,False,False,0,False,0,0,0,0,1,0,1.090950608253479,0.47115386,1.0897337198257446,0.6000000238418579
0,0,0,False,False,False,False,False,0,False,0,0,0,0,2,0,1.0909440517425537,0.47115386,1.0897283554077148,0.6000000238418579
0,0,0,False,False,False,False,False,0,False,0,0,0,0,3,0,1.0909374952316284,0.47115386,1.089722752571106,0.6000000238418579
