nan_loss,test_not_well,test_turn_bad,sc_accuracy,died_relu,vanish_gradient,explode_gradient,nan_gradient,large_weight,nan_weight,weight_change_little,decrease_acc,increase_loss,cons_mean_weight,cons_std_weight,nan_acc,loss,acc,val_loss,val_acc
0,0,0,False,False,False,False,False,0,False,0,0,0,0,0,0,0.6808481812477112,0.78846157,0.4024084806442261,0.7777777910232544
0,0,0,False,False,False,False,False,0,False,0,0,0,0,1,0,0.6599840521812439,0.78846157,0.38419023156166077,0.8333333134651184
0,0,0,False,False,False,False,False,0,False,0,0,0,0,2,0,0.6411823630332947,0.8076923,0.3850811719894409,0.8333333134651184
0,0,0,False,False,False,False,False,0,False,0,0,0,0,3,0,0.629523515701294,0.8076923,0.40424588322639465,0.8333333134651184
0,0,0,False,False,False,False,False,0,False,0,0,0,0,4,0,0.6286036372184753,0.78846157,0.41801074147224426,0.8888888955116272
