nan_loss,test_not_well,test_turn_bad,sc_accuracy,died_relu,vanish_gradient,explode_gradient,nan_gradient,large_weight,nan_weight,weight_change_little,decrease_acc,increase_loss,cons_mean_weight,cons_std_weight,nan_acc,loss,acc,val_loss,val_acc
0,0,0,False,False,False,False,False,0,False,0,0,0,0,0,0,0.6748695373535156,0.74038464,0.6312308311462402,0.7428571581840515
0,0,0,False,False,False,False,False,0,False,0,0,0,0,1,0,0.6676308512687683,0.75961536,0.6317219734191895,0.7428571581840515
0,0,0,False,False,False,False,False,0,False,0,0,0,0,2,0,0.6612202525138855,0.75961536,0.6331098675727844,0.7714285850524902
0,0,0,False,False,False,False,False,0,False,0,0,0,0,3,0,0.6570582985877991,0.7692308,0.6360077857971191,0.7428571581840515
0,0,0,False,False,False,False,False,0,False,0,0,0,0,4,0,0.6547111868858337,0.77884614,0.64013671875,0.7428571581840515
