nan_loss,test_not_well,test_turn_bad,sc_accuracy,died_relu,vanish_gradient,explode_gradient,nan_gradient,large_weight,nan_weight,weight_change_little,decrease_acc,increase_loss,cons_mean_weight,cons_std_weight,nan_acc,loss,acc,val_loss,val_acc
0,0,0,False,False,False,False,False,0,False,0,0,0,0,0,0,1.5272393226623535,0.625,1.2977542877197266,0.6857143044471741
0,0,0,False,False,False,False,False,0,False,0,0,0,0,1,0,1.5234801769256592,0.63461536,1.289396047592163,0.6857143044471741
0,0,0,False,False,False,False,False,0,False,0,0,0,0,2,0,1.5190011262893677,0.6442308,1.2819201946258545,0.6857143044471741
0,0,0,False,False,False,False,False,0,False,0,0,0,0,3,0,1.5142019987106323,0.65384614,1.2758495807647705,0.6857143044471741
0,0,0,False,False,False,False,False,0,False,0,0,0,0,4,0,1.5090147256851196,0.65384614,1.2709730863571167,0.6857143044471741
