nan_loss,test_not_well,test_turn_bad,sc_accuracy,died_relu,vanish_gradient,explode_gradient,nan_gradient,large_weight,nan_weight,weight_change_little,decrease_acc,increase_loss,cons_mean_weight,cons_std_weight,nan_acc,loss,acc,val_loss,val_acc
0,0,0,False,False,False,False,False,0,False,0,0,0,0,0,0,0.7686672210693359,0.7692308,0.47629180550575256,0.7777777910232544
0,0,0,False,False,False,False,False,0,False,0,0,0,0,1,0,0.7660021185874939,0.78846157,0.4781273305416107,0.7777777910232544
0,0,0,False,False,False,False,False,0,False,0,0,0,0,2,0,0.7629711627960205,0.78846157,0.47815337777137756,0.8333333134651184
0,0,0,False,False,False,False,False,0,False,0,0,0,0,3,0,0.7597817778587341,0.78846157,0.47664397954940796,0.8333333134651184
0,0,0,False,False,False,False,False,0,False,0,0,0,0,4,0,0.7565402984619141,0.78846157,0.47433531284332275,0.8333333134651184
