nan_loss,test_not_well,test_turn_bad,sc_accuracy,died_relu,vanish_gradient,explode_gradient,nan_gradient,large_weight,nan_weight,weight_change_little,decrease_acc,increase_loss,cons_mean_weight,cons_std_weight,nan_acc,loss,acc,val_loss,val_acc
0,0,0,False,False,False,False,False,1,False,0,0,0,0,0,0,0.9866653084754944,0.46153846,1.4403783082962036,0.34285715222358704
0,0,0,False,False,False,False,False,2,False,0,0,0,0,0,0,1.2841606140136719,0.31730768,1.287966012954712,0.4571428596973419
0,0,0,False,False,False,False,False,3,False,0,0,0,0,0,0,1.621551513671875,0.39423078,1.108788013458252,0.4285714328289032
0,0,0,False,False,False,False,False,4,False,0,0,0,0,0,0,1.1728932857513428,0.375,1.0228345394134521,0.37142857909202576
0,0,0,False,False,False,False,False,5,False,0,0,0,0,0,0,1.0300581455230713,0.48076922,1.261033535003662,0.4285714328289032
