nan_loss,test_not_well,test_turn_bad,sc_accuracy,died_relu,vanish_gradient,explode_gradient,nan_gradient,large_weight,nan_weight,weight_change_little,decrease_acc,increase_loss,cons_mean_weight,cons_std_weight,nan_acc,loss,acc,val_loss,val_acc
0,0,0,False,False,False,False,False,0,False,0,0,0,0,0,0,0.8394662141799927,0.53846157,0.8903799057006836,0.4571428596973419
0,0,0,False,False,False,False,False,0,False,0,0,0,0,1,0,0.7527738213539124,0.59615386,0.8785912394523621,0.4571428596973419
0,0,0,False,False,False,False,False,0,False,0,0,0,0,2,0,0.7301416993141174,0.6057692,0.8681029677391052,0.4571428596973419
0,0,0,False,False,False,False,False,0,False,0,0,0,0,3,0,0.7322560548782349,0.5769231,0.8573348522186279,0.4571428596973419
0,0,0,False,False,False,False,False,0,False,0,0,0,0,4,0,0.727444052696228,0.5769231,0.8417556285858154,0.4571428596973419
