nan_loss,test_not_well,test_turn_bad,sc_accuracy,died_relu,vanish_gradient,explode_gradient,nan_gradient,large_weight,nan_weight,weight_change_little,decrease_acc,increase_loss,cons_mean_weight,cons_std_weight,nan_acc,loss,acc,val_loss,val_acc
0,0,0,False,False,False,False,False,0,False,0,0,0,0,0,0,1.0362167358398438,0.44230768,0.8528016209602356,0.5428571701049805
0,0,0,False,False,False,False,False,0,False,0,0,0,0,1,0,1.0099704265594482,0.42307693,0.8355058431625366,0.5428571701049805
0,0,0,False,False,False,False,False,0,False,0,0,0,0,2,0,0.9859927296638489,0.39423078,0.8171220421791077,0.5428571701049805
0,0,0,False,False,False,False,False,0,False,0,0,0,0,3,0,0.9575364589691162,0.40384614,0.8011528849601746,0.5428571701049805
0,0,0,False,False,False,False,False,0,False,0,0,0,0,4,0,0.9322154521942139,0.39423078,0.7853085398674011,0.5714285969734192
