nan_loss,test_not_well,test_turn_bad,sc_accuracy,died_relu,vanish_gradient,explode_gradient,nan_gradient,large_weight,nan_weight,weight_change_little,decrease_acc,increase_loss,cons_mean_weight,cons_std_weight,nan_acc,loss,acc,val_loss,val_acc
0,0,0,False,False,False,False,False,0,False,0,0,0,0,0,0,0.6736074884732565,0.74358976,0.5804529190063477,0.7692307829856873
0,0,0,False,False,False,False,False,0,False,0,0,0,0,1,0,0.6669231362831898,0.724359,0.5978913903236389,0.7692307829856873
0,0,0,False,False,False,False,False,0,False,0,0,0,0,2,0,0.6612322192925674,0.7692308,0.6036904454231262,0.807692289352417
0,0,0,False,False,False,False,False,0,False,0,0,0,0,3,0,0.6588878127244803,0.7692308,0.6134254336357117,0.7692307829856873
0,0,0,False,False,False,False,False,0,False,0,0,0,0,4,0,0.6577413510053586,0.75641024,0.6238491535186768,0.7692307829856873
