nan_loss,test_not_well,test_turn_bad,sc_accuracy,died_relu,vanish_gradient,explode_gradient,nan_gradient,large_weight,nan_weight,weight_change_little,decrease_acc,increase_loss,cons_mean_weight,cons_std_weight,nan_acc,loss,acc,val_loss,val_acc
0,0,0,False,False,False,False,False,0,False,0,0,0,0,0,0,0.6808481812477112,0.78846157,0.40095874667167664,0.7777777910232544
0,0,0,False,False,False,False,False,0,False,0,0,0,0,1,0,0.6587126851081848,0.78846157,0.3831827640533447,0.8333333134651184
0,0,0,False,False,False,False,False,0,False,0,0,0,0,2,0,0.6393600106239319,0.8076923,0.38774994015693665,0.8333333134651184
0,0,0,False,False,False,False,False,0,False,0,0,0,0,3,0,0.6288039684295654,0.8076923,0.41074636578559875,0.8888888955116272
0,0,0,False,False,False,False,False,0,False,0,0,0,0,4,0,0.6295955181121826,0.78846157,0.4205893278121948,0.8333333134651184
