nan_loss,test_not_well,test_turn_bad,sc_accuracy,died_relu,vanish_gradient,explode_gradient,nan_gradient,large_weight,nan_weight,weight_change_little,decrease_acc,increase_loss,cons_mean_weight,cons_std_weight,nan_acc,loss,acc,val_loss,val_acc
0,0,0,False,False,False,False,False,0,False,0,0,0,0,0,0,0.70316082239151,0.7692308,0.7599332332611084,0.7142857313156128
0,0,0,False,False,False,False,False,0,False,0,0,0,0,1,0,0.6996399760246277,0.77884614,0.7598528265953064,0.7428571581840515
0,0,0,False,False,False,False,False,0,False,0,0,0,0,2,0,0.6962661743164062,0.7692308,0.7600006461143494,0.7428571581840515
0,0,0,False,False,False,False,False,0,False,0,0,0,0,3,0,0.693304181098938,0.7692308,0.7598274946212769,0.7428571581840515
0,0,0,False,False,False,False,False,0,False,0,0,0,0,4,0,0.6903334259986877,0.7692308,0.7595201730728149,0.7428571581840515
