nan_loss,test_not_well,test_turn_bad,sc_accuracy,died_relu,vanish_gradient,explode_gradient,nan_gradient,large_weight,nan_weight,weight_change_little,decrease_acc,increase_loss,cons_mean_weight,cons_std_weight,nan_acc,loss,acc,val_loss,val_acc
0,0,0,False,False,False,False,False,0,False,0,0,0,0,0,0,0.7002471089363098,0.52884614,0.6578773856163025,0.5142857432365417
0,0,0,False,False,False,False,False,0,False,0,0,0,0,1,0,0.6934890151023865,0.53846157,0.6653066277503967,0.5142857432365417
0,0,0,False,False,False,False,False,0,False,0,0,0,0,2,0,0.6910963654518127,0.5480769,0.665897786617279,0.5142857432365417
0,0,0,False,False,False,False,False,0,False,0,0,0,0,3,0,0.6847012042999268,0.5480769,0.6733096241950989,0.48571428656578064
0,0,0,False,False,False,False,False,0,False,0,0,0,0,4,0,0.6783173680305481,0.53846157,0.6873682141304016,0.48571428656578064
