nan_loss,test_not_well,test_turn_bad,sc_accuracy,died_relu,vanish_gradient,explode_gradient,nan_gradient,large_weight,nan_weight,weight_change_little,decrease_acc,increase_loss,cons_mean_weight,cons_std_weight,nan_acc,loss,acc,val_loss,val_acc
0,0,0,False,False,False,False,False,0,False,0,0,0,0,0,0,1.3234934440025916,0.5480769,1.150318339892796,0.5142857432365417
0,0,0,False,False,False,False,False,0,False,0,0,0,0,1,0,1.3006322842377882,0.5192308,1.1495518956865582,0.5142857432365417
0,0,0,False,False,False,False,False,0,False,0,0,0,0,2,0,1.2788005333680372,0.5480769,1.1716348375592913,0.5428571701049805
0,0,0,False,False,False,False,False,0,False,0,0,0,0,3,0,1.2682762512793908,0.5192308,1.1610524994986398,0.5428571701049805
0,0,0,False,False,False,False,False,0,False,0,0,0,0,4,0,1.2513137322205763,0.5192308,1.1591603449412755,0.5428571701049805
