nan_loss,test_not_well,test_turn_bad,sc_accuracy,died_relu,vanish_gradient,explode_gradient,nan_gradient,large_weight,nan_weight,weight_change_little,decrease_acc,increase_loss,cons_mean_weight,cons_std_weight,nan_acc,loss,acc,val_loss,val_acc
0,0,0,False,False,False,False,False,0,False,0,0,0,0,0,0,0.645273745059967,0.7692308,0.5369251114981515,0.800000011920929
0,0,0,False,False,False,False,False,0,False,0,0,0,0,1,0,0.631807281420781,0.72115386,0.5476699045726231,0.7428571581840515
0,0,0,False,False,False,False,False,0,False,0,0,0,0,2,0,0.6241612915809338,0.74038464,0.5533090199742998,0.7428571581840515
0,0,0,False,False,False,False,False,0,False,0,0,0,0,3,0,0.616813274530264,0.74038464,0.5727466872760227,0.7428571581840515
0,0,0,False,False,False,False,False,0,False,0,0,0,0,4,0,0.5981225967407227,0.75,0.5761696815490722,0.7142857313156128
