nan_loss,test_not_well,test_turn_bad,sc_accuracy,died_relu,vanish_gradient,explode_gradient,nan_gradient,large_weight,nan_weight,weight_change_little,decrease_acc,increase_loss,cons_mean_weight,cons_std_weight,nan_acc,loss,acc,val_loss,val_acc
0,0,0,False,False,False,False,False,0,False,0,0,0,0,0,0,0.6731180548667908,0.53846157,1.162604808807373,0.3888888955116272
0,0,0,False,False,False,False,False,0,False,0,0,0,0,1,0,0.9322534799575806,0.53846157,0.981969952583313,0.2777777910232544
0,0,0,False,False,False,False,False,0,False,0,0,0,0,2,0,0.7248009443283081,0.59615386,0.7524522542953491,0.7222222089767456
0,0,0,False,False,False,False,False,0,False,0,0,0,0,3,0,0.6916518807411194,0.5769231,0.962291419506073,0.3888888955116272
0,0,0,False,False,False,False,False,0,False,0,0,0,0,4,0,0.7080652713775635,0.5576923,0.7666640281677246,0.6111111044883728
