nan_loss,test_not_well,test_turn_bad,sc_accuracy,died_relu,vanish_gradient,explode_gradient,nan_gradient,large_weight,nan_weight,weight_change_little,decrease_acc,increase_loss,cons_mean_weight,cons_std_weight,nan_acc,loss,acc,val_loss,val_acc
0,0,0,False,False,False,False,False,0,False,0,0,0,0,0,0,0.7054048226429865,0.43269232,0.6635000109672546,0.6571428775787354
0,0,0,False,False,False,False,False,0,False,0,0,0,0,1,0,0.7052447887567374,0.43269232,0.663471519947052,0.6571428775787354
0,0,0,False,False,False,False,False,0,False,0,0,0,0,2,0,0.7051000824341407,0.43269232,0.6634266972541809,0.6571428775787354
0,0,0,False,False,False,False,False,0,False,0,0,0,0,3,0,0.7049471735954285,0.43269232,0.6634509563446045,0.6571428775787354
0,0,0,False,False,False,False,False,0,False,0,0,0,0,4,0,0.7047630135829632,0.43269232,0.663402259349823,0.6571428775787354
