nan_loss,test_not_well,test_turn_bad,sc_accuracy,died_relu,vanish_gradient,explode_gradient,nan_gradient,large_weight,nan_weight,weight_change_little,decrease_acc,increase_loss,cons_mean_weight,cons_std_weight,nan_acc,loss,acc,val_loss,val_acc
0,0,0,False,False,False,False,False,0,False,0,0,0,0,0,0,0.6511108019413092,0.6923077,0.6881598830223083,0.6153846383094788
0,0,0,False,False,False,False,False,0,False,0,0,0,0,1,0,0.6364932167224395,0.6923077,0.685652494430542,0.6153846383094788
0,0,0,False,False,False,False,False,0,False,0,0,0,0,2,0,0.6339548046772296,0.6666667,0.6829538941383362,0.6153846383094788
0,0,0,False,False,False,False,False,0,False,0,0,0,0,3,0,0.6363218090473077,0.6730769,0.6797072887420654,0.6153846383094788
0,0,0,False,False,False,False,False,0,False,0,0,0,0,4,0,0.6332551011672387,0.67948717,0.67247074842453,0.6153846383094788
