nan_loss,test_not_well,test_turn_bad,sc_accuracy,died_relu,vanish_gradient,explode_gradient,nan_gradient,large_weight,nan_weight,weight_change_little,decrease_acc,increase_loss,cons_mean_weight,cons_std_weight,nan_acc,loss,acc,val_loss,val_acc
0,0,0,False,False,False,False,False,0,False,0,0,0,0,0,0,0.6435495202357953,0.7307692,0.740761935710907,0.6285714507102966
0,0,0,False,False,False,False,False,0,False,0,0,0,0,1,0,0.6714008909005386,0.6826923,0.729354202747345,0.6571428775787354
0,0,0,False,False,False,False,False,0,False,0,0,0,0,2,0,0.6693120094446036,0.6826923,0.6966473460197449,0.6571428775787354
0,0,0,False,False,False,False,False,0,False,0,0,0,0,3,0,0.6356956867071298,0.7307692,0.6840168833732605,0.7428571581840515
0,0,0,False,False,False,False,False,0,False,0,0,0,0,4,0,0.6357806370808528,0.7307692,0.693524181842804,0.7428571581840515
