nan_loss,test_not_well,test_turn_bad,sc_accuracy,died_relu,vanish_gradient,explode_gradient,nan_gradient,large_weight,nan_weight,weight_change_little,decrease_acc,increase_loss,cons_mean_weight,cons_std_weight,nan_acc,loss,acc,val_loss,val_acc
0,0,0,False,False,False,False,False,0,False,0,0,0,0,0,0,1.2939471556590154,0.5769231,1.312246561050415,0.5428571701049805
0,0,0,False,False,False,False,False,0,False,0,0,0,0,1,0,1.2845771679511437,0.58653843,1.3321528434753418,0.5428571701049805
0,0,0,False,False,False,False,False,0,False,0,0,0,0,1,0,1.2806392082801232,0.5576923,1.2663719654083252,0.5142857432365417
0,0,0,False,False,False,False,False,0,False,0,0,0,0,1,0,1.2580871398632343,0.5769231,1.269094467163086,0.48571428656578064
0,0,0,False,False,False,False,False,0,False,0,0,0,0,2,0,1.2872928564365094,0.5576923,1.2609049081802368,0.5142857432365417
