nan_loss,test_not_well,test_turn_bad,sc_accuracy,died_relu,vanish_gradient,explode_gradient,nan_gradient,large_weight,nan_weight,weight_change_little,decrease_acc,increase_loss,cons_mean_weight,cons_std_weight,nan_acc,loss,acc,val_loss,val_acc
0,0,0,False,False,False,False,False,0,False,0,0,0,0,0,0,0.6704334020614624,0.6730769,0.6833598613739014,0.6000000238418579
0,0,0,False,False,False,False,False,0,False,0,0,0,0,1,0,0.6645673513412476,0.6730769,0.6766144633293152,0.6285714507102966
0,0,0,False,False,False,False,False,0,False,0,0,0,0,2,0,0.659303605556488,0.6730769,0.6702296137809753,0.6285714507102966
0,0,0,False,False,False,False,False,0,False,0,0,0,0,3,0,0.6561076641082764,0.66346157,0.664783239364624,0.6285714507102966
0,0,0,False,False,False,False,False,0,False,0,0,0,0,4,0,0.654850423336029,0.6442308,0.6600346565246582,0.6285714507102966
