nan_loss,test_not_well,test_turn_bad,sc_accuracy,died_relu,vanish_gradient,explode_gradient,nan_gradient,large_weight,nan_weight,weight_change_little,decrease_acc,increase_loss,cons_mean_weight,cons_std_weight,nan_acc,loss,acc,val_loss,val_acc
0,0,0,False,False,False,False,False,0,False,0,0,0,0,0,0,0.7765668011628665,0.7307692,0.8194050005504063,0.7428571581840515
0,0,0,False,False,False,False,False,0,False,0,0,0,0,1,0,0.7675969784076397,0.75,0.8202615635735648,0.800000011920929
0,0,0,False,False,False,False,False,0,False,0,0,0,0,2,0,0.7620256543159485,0.74038464,0.8140142883573259,0.7428571581840515
0,0,0,False,False,False,False,False,0,False,0,0,0,0,3,0,0.7643270905201252,0.74038464,0.8225153429167611,0.7714285850524902
0,0,0,False,False,False,False,False,0,False,0,0,0,0,4,0,0.7651308454000033,0.7692308,0.8088933995791844,0.7714285850524902
