nan_loss,test_not_well,test_turn_bad,sc_accuracy,died_relu,vanish_gradient,explode_gradient,nan_gradient,large_weight,nan_weight,weight_change_little,decrease_acc,increase_loss,cons_mean_weight,cons_std_weight,nan_acc,loss,acc,val_loss,val_acc
0,0,0,False,False,False,False,False,0,False,0,0,0,0,0,0,1.0130678415298462,0.6826923,0.9117195010185242,0.6857143044471741
0,0,0,False,False,False,False,False,0,False,0,0,0,0,1,0,0.990531325340271,0.6923077,0.9078992009162903,0.7142857313156128
0,0,0,False,False,False,False,False,0,False,0,0,0,0,2,0,0.983195960521698,0.66346157,0.906740665435791,0.7142857313156128
0,0,0,False,False,False,False,False,0,False,0,0,0,0,3,0,0.9814624786376953,0.66346157,0.9030870795249939,0.7142857313156128
0,0,0,False,False,False,False,False,0,False,0,0,0,0,4,0,0.976832926273346,0.66346157,0.8957943916320801,0.7142857313156128
