nan_loss,test_not_well,test_turn_bad,sc_accuracy,died_relu,vanish_gradient,explode_gradient,nan_gradient,large_weight,nan_weight,weight_change_little,decrease_acc,increase_loss,cons_mean_weight,cons_std_weight,nan_acc,loss,acc,val_loss,val_acc
0,0,0,False,False,False,False,False,0,False,0,0,0,0,0,0,0.6971232891082764,0.59615386,0.5560876727104187,0.7777777910232544
0,0,0,False,False,False,False,False,0,False,0,0,0,0,1,0,0.6914995908737183,0.61538464,0.5516284108161926,0.7777777910232544
0,0,0,False,False,False,False,False,0,False,0,0,0,0,2,0,0.6870488524436951,0.65384614,0.5481760501861572,0.8333333134651184
0,0,0,False,False,False,False,False,0,False,0,0,0,0,3,0,0.6836697459220886,0.65384614,0.5436130166053772,0.8333333134651184
0,0,0,False,False,False,False,False,0,False,0,0,0,0,4,0,0.6810752153396606,0.7307692,0.5389196872711182,0.8333333134651184
