nan_loss,test_not_well,test_turn_bad,sc_accuracy,died_relu,vanish_gradient,explode_gradient,nan_gradient,large_weight,nan_weight,weight_change_little,decrease_acc,increase_loss,cons_mean_weight,cons_std_weight,nan_acc,loss,acc,val_loss,val_acc
0,0,0,False,False,False,False,False,0,False,0,0,0,0,0,0,0.6532026529312134,0.75961536,0.5581030249595642,0.8285714387893677
0,0,0,False,False,False,False,False,0,False,0,0,0,0,1,0,0.6363744139671326,0.75,0.5639435052871704,0.8571428656578064
0,0,0,False,False,False,False,False,0,False,0,0,0,0,2,0,0.6284911632537842,0.75961536,0.5787492990493774,0.8285714387893677
0,0,0,False,False,False,False,False,0,False,0,0,0,0,3,0,0.6256138682365417,0.7692308,0.5861169099807739,0.8285714387893677
0,0,0,False,False,False,False,False,0,False,0,0,0,0,4,0,0.6182950139045715,0.75961536,0.584858775138855,0.8285714387893677
