nan_loss,test_not_well,test_turn_bad,sc_accuracy,died_relu,vanish_gradient,explode_gradient,nan_gradient,large_weight,nan_weight,weight_change_little,decrease_acc,increase_loss,cons_mean_weight,cons_std_weight,nan_acc,loss,acc,val_loss,val_acc
0,0,0,False,False,False,False,False,0,False,0,0,0,0,0,0,0.6796193718910217,0.7692308,0.4447581470012665,0.7777777910232544
0,0,0,False,False,False,False,False,0,False,0,0,0,0,1,0,0.676869809627533,0.7692308,0.4397721290588379,0.7777777910232544
0,0,0,False,False,False,False,False,0,False,0,0,0,0,2,0,0.6735459566116333,0.7692308,0.43509984016418457,0.7777777910232544
0,0,0,False,False,False,False,False,0,False,0,0,0,0,3,0,0.670062780380249,0.7692308,0.43145906925201416,0.7777777910232544
0,0,0,False,False,False,False,False,0,False,0,0,0,0,4,0,0.6665502786636353,0.7692308,0.42899662256240845,0.7777777910232544
