nan_loss,test_not_well,test_turn_bad,sc_accuracy,died_relu,vanish_gradient,explode_gradient,nan_gradient,large_weight,nan_weight,weight_change_little,decrease_acc,increase_loss,cons_mean_weight,cons_std_weight,nan_acc,loss,acc,val_loss,val_acc
0,0,0,False,False,False,False,False,0,False,0,0,0,0,0,0,0.6908909510343503,0.724359,0.5898241446568415,0.7692307829856873
0,0,0,False,False,False,False,False,0,False,0,0,0,0,1,0,0.6937138377091824,0.724359,0.5456178394647745,0.7884615659713745
0,0,0,False,False,False,False,False,0,False,0,0,0,0,2,0,0.6770615883362598,0.74358976,0.5593222150435815,0.7884615659713745
0,0,0,False,False,False,False,False,0,False,0,0,0,0,3,0,0.68450949436579,0.7307692,0.5456470778355231,0.7884615659713745
0,0,0,False,False,False,False,False,0,False,0,0,0,0,4,0,0.6681183454317924,0.73717946,0.5541841639922216,0.7307692170143127
