nan_loss,test_not_well,test_turn_bad,sc_accuracy,died_relu,vanish_gradient,explode_gradient,nan_gradient,large_weight,nan_weight,weight_change_little,decrease_acc,increase_loss,cons_mean_weight,cons_std_weight,nan_acc,loss,acc,val_loss,val_acc
0,0,0,False,False,False,False,False,0,False,0,0,0,0,0,0,0.6704333424568176,0.6730769,0.6830460429191589,0.6000000238418579
0,0,0,False,False,False,False,False,0,False,0,0,0,0,1,0,0.6642612814903259,0.6826923,0.6759086847305298,0.6285714507102966
0,0,0,False,False,False,False,False,0,False,0,0,0,0,2,0,0.6588395833969116,0.6730769,0.6691831350326538,0.6285714507102966
0,0,0,False,False,False,False,False,0,False,0,0,0,0,3,0,0.6557575464248657,0.65384614,0.6635376811027527,0.6285714507102966
0,0,0,False,False,False,False,False,0,False,0,0,0,0,4,0,0.6547660827636719,0.63461536,0.65854811668396,0.6285714507102966
