nan_loss,test_not_well,test_turn_bad,sc_accuracy,died_relu,vanish_gradient,explode_gradient,nan_gradient,large_weight,nan_weight,weight_change_little,decrease_acc,increase_loss,cons_mean_weight,cons_std_weight,nan_acc,loss,acc,val_loss,val_acc
0,0,0,False,False,False,False,False,0,False,0,0,0,0,0,0,0.744960353924678,0.6826923,0.7519375681877136,0.6857143044471741
0,0,0,False,False,False,False,False,0,False,0,0,0,0,1,0,0.9343487849602332,0.5769231,0.6942433714866638,0.5714285969734192
0,0,0,False,False,False,False,False,0,False,0,0,0,0,2,0,0.7469356518525344,0.58653843,0.6407262682914734,0.6571428775787354
0,0,0,False,False,False,False,False,0,False,0,0,0,0,3,0,0.654036283493042,0.66346157,0.7226470112800598,0.5714285969734192
0,0,0,False,False,False,False,False,0,False,0,0,0,0,4,0,0.6567206291052011,0.6826923,0.6969431042671204,0.5714285969734192
