nan_loss,test_not_well,test_turn_bad,sc_accuracy,died_relu,vanish_gradient,explode_gradient,nan_gradient,large_weight,nan_weight,weight_change_little,decrease_acc,increase_loss,cons_mean_weight,cons_std_weight,nan_acc,loss,acc,val_loss,val_acc
0,0,0,False,False,False,False,False,0,False,0,0,0,0,0,0,0.9088150079433734,0.45192307,1.057041883468628,0.34285715222358704
0,0,0,False,False,False,False,False,0,False,0,0,0,0,1,0,0.7531591287026038,0.5576923,0.8662415742874146,0.5714285969734192
0,0,0,False,False,False,False,False,0,False,0,0,0,0,2,0,0.758957312657283,0.47115386,0.8695665597915649,0.5714285969734192
0,0,0,False,False,False,False,False,0,False,0,0,0,0,3,0,0.680892540858342,0.63461536,0.840442419052124,0.5428571701049805
0,0,0,False,False,False,False,False,0,False,0,0,0,0,4,0,0.6638378455088689,0.61538464,0.8931962251663208,0.4285714328289032
