nan_loss,test_not_well,test_turn_bad,sc_accuracy,died_relu,vanish_gradient,explode_gradient,nan_gradient,large_weight,nan_weight,weight_change_little,decrease_acc,increase_loss,cons_mean_weight,cons_std_weight,nan_acc,loss,acc,val_loss,val_acc
0,0,0,False,False,False,False,False,0,False,0,0,0,0,0,0,1.1420645713806152,0.53846157,1.0089296102523804,0.5142857432365417
0,0,0,False,False,False,False,False,0,False,0,0,0,0,1,0,1.1166918277740479,0.53846157,1.0192521810531616,0.5142857432365417
0,0,0,False,False,False,False,False,0,False,0,0,0,0,2,0,1.0940085649490356,0.53846157,1.0520483255386353,0.5714285969734192
0,0,0,False,False,False,False,False,0,False,0,0,0,0,3,0,1.0713677406311035,0.5480769,1.083742618560791,0.5428571701049805
0,0,0,False,False,False,False,False,0,False,0,0,0,0,4,0,1.0499918460845947,0.5480769,1.1033217906951904,0.5714285969734192
