nan_loss,test_not_well,test_turn_bad,sc_accuracy,died_relu,vanish_gradient,explode_gradient,nan_gradient,large_weight,nan_weight,weight_change_little,decrease_acc,increase_loss,cons_mean_weight,cons_std_weight,nan_acc,loss,acc,val_loss,val_acc
0,0,0,False,False,False,False,False,0,False,0,0,0,0,0,0,0.8651654170109675,0.74038464,0.6024017878941127,0.800000011920929
0,0,0,False,False,False,False,False,0,False,0,0,0,0,1,0,0.8636319178801316,0.75961536,0.5811430249895368,0.8571428656578064
0,0,0,False,False,False,False,False,0,False,0,0,0,0,2,0,0.8635447254547706,0.72115386,0.5780435732432774,0.8571428656578064
0,0,0,False,False,False,False,False,0,False,0,0,0,0,3,0,0.8482240232137533,0.75,0.5847109726497105,0.8571428656578064
0,0,0,False,False,False,False,False,0,False,0,0,0,0,4,0,0.8404860496520996,0.7307692,0.5939998856612614,0.800000011920929
