nan_loss,test_not_well,test_turn_bad,sc_accuracy,died_relu,vanish_gradient,explode_gradient,nan_gradient,large_weight,nan_weight,weight_change_little,decrease_acc,increase_loss,cons_mean_weight,cons_std_weight,nan_acc,loss,acc,val_loss,val_acc
0,0,0,False,False,False,False,False,0,False,0,0,0,0,0,0,0.5857012501129737,0.7692308,0.28477102683650124,0.8888888955116272
0,0,0,False,False,False,False,False,0,False,0,0,0,0,1,0,0.5868062468675467,0.75,0.3042527006732093,0.8333333134651184
0,0,0,False,False,False,False,False,0,False,0,0,0,0,2,0,0.49939345396482027,0.8269231,0.34809956616825527,0.8333333134651184
0,0,0,False,False,False,False,False,0,False,0,0,0,0,3,0,0.5062849521636963,0.78846157,0.34583689437972176,0.8333333134651184
0,0,0,False,False,False,False,False,0,False,0,0,0,0,4,0,0.4890124751971318,0.8269231,0.3975251250796848,0.7222222089767456
