nan_loss,test_not_well,test_turn_bad,sc_accuracy,died_relu,vanish_gradient,explode_gradient,nan_gradient,large_weight,nan_weight,weight_change_little,decrease_acc,increase_loss,cons_mean_weight,cons_std_weight,nan_acc,loss,acc,val_loss,val_acc
0,0,0,False,False,False,False,False,0,False,0,0,0,0,0,0,0.7584761151900659,0.7307692,0.658730149269104,0.807692289352417
0,0,0,False,False,False,False,False,0,False,0,0,0,0,1,0,0.7533455857863793,0.73717946,0.6751729249954224,0.7884615659713745
0,0,0,False,False,False,False,False,0,False,0,0,0,0,2,0,0.7578185002009074,0.73717946,0.6752328276634216,0.7884615659713745
0,0,0,False,False,False,False,False,0,False,0,0,0,0,3,0,0.7554022960173779,0.75,0.6670300364494324,0.7884615659713745
0,0,0,False,False,False,False,False,0,False,0,0,0,0,4,0,0.7488829386539948,0.76282054,0.6592822670936584,0.7692307829856873
