nan_loss,test_not_well,test_turn_bad,sc_accuracy,died_relu,vanish_gradient,explode_gradient,nan_gradient,large_weight,nan_weight,weight_change_little,decrease_acc,increase_loss,cons_mean_weight,cons_std_weight,nan_acc,loss,acc,val_loss,val_acc
0,0,0,False,False,False,False,False,0,False,0,0,0,0,0,0,0.7088255836413457,0.6858974,0.5632094144821167,0.807692289352417
0,0,0,False,False,False,False,False,0,False,0,0,0,0,1,0,0.6740394777212387,0.724359,0.5931548476219177,0.7692307829856873
0,0,0,False,False,False,False,False,0,False,0,0,0,0,2,0,0.6686039521143987,0.71153843,0.6180082559585571,0.7307692170143127
0,0,0,False,False,False,False,False,0,False,0,0,0,0,3,0,0.6673666972380418,0.75,0.632320761680603,0.7307692170143127
0,0,0,False,False,False,False,False,0,False,0,0,0,0,4,0,0.6438852426333305,0.78205127,0.6405340433120728,0.7307692170143127
