nan_loss,test_not_well,test_turn_bad,sc_accuracy,died_relu,vanish_gradient,explode_gradient,nan_gradient,large_weight,nan_weight,weight_change_little,decrease_acc,increase_loss,cons_mean_weight,cons_std_weight,nan_acc,loss,acc,val_loss,val_acc
0,0,0,False,False,False,False,False,0,False,0,0,0,0,0,0,1.4269883632659912,0.44230768,1.3118231296539307,0.4000000059604645
0,0,0,False,False,False,False,False,0,False,0,0,0,0,0,0,1.4013742208480835,0.28846154,1.329851508140564,0.4000000059604645
0,0,0,False,False,False,False,False,0,False,0,0,0,0,0,0,1.409881830215454,0.28846154,1.2992079257965088,0.4000000059604645
0,0,0,False,False,False,False,False,0,False,0,0,0,1,0,0,1.3808547258377075,0.28846154,1.2907559871673584,0.5428571701049805
0,0,0,False,False,False,False,False,0,False,0,0,0,1,0,0,1.3793244361877441,0.44230768,1.2836984395980835,0.5428571701049805
