nan_loss,test_not_well,test_turn_bad,sc_accuracy,died_relu,vanish_gradient,explode_gradient,nan_gradient,large_weight,nan_weight,weight_change_little,decrease_acc,increase_loss,cons_mean_weight,cons_std_weight,nan_acc,loss,acc,val_loss,val_acc
0,0,0,False,False,False,False,False,0,False,0,0,0,0,0,0,0.6877805361380944,0.52884614,0.6804165244102478,0.5142857432365417
0,0,0,False,False,False,False,False,0,False,0,0,0,0,1,0,0.6845793999158419,0.5192308,0.6817777156829834,0.5142857432365417
0,0,0,False,False,False,False,False,0,False,0,0,0,0,2,0,0.6827396337802594,0.5192308,0.682399332523346,0.5428571701049805
0,0,0,False,False,False,False,False,0,False,0,0,0,0,3,0,0.6812999890400813,0.53846157,0.6833449006080627,0.5428571701049805
0,0,0,False,False,False,False,False,0,False,0,0,0,0,4,0,0.6802696539805486,0.52884614,0.6841626763343811,0.5142857432365417
