nan_loss,test_not_well,test_turn_bad,sc_accuracy,died_relu,vanish_gradient,explode_gradient,nan_gradient,large_weight,nan_weight,weight_change_little,decrease_acc,increase_loss,cons_mean_weight,cons_std_weight,nan_acc,loss,acc,val_loss,val_acc
0,0,0,False,False,False,False,False,0,False,0,0,0,0,0,0,0.7583075761795044,0.67948717,0.6506837010383606,0.7115384340286255
0,0,0,False,False,False,False,False,0,False,0,0,0,0,1,0,0.7119763829769232,0.6858974,0.6250855922698975,0.7307692170143127
0,0,0,False,False,False,False,False,0,False,0,0,0,0,2,0,0.693259019118089,0.7051282,0.5866613388061523,0.7307692170143127
0,0,0,False,False,False,False,False,0,False,0,0,0,0,3,0,0.695777986294184,0.6730769,0.5940150618553162,0.692307710647583
0,0,0,False,False,False,False,False,0,False,0,0,0,0,4,0,0.677179467983735,0.71153843,0.5998308062553406,0.7692307829856873
