nan_loss,test_not_well,test_turn_bad,sc_accuracy,died_relu,vanish_gradient,explode_gradient,nan_gradient,large_weight,nan_weight,weight_change_little,decrease_acc,increase_loss,cons_mean_weight,cons_std_weight,nan_acc,loss,acc,val_loss,val_acc
0,0,0,False,False,False,False,False,0,False,0,0,0,0,0,0,1.9490488400826087,0.6442308,1.5988405432019914,0.6857143044471741
0,0,0,False,False,False,False,False,0,False,0,0,0,0,1,0,1.9233162586505597,0.6442308,1.594239480154855,0.6857143044471741
0,0,0,False,False,False,False,False,0,False,0,0,0,0,2,0,1.898930054444533,0.65384614,1.5797039236341204,0.6857143044471741
0,0,0,False,False,False,False,False,0,False,0,0,0,0,3,0,1.8808221083420973,0.63461536,1.5695023809160504,0.6857143044471741
0,0,0,False,False,False,False,False,0,False,0,0,0,0,4,0,1.86181640625,0.63461536,1.536774001802717,0.6857143044471741
