nan_loss,test_not_well,test_turn_bad,sc_accuracy,died_relu,vanish_gradient,explode_gradient,nan_gradient,large_weight,nan_weight,weight_change_little,decrease_acc,increase_loss,cons_mean_weight,cons_std_weight,nan_acc,loss,acc,val_loss,val_acc
0,0,0,False,False,False,False,False,0,False,0,0,0,0,0,0,0.8796069851288428,0.74038464,0.6528980391366142,0.8571428656578064
0,0,0,False,False,False,False,False,0,False,0,0,0,0,1,0,0.8648424836305472,0.75,0.6958726414612362,0.7428571581840515
0,0,0,False,False,False,False,False,0,False,0,0,0,0,2,0,0.8556929987210494,0.72115386,0.6366067724568504,0.8285714387893677
0,0,0,False,False,False,False,False,0,False,0,0,0,0,3,0,0.8599234498464144,0.7307692,0.6363832856927599,0.800000011920929
0,0,0,False,False,False,False,False,0,False,0,0,0,0,4,0,0.8516122102737427,0.72115386,0.6272318644183023,0.800000011920929
