nan_loss,test_not_well,test_turn_bad,sc_accuracy,died_relu,vanish_gradient,explode_gradient,nan_gradient,large_weight,nan_weight,weight_change_little,decrease_acc,increase_loss,cons_mean_weight,cons_std_weight,nan_acc,loss,acc,val_loss,val_acc
0,0,0,False,False,False,False,False,0,False,0,0,0,0,0,0,0.8744640717139611,0.7307692,0.6807539454528264,0.7428571581840515
0,0,0,False,False,False,False,False,0,False,0,0,0,0,1,0,0.863691678413978,0.71153843,0.6537791848182678,0.7714285850524902
0,0,0,False,False,False,False,False,0,False,0,0,0,0,2,0,0.8659092783927917,0.74038464,0.6837166845798492,0.7714285850524902
0,0,0,False,False,False,False,False,0,False,0,0,0,0,3,0,0.8544904085306021,0.71153843,0.6494123927184514,0.800000011920929
0,0,0,False,False,False,False,False,0,False,0,0,0,0,4,0,0.8400185108184814,0.75,0.6763621355806079,0.7428571581840515
