nan_loss,test_not_well,test_turn_bad,sc_accuracy,died_relu,vanish_gradient,explode_gradient,nan_gradient,large_weight,nan_weight,weight_change_little,decrease_acc,increase_loss,cons_mean_weight,cons_std_weight,nan_acc,loss,acc,val_loss,val_acc
0,0,0,False,False,False,False,False,0,False,0,0,0,0,0,0,0.7614996433258057,0.74038464,0.612108588218689,0.7714285850524902
0,0,0,False,False,False,False,False,0,False,0,0,0,0,1,0,0.7582249045372009,0.7692308,0.6106038689613342,0.7714285850524902
0,0,0,False,False,False,False,False,0,False,0,0,0,0,2,0,0.7562128305435181,0.75961536,0.6119402647018433,0.7714285850524902
0,0,0,False,False,False,False,False,0,False,0,0,0,0,3,0,0.7553139328956604,0.77884614,0.6146579384803772,0.7714285850524902
0,0,0,False,False,False,False,False,0,False,0,0,0,0,4,0,0.7539072632789612,0.77884614,0.6175686717033386,0.7714285850524902
