nan_loss,test_not_well,test_turn_bad,sc_accuracy,died_relu,vanish_gradient,explode_gradient,nan_gradient,large_weight,nan_weight,weight_change_little,decrease_acc,increase_loss,cons_mean_weight,cons_std_weight,nan_acc,loss,acc,val_loss,val_acc
0,0,0,False,False,False,False,False,0,False,0,0,0,0,0,0,0.9071453534639798,0.45192307,0.7807098627090454,0.5142857432365417
0,0,0,False,False,False,False,False,0,False,0,0,0,0,1,0,0.8418523623393133,0.50961536,0.7676460146903992,0.48571428656578064
0,0,0,False,False,False,False,False,0,False,0,0,0,0,2,0,0.851260286111098,0.47115386,0.7100813388824463,0.5714285969734192
0,0,0,False,False,False,False,False,0,False,0,0,0,0,3,0,0.8245091713391818,0.52884614,0.7341533303260803,0.5142857432365417
0,0,0,False,False,False,False,False,0,False,0,0,0,0,4,0,0.80527886060568,0.53846157,0.7681699395179749,0.48571428656578064
