nan_loss,test_not_well,test_turn_bad,sc_accuracy,died_relu,vanish_gradient,explode_gradient,nan_gradient,large_weight,nan_weight,weight_change_little,decrease_acc,increase_loss,cons_mean_weight,cons_std_weight,nan_acc,loss,acc,val_loss,val_acc
0,0,0,False,False,False,False,False,0,False,0,0,0,0,0,0,0.6740715503692627,0.65384614,0.6387630105018616,0.6285714507102966
0,0,0,False,False,False,False,False,0,False,0,0,0,0,1,0,0.6722036004066467,0.66346157,0.6402992606163025,0.6285714507102966
0,0,0,False,False,False,False,False,0,False,0,0,0,0,2,0,0.671113908290863,0.66346157,0.6412060260772705,0.6285714507102966
0,0,0,False,False,False,False,False,0,False,0,0,0,0,3,0,0.6701977849006653,0.66346157,0.641350269317627,0.6285714507102966
0,0,0,False,False,False,False,False,0,False,0,0,0,0,4,0,0.6692966818809509,0.66346157,0.6407704949378967,0.6857143044471741
