nan_loss,test_not_well,test_turn_bad,sc_accuracy,died_relu,vanish_gradient,explode_gradient,nan_gradient,large_weight,nan_weight,weight_change_little,decrease_acc,increase_loss,cons_mean_weight,cons_std_weight,nan_acc,loss,acc,val_loss,val_acc
0,0,0,False,False,False,False,False,0,False,0,0,0,0,0,0,0.6649835109710693,0.7692308,0.5155674815177917,0.800000011920929
0,0,0,False,False,False,False,False,0,False,0,0,0,0,1,0,0.6552501320838928,0.75,0.5519939064979553,0.7428571581840515
0,0,0,False,False,False,False,False,0,False,0,0,0,0,2,0,0.6538763642311096,0.7692308,0.5719575881958008,0.7428571581840515
0,0,0,False,False,False,False,False,0,False,0,0,0,0,3,0,0.6517809629440308,0.7692308,0.5694571137428284,0.7428571581840515
0,0,0,False,False,False,False,False,0,False,0,0,0,0,4,0,0.6468444466590881,0.78846157,0.5569685697555542,0.7428571581840515
