nan_loss,test_not_well,test_turn_bad,sc_accuracy,died_relu,vanish_gradient,explode_gradient,nan_gradient,large_weight,nan_weight,weight_change_little,decrease_acc,increase_loss,cons_mean_weight,cons_std_weight,nan_acc,loss,acc,val_loss,val_acc
0,0,0,False,False,False,False,False,0,False,0,0,0,0,0,0,1.3629927176695604,0.52884614,1.2102613721575055,0.5428571701049805
0,0,0,False,False,False,False,False,0,False,0,0,0,0,1,0,1.338635307091933,0.52884614,1.177056884765625,0.5428571701049805
0,0,0,False,False,False,False,False,0,False,0,0,0,0,2,0,1.3030625306642973,0.5480769,1.1341043199811662,0.5428571701049805
0,0,0,False,False,False,False,False,0,False,0,0,0,0,3,0,1.2994780311217675,0.50961536,1.1890313931873866,0.5428571701049805
0,0,0,False,False,False,False,False,0,False,0,0,0,0,4,0,1.2751746544471154,0.5192308,1.2043615579605103,0.5142857432365417
