nan_loss,test_not_well,test_turn_bad,sc_accuracy,died_relu,vanish_gradient,explode_gradient,nan_gradient,large_weight,nan_weight,weight_change_little,decrease_acc,increase_loss,cons_mean_weight,cons_std_weight,nan_acc,loss,acc,val_loss,val_acc
0,0,0,False,False,False,False,False,0,False,0,0,0,0,0,0,0.6898553371429443,0.74358976,0.5386477364943578,0.7884615659713745
0,0,0,False,False,False,False,False,0,False,0,0,0,0,1,0,0.7003773405001714,0.75641024,0.558539058153446,0.7692307829856873
0,0,0,False,False,False,False,False,0,False,0,0,0,0,2,0,0.66869872655624,0.76282054,0.557712719990657,0.7692307829856873
0,0,0,False,False,False,False,False,0,False,0,0,0,0,3,0,0.6912769950353183,0.73717946,0.5472139028402475,0.7692307829856873
0,0,0,False,False,False,False,False,0,False,0,0,0,0,4,0,0.6632085977456509,0.75641024,0.5324084529509912,0.7884615659713745
