nan_loss,test_not_well,test_turn_bad,sc_accuracy,died_relu,vanish_gradient,explode_gradient,nan_gradient,large_weight,nan_weight,weight_change_little,decrease_acc,increase_loss,cons_mean_weight,cons_std_weight,nan_acc,loss,acc,val_loss,val_acc
0,0,0,False,False,False,False,False,0,False,0,0,0,0,0,0,0.6481592655181885,0.8076923,0.3912625312805176,0.8333333134651184
0,0,0,False,False,False,False,False,0,False,0,0,0,0,1,0,0.620822548866272,0.8076923,0.3910682499408722,0.8333333134651184
0,0,0,False,False,False,False,False,0,False,0,0,0,0,2,0,0.6136711835861206,0.75,0.3975679874420166,0.8888888955116272
0,0,0,False,False,False,False,False,0,False,0,0,0,0,3,0,0.6102094054222107,0.7692308,0.39739277958869934,0.8888888955116272
0,0,0,False,False,False,False,False,0,False,0,0,0,0,4,0,0.6012306809425354,0.7692308,0.3940971791744232,0.8888888955116272
