nan_loss,test_not_well,test_turn_bad,sc_accuracy,died_relu,vanish_gradient,explode_gradient,nan_gradient,large_weight,nan_weight,weight_change_little,decrease_acc,increase_loss,cons_mean_weight,cons_std_weight,nan_acc,loss,acc,val_loss,val_acc
0,0,0,False,False,False,False,False,0,False,0,0,0,0,0,0,0.6707836389541626,0.5769231,0.7367839813232422,0.4444444477558136
0,0,0,False,False,False,False,False,0,False,0,0,0,0,1,0,0.6587142944335938,0.59615386,0.7547655701637268,0.3888888955116272
0,0,0,False,False,False,False,False,0,False,0,0,0,0,2,0,0.6605609655380249,0.5576923,0.7607905268669128,0.3888888955116272
0,0,0,False,False,False,False,False,0,False,0,0,0,0,3,0,0.6556618213653564,0.53846157,0.7614170908927917,0.3333333432674408
0,0,0,False,False,False,False,False,0,False,0,0,0,0,4,0,0.6467545032501221,0.5769231,0.7603426575660706,0.3333333432674408
