nan_loss,test_not_well,test_turn_bad,sc_accuracy,died_relu,vanish_gradient,explode_gradient,nan_gradient,large_weight,nan_weight,weight_change_little,decrease_acc,increase_loss,cons_mean_weight,cons_std_weight,nan_acc,loss,acc,val_loss,val_acc
0,0,0,False,False,False,False,False,0,False,0,0,0,0,0,0,0.7420389652252197,0.59615386,0.5963075160980225,0.7222222089767456
0,0,0,False,False,False,False,False,0,False,0,0,0,0,1,0,0.732458770275116,0.5769231,0.5918997526168823,0.6666666865348816
0,0,0,False,False,False,False,False,0,False,0,0,0,0,2,0,0.7255691885948181,0.5576923,0.5900682210922241,0.6666666865348816
0,0,0,False,False,False,False,False,0,False,0,0,0,0,3,0,0.7205067873001099,0.53846157,0.5882335901260376,0.6666666865348816
0,0,0,False,False,False,False,False,0,False,0,0,0,0,4,0,0.7162383198738098,0.53846157,0.5855479836463928,0.6666666865348816
