nan_loss,test_not_well,test_turn_bad,sc_accuracy,died_relu,vanish_gradient,explode_gradient,nan_gradient,large_weight,nan_weight,weight_change_little,decrease_acc,increase_loss,cons_mean_weight,cons_std_weight,nan_acc,loss,acc,val_loss,val_acc
0,0,0,False,False,False,False,False,0,False,0,0,0,0,0,0,1.353370604606775,0.5192308,1.1427744218281337,0.5142857432365417
0,0,0,False,False,False,False,False,0,False,0,0,0,0,1,0,1.3276426517046416,0.52884614,1.1335367032459804,0.5428571701049805
0,0,0,False,False,False,False,False,0,False,0,0,0,0,2,0,1.283604383468628,0.52884614,1.152570220402309,0.5142857432365417
0,0,0,False,False,False,False,False,0,False,0,0,0,0,3,0,1.2570259616925166,0.5192308,1.1746118579592024,0.5142857432365417
0,0,0,False,False,False,False,False,0,False,0,0,0,0,4,0,1.2376103951380804,0.52884614,1.1601598603384835,0.5142857432365417
