nan_loss,test_not_well,test_turn_bad,sc_accuracy,died_relu,vanish_gradient,explode_gradient,nan_gradient,large_weight,nan_weight,weight_change_little,decrease_acc,increase_loss,cons_mean_weight,cons_std_weight,nan_acc,loss,acc,val_loss,val_acc
0,0,0,False,False,False,False,False,0,False,0,0,0,0,0,0,1.0580740708571215,0.48076922,0.9545696309634617,0.5142857432365417
0,0,0,False,False,False,False,False,0,False,0,0,0,0,1,0,0.9283000139089731,0.5576923,0.7502387728009905,0.5142857432365417
0,0,0,False,False,False,False,False,0,False,0,0,0,0,2,0,0.7696704130906326,0.52884614,0.708817674432482,0.6000000238418579
0,0,0,False,False,False,False,False,0,False,0,0,0,0,3,0,0.7167149415382972,0.5480769,0.7294522898537772,0.48571428656578064
0,0,0,False,False,False,False,False,0,False,0,0,0,0,4,0,0.7155298269712008,0.5576923,0.701890344279153,0.5714285969734192
