nan_loss,test_not_well,test_turn_bad,sc_accuracy,died_relu,vanish_gradient,explode_gradient,nan_gradient,large_weight,nan_weight,weight_change_little,decrease_acc,increase_loss,cons_mean_weight,cons_std_weight,nan_acc,loss,acc,val_loss,val_acc
0,0,0,False,False,False,False,False,0,False,0,0,0,0,0,0,0.7940627794999343,0.65384614,1.3888723850250244,0.4000000059604645
0,0,0,False,False,False,False,False,0,False,0,0,0,0,1,0,0.8974510293740493,0.59615386,0.820872962474823,0.5714285969734192
0,0,0,False,False,False,False,False,0,False,0,0,0,0,2,0,0.7433210611343384,0.52884614,0.8987132906913757,0.4571428596973419
0,0,0,False,False,False,False,False,0,False,0,0,0,0,3,0,0.7077951156176053,0.61538464,0.7719857692718506,0.5142857432365417
0,0,0,False,False,False,False,False,0,False,0,0,0,0,4,0,0.6838704622708834,0.5769231,0.7471941709518433,0.5142857432365417
