nan_loss,test_not_well,test_turn_bad,sc_accuracy,died_relu,vanish_gradient,explode_gradient,nan_gradient,large_weight,nan_weight,weight_change_little,decrease_acc,increase_loss,cons_mean_weight,cons_std_weight,nan_acc,loss,acc,val_loss,val_acc
0,0,0,False,False,False,False,False,0,False,0,0,0,0,0,0,0.6698011159896851,0.7307692,0.6039326190948486,0.800000011920929
0,0,0,False,False,False,False,False,0,False,0,0,0,0,1,0,0.6670761108398438,0.7307692,0.6017716526985168,0.8285714387893677
0,0,0,False,False,False,False,False,0,False,0,0,0,0,2,0,0.6641331315040588,0.74038464,0.6003798246383667,0.8285714387893677
0,0,0,False,False,False,False,False,0,False,0,0,0,0,3,0,0.6613439917564392,0.75961536,0.5998927354812622,0.8285714387893677
0,0,0,False,False,False,False,False,0,False,0,0,0,0,4,0,0.6589111685752869,0.75961536,0.6001882553100586,0.8285714387893677
