nan_loss,test_not_well,test_turn_bad,sc_accuracy,died_relu,vanish_gradient,explode_gradient,nan_gradient,large_weight,nan_weight,weight_change_little,decrease_acc,increase_loss,cons_mean_weight,cons_std_weight,nan_acc,loss,acc,val_loss,val_acc
0,0,0,False,False,False,False,False,0,False,0,0,0,0,0,0,1.3029909959206214,0.5673077,1.2448784112930298,0.48571428656578064
0,0,0,False,False,False,False,False,0,False,0,0,0,0,0,0,1.2875591699893658,0.53846157,1.2953475713729858,0.5428571701049805
0,0,0,False,False,False,False,False,0,False,0,0,0,0,2,0,1.4306408258584828,0.5,1.3032610416412354,0.5428571701049805
0,0,0,False,False,False,False,False,0,False,0,0,0,0,2,0,1.2560127423359797,0.5769231,1.362654209136963,0.4571428596973419
0,0,0,False,False,False,False,False,0,False,0,0,0,0,2,0,1.3434978081629827,0.5480769,1.3367834091186523,0.4571428596973419
