nan_loss,test_not_well,test_turn_bad,sc_accuracy,died_relu,vanish_gradient,explode_gradient,nan_gradient,large_weight,nan_weight,weight_change_little,decrease_acc,increase_loss,cons_mean_weight,cons_std_weight,nan_acc,loss,acc,val_loss,val_acc
0,0,0,False,False,False,False,False,0,False,0,0,0,0,0,0,0.8394663333892822,0.53846157,0.904715895652771,0.4571428596973419
0,0,0,False,False,False,False,False,0,False,0,0,0,0,1,0,0.7879546880722046,0.59615386,0.8865232467651367,0.4571428596973419
0,0,0,False,False,False,False,False,0,False,0,0,0,0,2,0,0.7451348900794983,0.6057692,0.8782888650894165,0.4571428596973419
0,0,0,False,False,False,False,False,0,False,0,0,0,0,3,0,0.7293562293052673,0.59615386,0.8701193332672119,0.4571428596973419
0,0,0,False,False,False,False,False,0,False,0,0,0,0,4,0,0.7339029908180237,0.58653843,0.8603053689002991,0.4571428596973419
