nan_loss,test_not_well,test_turn_bad,sc_accuracy,died_relu,vanish_gradient,explode_gradient,nan_gradient,large_weight,nan_weight,weight_change_little,decrease_acc,increase_loss,cons_mean_weight,cons_std_weight,nan_acc,loss,acc,val_loss,val_acc
0,0,0,False,False,False,False,False,0,False,0,0,0,0,0,0,1.0858548879623413,0.4871795,1.0851819515228271,0.5769230723381042
0,0,0,False,False,False,False,False,0,False,0,0,0,0,0,0,1.0858490803302863,0.4871795,1.0851771831512451,0.5769230723381042
0,0,0,False,False,False,False,False,0,False,0,0,0,0,1,0,1.0858418391301081,0.4871795,1.0851709842681885,0.5769230723381042
0,0,0,False,False,False,False,False,0,False,0,0,0,0,1,0,1.0858322076308422,0.4871795,1.085162878036499,0.5769230723381042
0,0,0,False,False,False,False,False,0,False,0,0,0,0,2,0,1.0858213962652745,0.4871795,1.0851534605026245,0.5769230723381042
