nan_loss,test_not_well,test_turn_bad,sc_accuracy,died_relu,vanish_gradient,explode_gradient,nan_gradient,large_weight,nan_weight,weight_change_little,decrease_acc,increase_loss,cons_mean_weight,cons_std_weight,nan_acc,loss,acc,val_loss,val_acc
0,0,0,False,False,False,False,False,0,False,0,0,0,0,0,0,0.7401673793792725,0.52884614,0.734437882900238,0.6571428775787354
0,0,0,False,False,False,False,False,0,False,0,0,0,0,1,0,0.735404372215271,0.52884614,0.733835756778717,0.6285714507102966
0,0,0,False,False,False,False,False,0,False,0,0,0,0,2,0,0.730070173740387,0.52884614,0.7342832088470459,0.6571428775787354
0,0,0,False,False,False,False,False,0,False,0,0,0,0,3,0,0.7245057821273804,0.5192308,0.7395474910736084,0.5714285969734192
0,0,0,False,False,False,False,False,0,False,0,0,0,0,4,0,0.7215101718902588,0.50961536,0.7471331357955933,0.5142857432365417
