nan_loss,test_not_well,test_turn_bad,sc_accuracy,died_relu,vanish_gradient,explode_gradient,nan_gradient,large_weight,nan_weight,weight_change_little,decrease_acc,increase_loss,cons_mean_weight,cons_std_weight,nan_acc,loss,acc,val_loss,val_acc
0,0,0,False,False,False,False,False,0,False,0,0,0,0,0,0,0.6690248342660757,0.7307692,0.6104214463915144,0.7714285850524902
0,0,0,False,False,False,False,False,0,False,0,0,0,0,1,0,0.6400481508328364,0.75961536,0.6122805561338153,0.8571428656578064
0,0,0,False,False,False,False,False,0,False,0,0,0,0,2,0,0.6296132390315716,0.7692308,0.6785341773714338,0.7142857313156128
0,0,0,False,False,False,False,False,0,False,0,0,0,0,3,0,0.6480182317587045,0.74038464,0.6565907376153128,0.7142857313156128
0,0,0,False,False,False,False,False,0,False,0,0,0,0,4,0,0.6609043112167945,0.7307692,0.660753743989127,0.7428571581840515
