nan_loss,test_not_well,test_turn_bad,sc_accuracy,died_relu,vanish_gradient,explode_gradient,nan_gradient,large_weight,nan_weight,weight_change_little,decrease_acc,increase_loss,cons_mean_weight,cons_std_weight,nan_acc,loss,acc,val_loss,val_acc
0,0,0,False,False,False,False,False,0,False,0,0,0,0,0,0,0.9025192329516778,0.7692308,0.4705614414479997,0.8888888955116272
0,0,0,False,False,False,False,False,0,False,0,0,0,0,1,0,0.8670381215902475,0.8076923,0.48765308327145046,0.8333333134651184
0,0,0,False,False,False,False,False,0,False,0,0,0,0,2,0,0.8591767091017503,0.78846157,0.4767945127354728,0.8888888955116272
0,0,0,False,False,False,False,False,0,False,0,0,0,0,3,0,0.8537619022222666,0.78846157,0.48429691046476364,0.8888888955116272
0,0,0,False,False,False,False,False,0,False,0,0,0,0,4,0,0.8471201406075404,0.78846157,0.48436914881070453,0.8888888955116272
