nan_loss,test_not_well,test_turn_bad,sc_accuracy,died_relu,vanish_gradient,explode_gradient,nan_gradient,large_weight,nan_weight,weight_change_little,decrease_acc,increase_loss,cons_mean_weight,cons_std_weight,nan_acc,loss,acc,val_loss,val_acc
0,0,0,False,False,False,False,False,0,False,0,0,0,0,0,0,1.9051939707535963,0.61538464,1.574219196183341,0.6571428775787354
0,0,0,False,False,False,False,False,0,False,0,0,0,0,1,0,1.8615475228199592,0.6057692,1.5607748440333775,0.6571428775787354
0,0,0,False,False,False,False,False,0,False,0,0,0,0,2,0,1.835702345921443,0.625,1.5357838460377284,0.6571428775787354
0,0,0,False,False,False,False,False,0,False,0,0,0,0,3,0,1.810804587144118,0.61538464,1.5078395128250122,0.6571428775787354
0,0,0,False,False,False,False,False,0,False,0,0,0,0,4,0,1.7832157428448017,0.63461536,1.511253639629909,0.6571428775787354
