nan_loss,test_not_well,test_turn_bad,sc_accuracy,died_relu,vanish_gradient,explode_gradient,nan_gradient,large_weight,nan_weight,weight_change_little,decrease_acc,increase_loss,cons_mean_weight,cons_std_weight,nan_acc,loss,acc,val_loss,val_acc
0,0,0,False,False,False,False,False,0,False,0,0,0,0,0,0,1.067582607269287,0.52884614,1.0141496658325195,0.5428571701049805
0,0,0,False,False,False,False,False,0,False,0,0,0,0,1,0,1.061942458152771,0.5192308,1.0112557411193848,0.5142857432365417
0,0,0,False,False,False,False,False,0,False,0,0,0,0,2,0,1.054654598236084,0.52884614,1.0061527490615845,0.5142857432365417
0,0,0,False,False,False,False,False,0,False,0,0,0,0,3,0,1.0466787815093994,0.5480769,0.9993792772293091,0.5142857432365417
0,0,0,False,False,False,False,False,0,False,0,0,0,0,4,0,1.038475751876831,0.53846157,0.9914779663085938,0.5428571701049805
