nan_loss,test_not_well,test_turn_bad,sc_accuracy,died_relu,vanish_gradient,explode_gradient,nan_gradient,large_weight,nan_weight,weight_change_little,decrease_acc,increase_loss,cons_mean_weight,cons_std_weight,nan_acc,loss,acc,val_loss,val_acc
0,0,0,False,False,False,False,False,0,False,0,0,0,0,0,0,0.7101945388011444,0.69871795,0.6061146259307861,0.807692289352417
0,0,0,False,False,False,False,False,0,False,0,0,0,0,1,0,0.7001090875038734,0.71153843,0.5805944800376892,0.8461538553237915
0,0,0,False,False,False,False,False,0,False,0,0,0,0,2,0,0.6986858699566278,0.69871795,0.5724458694458008,0.8653846383094788
0,0,0,False,False,False,False,False,0,False,0,0,0,0,3,0,0.6970820044859861,0.6923077,0.5792728662490845,0.8461538553237915
0,0,0,False,False,False,False,False,0,False,0,0,0,0,4,0,0.6917455884126517,0.71794873,0.5867794752120972,0.8461538553237915
