nan_loss,test_not_well,test_turn_bad,sc_accuracy,died_relu,vanish_gradient,explode_gradient,nan_gradient,large_weight,nan_weight,weight_change_little,decrease_acc,increase_loss,cons_mean_weight,cons_std_weight,nan_acc,loss,acc,val_loss,val_acc
0,0,0,False,False,False,False,False,0,False,0,0,0,0,0,0,1.5272393226623535,0.625,1.2973283529281616,0.6857143044471741
0,0,0,False,False,False,False,False,0,False,0,0,0,0,1,0,1.5232601165771484,0.63461536,1.2884552478790283,0.6857143044471741
0,0,0,False,False,False,False,False,0,False,0,0,0,0,2,0,1.5184928178787231,0.6442308,1.2806265354156494,0.6857143044471741
0,0,0,False,False,False,False,False,0,False,0,0,0,0,3,0,1.5133265256881714,0.65384614,1.2743221521377563,0.6857143044471741
0,0,0,False,False,False,False,False,0,False,0,0,0,0,4,0,1.5076618194580078,0.65384614,1.26927649974823,0.6857143044471741
