nan_loss,test_not_well,test_turn_bad,sc_accuracy,died_relu,vanish_gradient,explode_gradient,nan_gradient,large_weight,nan_weight,weight_change_little,decrease_acc,increase_loss,cons_mean_weight,cons_std_weight,nan_acc,loss,acc,val_loss,val_acc
0,0,0,False,False,False,False,False,0,False,0,0,0,0,0,0,1.1202142238616943,0.5480769,0.9952550530433655,0.4571428596973419
0,0,0,False,False,False,False,False,0,False,0,0,0,0,1,0,1.1010085344314575,0.5576923,0.991594135761261,0.4571428596973419
0,0,0,False,False,False,False,False,0,False,0,0,0,0,2,0,1.0838775634765625,0.5673077,0.9815781712532043,0.48571428656578064
0,0,0,False,False,False,False,False,0,False,0,0,0,0,3,0,1.0689270496368408,0.5480769,0.9696409106254578,0.48571428656578064
0,0,0,False,False,False,False,False,0,False,0,0,0,0,4,0,1.0559053421020508,0.53846157,0.9589884281158447,0.48571428656578064
