nan_loss,test_not_well,test_turn_bad,sc_accuracy,died_relu,vanish_gradient,explode_gradient,nan_gradient,large_weight,nan_weight,weight_change_little,decrease_acc,increase_loss,cons_mean_weight,cons_std_weight,nan_acc,loss,acc,val_loss,val_acc
0,0,0,False,False,False,False,False,0,False,0,0,0,0,0,0,0.7693814039230347,0.5673077,0.771651029586792,0.5142857432365417
0,0,0,False,False,False,False,False,0,False,0,0,0,0,1,0,0.8123337580607488,0.4903846,0.7683752775192261,0.5142857432365417
0,0,0,False,False,False,False,False,0,False,0,0,0,0,2,0,0.7435580858817468,0.5769231,0.7910597920417786,0.5714285969734192
0,0,0,False,False,False,False,False,0,False,0,0,0,0,3,0,0.7400012795741742,0.5673077,0.7865263223648071,0.37142857909202576
0,0,0,False,False,False,False,False,0,False,0,0,0,0,4,0,0.687104697410877,0.5576923,0.7713291645050049,0.5142857432365417
