nan_loss,test_not_well,test_turn_bad,sc_accuracy,died_relu,vanish_gradient,explode_gradient,nan_gradient,large_weight,nan_weight,weight_change_little,decrease_acc,increase_loss,cons_mean_weight,cons_std_weight,nan_acc,loss,acc,val_loss,val_acc
0,0,0,False,False,False,False,False,0,False,0,0,0,0,0,0,0.7054181878383343,0.43269232,0.663768470287323,0.6571428775787354
0,0,0,False,False,False,False,False,0,False,0,0,0,0,1,0,0.7052235695031973,0.43269232,0.663830578327179,0.6571428775787354
0,0,0,False,False,False,False,False,0,False,0,0,0,0,2,0,0.7050577493814322,0.43269232,0.6637611389160156,0.6571428775787354
0,0,0,False,False,False,False,False,0,False,0,0,0,0,3,0,0.7049835920333862,0.43269232,0.6640114784240723,0.6571428775787354
0,0,0,False,False,False,False,False,0,False,0,0,0,0,4,0,0.7047630319228539,0.43269232,0.6640291810035706,0.6571428775787354
