nan_loss,test_not_well,test_turn_bad,sc_accuracy,died_relu,vanish_gradient,explode_gradient,nan_gradient,large_weight,nan_weight,weight_change_little,decrease_acc,increase_loss,cons_mean_weight,cons_std_weight,nan_acc,loss,acc,val_loss,val_acc
0,0,0,False,False,False,False,False,0,False,0,0,0,0,0,0,0.7774038314819336,0.7692308,0.46949073672294617,0.8333333134651184
0,0,0,False,False,False,False,False,0,False,0,0,0,0,1,0,0.773082435131073,0.78846157,0.46234390139579773,0.8333333134651184
0,0,0,False,False,False,False,False,0,False,0,0,0,0,2,0,0.7688000202178955,0.78846157,0.45829758048057556,0.8333333134651184
0,0,0,False,False,False,False,False,0,False,0,0,0,0,3,0,0.7646090984344482,0.78846157,0.4567922055721283,0.8333333134651184
0,0,0,False,False,False,False,False,0,False,0,0,0,0,4,0,0.7605282664299011,0.78846157,0.4572901725769043,0.8333333134651184
