nan_loss,test_not_well,test_turn_bad,sc_accuracy,died_relu,vanish_gradient,explode_gradient,nan_gradient,large_weight,nan_weight,weight_change_little,decrease_acc,increase_loss,cons_mean_weight,cons_std_weight,nan_acc,loss,acc,val_loss,val_acc
0,0,0,False,False,False,False,False,0,False,0,0,0,0,0,0,1.1142147779464722,0.61538464,0.947034478187561,0.6285714507102966
0,0,0,False,False,False,False,False,0,False,0,0,0,0,1,0,1.1102312803268433,0.61538464,0.9388520121574402,0.6285714507102966
0,0,0,False,False,False,False,False,0,False,0,0,0,0,2,0,1.1055898666381836,0.61538464,0.9316057562828064,0.6857143044471741
0,0,0,False,False,False,False,False,0,False,0,0,0,0,3,0,1.101128101348877,0.625,0.9259645938873291,0.6857143044471741
0,0,0,False,False,False,False,False,0,False,0,0,0,0,4,0,1.0972788333892822,0.6442308,0.921870231628418,0.6857143044471741
