nan_loss,test_not_well,test_turn_bad,sc_accuracy,died_relu,vanish_gradient,explode_gradient,nan_gradient,large_weight,nan_weight,weight_change_little,decrease_acc,increase_loss,cons_mean_weight,cons_std_weight,nan_acc,loss,acc,val_loss,val_acc
0,0,0,False,False,False,False,False,0,False,0,0,0,0,0,0,0.9472914934158325,0.5576923,0.7732146382331848,0.6857143044471741
0,0,0,False,False,False,False,False,0,False,0,0,0,0,1,0,0.8918819977686956,0.58653843,0.951549768447876,0.5714285969734192
0,0,0,False,False,False,False,False,0,False,0,0,0,0,2,0,0.8508924291684077,0.58653843,0.7136033177375793,0.6285714507102966
0,0,0,False,False,False,False,False,0,False,0,0,0,0,3,0,0.7817579186879672,0.58653843,0.6754136681556702,0.6285714507102966
0,0,0,False,False,False,False,False,0,False,0,0,0,0,4,0,0.7239356132654043,0.58653843,0.690265417098999,0.6571428775787354
