nan_loss,test_not_well,test_turn_bad,sc_accuracy,died_relu,vanish_gradient,explode_gradient,nan_gradient,large_weight,nan_weight,weight_change_little,decrease_acc,increase_loss,cons_mean_weight,cons_std_weight,nan_acc,loss,acc,val_loss,val_acc
0,0,0,False,False,False,False,False,0,False,0,0,0,0,0,0,0.6206571092972388,0.74038464,0.5370851580585753,0.7428571581840515
0,0,0,False,False,False,False,False,0,False,0,0,0,0,1,0,0.5928539266953101,0.75,0.546782483799117,0.7428571581840515
0,0,0,False,False,False,False,False,0,False,0,0,0,0,2,0,0.6166266386325543,0.7307692,0.5580415955611637,0.800000011920929
0,0,0,False,False,False,False,False,0,False,0,0,0,0,3,0,0.5659555850120691,0.7980769,0.5422896776880537,0.7714285850524902
0,0,0,False,False,False,False,False,0,False,0,0,0,0,4,0,0.5773115479029142,0.77884614,0.6357996574469975,0.6571428775787354
