nan_loss,test_not_well,test_turn_bad,sc_accuracy,died_relu,vanish_gradient,explode_gradient,nan_gradient,large_weight,nan_weight,weight_change_little,decrease_acc,increase_loss,cons_mean_weight,cons_std_weight,nan_acc,loss,acc,val_loss,val_acc
0,0,0,False,False,False,False,False,0,False,0,0,0,0,0,0,1.2717057466506958,0.63461536,1.0384747982025146,0.6857143044471741
0,0,0,False,False,False,False,False,0,False,0,0,0,0,1,0,1.260561466217041,0.6442308,1.040497064590454,0.6857143044471741
0,0,0,False,False,False,False,False,0,False,0,0,0,0,2,0,1.2487238645553589,0.65384614,1.0421621799468994,0.6857143044471741
0,0,0,False,False,False,False,False,0,False,0,0,0,0,3,0,1.2385172843933105,0.66346157,1.041481375694275,0.7142857313156128
0,0,0,False,False,False,False,False,0,False,0,0,0,0,4,0,1.229717493057251,0.66346157,1.0373139381408691,0.7142857313156128
