nan_loss,test_not_well,test_turn_bad,sc_accuracy,died_relu,vanish_gradient,explode_gradient,nan_gradient,large_weight,nan_weight,weight_change_little,decrease_acc,increase_loss,cons_mean_weight,cons_std_weight,nan_acc,loss,acc,val_loss,val_acc
0,0,0,False,False,False,False,False,0,False,0,0,0,0,0,0,0.7899512648582458,0.7692308,0.4839383363723755,0.8333333134651184
0,0,0,False,False,False,False,False,0,False,0,0,0,0,1,0,0.7843081951141357,0.7692308,0.46901431679725647,0.7777777910232544
0,0,0,False,False,False,False,False,0,False,0,0,0,0,2,0,0.7784280776977539,0.7692308,0.455264687538147,0.7777777910232544
0,0,0,False,False,False,False,False,0,False,0,0,0,0,3,0,0.7736024260520935,0.7692308,0.44428950548171997,0.7777777910232544
0,0,0,False,False,False,False,False,0,False,0,0,0,0,4,0,0.7699874043464661,0.7692308,0.43672141432762146,0.7777777910232544
