nan_loss,test_not_well,test_turn_bad,sc_accuracy,died_relu,vanish_gradient,explode_gradient,nan_gradient,large_weight,nan_weight,weight_change_little,decrease_acc,increase_loss,cons_mean_weight,cons_std_weight,nan_acc,loss,acc,val_loss,val_acc
0,0,0,False,False,False,False,False,0,False,0,0,0,0,0,0,0.6649834513664246,0.7692308,0.5279296636581421,0.7714285850524902
0,0,0,False,False,False,False,False,0,False,0,0,0,0,1,0,0.6550232768058777,0.7307692,0.5638194680213928,0.7428571581840515
0,0,0,False,False,False,False,False,0,False,0,0,0,0,2,0,0.6540042161941528,0.7692308,0.569331169128418,0.7714285850524902
0,0,0,False,False,False,False,False,0,False,0,0,0,0,3,0,0.649258017539978,0.77884614,0.5591151714324951,0.7142857313156128
0,0,0,False,False,False,False,False,0,False,0,0,0,0,4,0,0.6449654698371887,0.77884614,0.5463836193084717,0.7428571581840515
