nan_loss,test_not_well,test_turn_bad,sc_accuracy,died_relu,vanish_gradient,explode_gradient,nan_gradient,large_weight,nan_weight,weight_change_little,decrease_acc,increase_loss,cons_mean_weight,cons_std_weight,nan_acc,loss,acc,val_loss,val_acc
0,0,0,False,False,False,False,False,0,False,0,0,0,0,0,0,0.7614995241165161,0.74038464,0.6103964447975159,0.7714285850524902
0,0,0,False,False,False,False,False,0,False,0,0,0,0,1,0,0.7565622925758362,0.75961536,0.6120858788490295,0.800000011920929
0,0,0,False,False,False,False,False,0,False,0,0,0,0,2,0,0.7553930878639221,0.77884614,0.6152676939964294,0.7428571581840515
0,0,0,False,False,False,False,False,0,False,0,0,0,0,3,0,0.753499448299408,0.77884614,0.6182141900062561,0.7714285850524902
0,0,0,False,False,False,False,False,0,False,0,0,0,0,4,0,0.7512615919113159,0.7692308,0.6204083561897278,0.7714285850524902
