nan_loss,test_not_well,test_turn_bad,sc_accuracy,died_relu,vanish_gradient,explode_gradient,nan_gradient,large_weight,nan_weight,weight_change_little,decrease_acc,increase_loss,cons_mean_weight,cons_std_weight,nan_acc,loss,acc,val_loss,val_acc
0,0,0,False,False,False,False,False,0,False,0,0,0,0,0,0,0.7010217905044556,0.7692308,0.6753015518188477,0.7714285850524902
0,0,0,False,False,False,False,False,0,False,0,0,0,0,1,0,0.6980032324790955,0.75,0.6753290891647339,0.7428571581840515
0,0,0,False,False,False,False,False,0,False,0,0,0,0,2,0,0.6957225799560547,0.74038464,0.6755275130271912,0.7428571581840515
0,0,0,False,False,False,False,False,0,False,0,0,0,0,3,0,0.6939131617546082,0.74038464,0.6751585006713867,0.7428571581840515
0,0,0,False,False,False,False,False,0,False,0,0,0,0,4,0,0.6915852427482605,0.7307692,0.6743047833442688,0.7428571581840515
