nan_loss,test_not_well,test_turn_bad,sc_accuracy,died_relu,vanish_gradient,explode_gradient,nan_gradient,large_weight,nan_weight,weight_change_little,decrease_acc,increase_loss,cons_mean_weight,cons_std_weight,nan_acc,loss,acc,val_loss,val_acc
0,0,0,False,False,False,False,False,0,False,0,0,0,0,0,0,0.7753449250490237,0.6217949,0.656165361404419,0.7307692170143127
0,0,0,False,False,False,False,False,0,False,0,0,0,0,1,0,0.6944851386241424,0.6474359,0.6428404450416565,0.6730769276618958
0,0,0,False,False,False,False,False,0,False,0,0,0,0,2,0,0.6895514115309104,0.6730769,0.630255401134491,0.6538461446762085
0,0,0,False,False,False,False,False,0,False,0,0,0,0,3,0,0.6766415956692818,0.6923077,0.6480197310447693,0.7115384340286255
0,0,0,False,False,False,False,False,0,False,0,0,0,0,4,0,0.6793394180444571,0.7051282,0.6283757090568542,0.807692289352417
