nan_loss,test_not_well,test_turn_bad,sc_accuracy,died_relu,vanish_gradient,explode_gradient,nan_gradient,large_weight,nan_weight,weight_change_little,decrease_acc,increase_loss,cons_mean_weight,cons_std_weight,nan_acc,loss,acc,val_loss,val_acc
0,0,0,False,False,False,False,False,0,False,0,0,0,0,0,0,0.6708152294158936,0.5673077,0.7489551305770874,0.4571428596973419
0,0,0,False,False,False,False,False,0,False,0,0,0,0,1,0,0.6671781539916992,0.58653843,0.7482547760009766,0.4285714328289032
0,0,0,False,False,False,False,False,0,False,0,0,0,0,2,0,0.6660023927688599,0.5769231,0.7403553128242493,0.4285714328289032
0,0,0,False,False,False,False,False,0,False,0,0,0,0,3,0,0.66237473487854,0.5769231,0.7331358194351196,0.4285714328289032
0,0,0,False,False,False,False,False,0,False,0,0,0,0,4,0,0.6598867177963257,0.5480769,0.7293404936790466,0.4571428596973419
