nan_loss,test_not_well,test_turn_bad,sc_accuracy,died_relu,vanish_gradient,explode_gradient,nan_gradient,large_weight,nan_weight,weight_change_little,decrease_acc,increase_loss,cons_mean_weight,cons_std_weight,nan_acc,loss,acc,val_loss,val_acc
0,0,0,False,False,False,False,False,0,False,0,0,0,0,0,0,0.8852654512111957,0.61538464,0.9661872046334403,0.6000000238418579
0,0,0,False,False,False,False,False,0,False,0,0,0,0,1,0,0.8460003504386315,0.6442308,0.9166279929024833,0.6857143044471741
0,0,0,False,False,False,False,False,0,False,0,0,0,0,2,0,0.823928191111638,0.65384614,0.9220451661518642,0.6285714507102966
0,0,0,False,False,False,False,False,0,False,0,0,0,0,3,0,0.8167480918077322,0.65384614,0.9311863320214407,0.5714285969734192
0,0,0,False,False,False,False,False,0,False,0,0,0,0,4,0,0.8249620978648846,0.63461536,0.9020828349249703,0.5714285969734192
