nan_loss,test_not_well,test_turn_bad,sc_accuracy,died_relu,vanish_gradient,explode_gradient,nan_gradient,large_weight,nan_weight,weight_change_little,decrease_acc,increase_loss,cons_mean_weight,cons_std_weight,nan_acc,loss,acc,val_loss,val_acc
0,0,0,False,False,False,False,False,0,False,0,0,0,0,0,0,0.6885961294174194,0.71153843,0.49723878502845764,0.8888888955116272
0,0,0,False,False,False,False,False,0,False,0,0,0,0,1,0,0.7200336456298828,0.61538464,0.47278690338134766,0.8888888955116272
0,0,0,False,False,False,False,False,0,False,0,0,0,0,2,0,0.681665301322937,0.7307692,0.5257626175880432,0.8333333134651184
0,0,0,False,False,False,False,False,0,False,0,0,0,0,3,0,0.6740190982818604,0.71153843,0.45284366607666016,0.8333333134651184
0,0,0,False,False,False,False,False,0,False,0,0,0,0,4,0,0.6687166690826416,0.75,0.5346949100494385,0.7777777910232544
