nan_loss,test_not_well,test_turn_bad,sc_accuracy,died_relu,vanish_gradient,explode_gradient,nan_gradient,large_weight,nan_weight,weight_change_little,decrease_acc,increase_loss,cons_mean_weight,cons_std_weight,nan_acc,loss,acc,val_loss,val_acc
0,0,0,False,False,False,False,False,0,False,0,0,0,0,0,0,0.668268620967865,0.61538464,0.3952983617782593,0.8333333134651184
0,0,0,False,False,False,False,False,0,False,0,0,0,0,1,0,0.6469225287437439,0.65384614,0.3761705458164215,0.8333333134651184
0,0,0,False,False,False,False,False,0,False,0,0,0,0,2,0,0.6234868764877319,0.6730769,0.35480135679244995,0.8888888955116272
0,0,0,False,False,False,False,False,0,False,0,0,0,0,3,0,0.6051536202430725,0.6730769,0.3402715027332306,0.8888888955116272
0,0,0,False,False,False,False,False,0,False,0,0,0,0,4,0,0.5946207046508789,0.6923077,0.3335205018520355,0.8888888955116272
