nan_loss,test_not_well,test_turn_bad,sc_accuracy,died_relu,vanish_gradient,explode_gradient,nan_gradient,large_weight,nan_weight,weight_change_little,decrease_acc,increase_loss,cons_mean_weight,cons_std_weight,nan_acc,loss,acc,val_loss,val_acc
0,0,0,False,False,False,False,False,0,False,0,0,0,0,0,0,0.6175239086151123,0.6730769,0.4980764091014862,0.7428571581840515
0,0,0,False,False,False,False,False,0,False,0,0,0,0,1,0,0.6015591025352478,0.6826923,0.4823760986328125,0.7714285850524902
0,0,0,False,False,False,False,False,0,False,0,0,0,0,2,0,0.5978140830993652,0.6923077,0.47483259439468384,0.800000011920929
0,0,0,False,False,False,False,False,0,False,0,0,0,0,3,0,0.5969051718711853,0.6923077,0.474988728761673,0.800000011920929
0,0,0,False,False,False,False,False,0,False,0,0,0,0,4,0,0.5940884351730347,0.7019231,0.4812314808368683,0.800000011920929
