nan_loss,test_not_well,test_turn_bad,sc_accuracy,died_relu,vanish_gradient,explode_gradient,nan_gradient,large_weight,nan_weight,weight_change_little,decrease_acc,increase_loss,cons_mean_weight,cons_std_weight,nan_acc,loss,acc,val_loss,val_acc
0,0,0,False,False,False,False,False,0,False,0,0,0,0,0,0,1.0018009772667518,0.5769231,0.8055961728096008,0.6857143044471741
0,0,0,False,False,False,False,False,0,False,0,0,0,0,1,0,0.9387628115140475,0.5576923,0.8035407066345215,0.5714285969734192
0,0,0,False,False,False,False,False,0,False,0,0,0,0,2,0,0.8293106418389541,0.5769231,0.6428167819976807,0.6571428775787354
0,0,0,False,False,False,False,False,0,False,0,0,0,0,3,0,0.7572034964194665,0.5576923,0.6307643055915833,0.6000000238418579
0,0,0,False,False,False,False,False,0,False,0,0,0,0,4,0,0.7086066007614136,0.58653843,0.6619428992271423,0.5428571701049805
