nan_loss,test_not_well,test_turn_bad,sc_accuracy,died_relu,vanish_gradient,explode_gradient,nan_gradient,large_weight,nan_weight,weight_change_little,decrease_acc,increase_loss,cons_mean_weight,cons_std_weight,nan_acc,loss,acc,val_loss,val_acc
0,0,0,False,False,False,False,False,0,False,0,0,0,0,0,0,1.1500530242919922,0.53846157,1.025627613067627,0.48571428656578064
0,0,0,False,False,False,False,False,0,False,0,0,0,0,1,0,1.1318321228027344,0.5576923,1.046254277229309,0.5428571701049805
0,0,0,False,False,False,False,False,0,False,0,0,0,0,2,0,1.1158596277236938,0.5192308,1.063494086265564,0.5428571701049805
0,0,0,False,False,False,False,False,0,False,0,0,0,0,3,0,1.1021040678024292,0.52884614,1.0752557516098022,0.5428571701049805
0,0,0,False,False,False,False,False,0,False,0,0,0,0,4,0,1.0896918773651123,0.5480769,1.0779234170913696,0.5428571701049805
