nan_loss,test_not_well,test_turn_bad,sc_accuracy,died_relu,vanish_gradient,explode_gradient,nan_gradient,large_weight,nan_weight,weight_change_little,decrease_acc,increase_loss,cons_mean_weight,cons_std_weight,nan_acc,loss,acc,val_loss,val_acc
0,0,0,False,False,False,False,False,0,False,0,0,0,0,0,0,0.6796193718910217,0.7692308,0.4444618225097656,0.7777777910232544
0,0,0,False,False,False,False,False,0,False,0,0,0,0,1,0,0.6766772866249084,0.7692308,0.43911492824554443,0.7777777910232544
0,0,0,False,False,False,False,False,0,False,0,0,0,0,2,0,0.6731038689613342,0.7692308,0.43420034646987915,0.7777777910232544
0,0,0,False,False,False,False,False,0,False,0,0,0,0,3,0,0.6693443059921265,0.7692308,0.4305323362350464,0.7777777910232544
0,0,0,False,False,False,False,False,0,False,0,0,0,0,4,0,0.6655412316322327,0.75,0.428197979927063,0.7777777910232544
