nan_loss,test_not_well,test_turn_bad,sc_accuracy,died_relu,vanish_gradient,explode_gradient,nan_gradient,large_weight,nan_weight,weight_change_little,decrease_acc,increase_loss,cons_mean_weight,cons_std_weight,nan_acc,loss,acc,val_loss,val_acc
0,0,0,False,False,False,False,False,0,False,0,0,0,0,0,0,0.6494188537964454,0.78846157,0.3996356924374898,0.8333333134651184
0,0,0,False,False,False,False,False,0,False,0,0,0,0,1,0,0.5962602370060407,0.78846157,0.45067498667372596,0.8333333134651184
0,0,0,False,False,False,False,False,0,False,0,0,0,0,2,0,0.6095053347257468,0.75,0.4138781577348709,0.8888888955116272
0,0,0,False,False,False,False,False,0,False,0,0,0,0,3,0,0.5573397691433246,0.7692308,0.4769748987423049,0.7777777910232544
0,0,0,False,False,False,False,False,0,False,0,0,0,0,4,0,0.5670333458827093,0.7692308,0.5348718563715616,0.7222222089767456
