nan_loss,test_not_well,test_turn_bad,sc_accuracy,died_relu,vanish_gradient,explode_gradient,nan_gradient,large_weight,nan_weight,weight_change_little,decrease_acc,increase_loss,cons_mean_weight,cons_std_weight,nan_acc,loss,acc,val_loss,val_acc
0,0,0,False,False,False,False,False,0,False,0,0,0,0,0,0,1.067582607269287,0.52884614,1.0141149759292603,0.5428571701049805
0,0,0,False,False,False,False,False,0,False,0,0,0,0,1,0,1.0617280006408691,0.5192308,1.0110129117965698,0.5142857432365417
0,0,0,False,False,False,False,False,0,False,0,0,0,0,2,0,1.0541605949401855,0.52884614,1.0055640935897827,0.5142857432365417
0,0,0,False,False,False,False,False,0,False,0,0,0,0,3,0,1.0458166599273682,0.5480769,0.9984113574028015,0.5142857432365417
0,0,0,False,False,False,False,False,0,False,0,0,0,0,4,0,1.0373566150665283,0.53846157,0.9901369214057922,0.5428571701049805
