nan_loss,test_not_well,test_turn_bad,sc_accuracy,died_relu,vanish_gradient,explode_gradient,nan_gradient,large_weight,nan_weight,weight_change_little,decrease_acc,increase_loss,cons_mean_weight,cons_std_weight,nan_acc,loss,acc,val_loss,val_acc
0,0,0,False,False,False,False,False,0,False,0,0,0,0,0,0,0.6642217636108398,0.71153843,0.58693528175354,0.800000011920929
0,0,0,False,False,False,False,False,0,False,0,0,0,0,1,0,0.6322501301765442,0.75,0.5901908278465271,0.800000011920929
0,0,0,False,False,False,False,False,0,False,0,0,0,0,2,0,0.6186437606811523,0.75961536,0.6030844449996948,0.7714285850524902
0,0,0,False,False,False,False,False,0,False,0,0,0,0,3,0,0.6170154213905334,0.74038464,0.6140267252922058,0.7714285850524902
0,0,0,False,False,False,False,False,0,False,0,0,0,0,4,0,0.6190513968467712,0.72115386,0.6173760890960693,0.7714285850524902
