nan_loss,test_not_well,test_turn_bad,sc_accuracy,died_relu,vanish_gradient,explode_gradient,nan_gradient,large_weight,nan_weight,weight_change_little,decrease_acc,increase_loss,cons_mean_weight,cons_std_weight,nan_acc,loss,acc,val_loss,val_acc
0,0,0,False,False,False,False,False,0,False,0,0,0,0,0,0,0.7143756594413366,0.6858974,0.5298004746437073,0.8461538553237915
0,0,0,False,False,False,False,False,0,False,0,0,0,0,1,0,0.6735992324657929,0.7307692,0.5292338728904724,0.807692289352417
0,0,0,False,False,False,False,False,0,False,0,0,0,0,2,0,0.6547166643998562,0.73717946,0.592495322227478,0.7115384340286255
0,0,0,False,False,False,False,False,0,False,0,0,0,0,3,0,0.6465552571492318,0.7307692,0.6425866484642029,0.7307692170143127
0,0,0,False,False,False,False,False,0,False,0,0,0,0,4,0,0.6349257735105661,0.775641,0.6553292870521545,0.692307710647583
