nan_loss,test_not_well,test_turn_bad,sc_accuracy,died_relu,vanish_gradient,explode_gradient,nan_gradient,large_weight,nan_weight,weight_change_little,decrease_acc,increase_loss,cons_mean_weight,cons_std_weight,nan_acc,loss,acc,val_loss,val_acc
0,0,0,False,False,False,False,False,0,False,0,0,0,0,0,0,0.6815513937901228,0.53205127,0.7142952680587769,0.42307692766189575
0,0,0,False,False,False,False,False,0,False,0,0,0,0,1,0,0.6790095078639495,0.53846157,0.7156219482421875,0.42307692766189575
0,0,0,False,False,False,False,False,0,False,0,0,0,0,2,0,0.678853893891359,0.5448718,0.7163216471672058,0.42307692766189575
0,0,0,False,False,False,False,False,0,False,0,0,0,0,3,0,0.6788068398451194,0.5448718,0.716289758682251,0.42307692766189575
0,0,0,False,False,False,False,False,0,False,0,0,0,0,4,0,0.67838537081694,0.55128205,0.7168983817100525,0.4038461446762085
