nan_loss,test_not_well,test_turn_bad,sc_accuracy,died_relu,vanish_gradient,explode_gradient,nan_gradient,large_weight,nan_weight,weight_change_little,decrease_acc,increase_loss,cons_mean_weight,cons_std_weight,nan_acc,loss,acc,val_loss,val_acc
0,0,0,False,False,False,False,False,0,False,0,0,0,0,0,0,0.7681872844696045,0.74038464,0.5669341683387756,0.800000011920929
0,0,0,False,False,False,False,False,0,False,0,0,0,0,1,0,0.7664998769760132,0.74038464,0.5671619176864624,0.800000011920929
0,0,0,False,False,False,False,False,0,False,0,0,0,0,2,0,0.7647788524627686,0.75,0.5682907104492188,0.800000011920929
0,0,0,False,False,False,False,False,0,False,0,0,0,0,3,0,0.7629700303077698,0.75961536,0.5691794157028198,0.7714285850524902
0,0,0,False,False,False,False,False,0,False,0,0,0,0,4,0,0.7610095739364624,0.7692308,0.5685939192771912,0.7714285850524902
