nan_loss,test_not_well,test_turn_bad,sc_accuracy,died_relu,vanish_gradient,explode_gradient,nan_gradient,large_weight,nan_weight,weight_change_little,decrease_acc,increase_loss,cons_mean_weight,cons_std_weight,nan_acc,loss,acc,val_loss,val_acc
0,0,0,False,False,False,False,False,0,False,0,0,0,0,0,0,0.7420388460159302,0.59615386,0.6005644798278809,0.7222222089767456
0,0,0,False,False,False,False,False,0,False,0,0,0,0,1,0,0.7367173433303833,0.5769231,0.5952140092849731,0.6666666865348816
0,0,0,False,False,False,False,False,0,False,0,0,0,0,2,0,0.7307349443435669,0.5576923,0.5919502377510071,0.6666666865348816
0,0,0,False,False,False,False,False,0,False,0,0,0,0,3,0,0.7252649068832397,0.5576923,0.590175211429596,0.6666666865348816
0,0,0,False,False,False,False,False,0,False,0,0,0,0,4,0,0.7206767201423645,0.53846157,0.5883092284202576,0.6666666865348816
