nan_loss,test_not_well,test_turn_bad,sc_accuracy,died_relu,vanish_gradient,explode_gradient,nan_gradient,large_weight,nan_weight,weight_change_little,decrease_acc,increase_loss,cons_mean_weight,cons_std_weight,nan_acc,loss,acc,val_loss,val_acc
0,0,0,False,False,False,False,False,0,False,0,0,0,0,0,0,0.714463622142107,0.6923077,0.6133822798728943,0.807692289352417
0,0,0,False,False,False,False,False,0,False,0,0,0,0,1,0,0.6987103682297927,0.71153843,0.5834879875183105,0.8461538553237915
0,0,0,False,False,False,False,False,0,False,0,0,0,0,2,0,0.6970660411394559,0.724359,0.5819589495658875,0.8653846383094788
0,0,0,False,False,False,False,False,0,False,0,0,0,0,3,0,0.6913852859766055,0.7051282,0.5951601266860962,0.8461538553237915
0,0,0,False,False,False,False,False,0,False,0,0,0,0,4,0,0.687661988612933,0.724359,0.613094687461853,0.807692289352417
