nan_loss,test_not_well,test_turn_bad,sc_accuracy,died_relu,vanish_gradient,explode_gradient,nan_gradient,large_weight,nan_weight,weight_change_little,decrease_acc,increase_loss,cons_mean_weight,cons_std_weight,nan_acc,loss,acc,val_loss,val_acc
0,0,0,False,False,False,False,False,0,False,0,0,0,0,0,0,0.7057101619549286,0.71794873,0.546624983732517,0.7692307829856873
0,0,0,False,False,False,False,False,0,False,0,0,0,0,1,0,0.6667435749983176,0.7692308,0.5575235990377573,0.7307692170143127
0,0,0,False,False,False,False,False,0,False,0,0,0,0,2,0,0.661957846238063,0.76282054,0.5865920323591965,0.7692307829856873
0,0,0,False,False,False,False,False,0,False,0,0,0,0,3,0,0.6854956776667864,0.724359,0.5383121944390811,0.7884615659713745
0,0,0,False,False,False,False,False,0,False,0,0,0,0,4,0,0.6746389728326064,0.74358976,0.5423838725456824,0.7692307829856873
