nan_loss,test_not_well,test_turn_bad,sc_accuracy,died_relu,vanish_gradient,explode_gradient,nan_gradient,large_weight,nan_weight,weight_change_little,decrease_acc,increase_loss,cons_mean_weight,cons_std_weight,nan_acc,loss,acc,val_loss,val_acc
0,0,0,False,False,False,False,False,0,False,0,0,0,0,0,0,1.1912157535552979,0.52884614,1.0514287948608398,0.5142857432365417
0,0,0,False,False,False,False,False,0,False,0,0,0,0,1,0,1.186249017715454,0.52884614,1.05301034450531,0.5142857432365417
0,0,0,False,False,False,False,False,0,False,0,0,0,0,2,0,1.1798875331878662,0.5192308,1.0549672842025757,0.5142857432365417
0,0,0,False,False,False,False,False,0,False,0,0,0,0,3,0,1.1729604005813599,0.52884614,1.0572460889816284,0.5142857432365417
0,0,0,False,False,False,False,False,0,False,0,0,0,0,4,0,1.1659643650054932,0.53846157,1.0597279071807861,0.5142857432365417
