nan_loss,test_not_well,test_turn_bad,sc_accuracy,died_relu,vanish_gradient,explode_gradient,nan_gradient,large_weight,nan_weight,weight_change_little,decrease_acc,increase_loss,cons_mean_weight,cons_std_weight,nan_acc,loss,acc,val_loss,val_acc
0,0,0,False,False,False,False,False,0,False,0,0,0,0,0,0,1.527239441871643,0.625,1.2976540327072144,0.6857143044471741
0,0,0,False,False,False,False,False,0,False,0,0,0,0,1,0,1.523428201675415,0.63461536,1.2891230583190918,0.6857143044471741
0,0,0,False,False,False,False,False,0,False,0,0,0,0,2,0,1.5188558101654053,0.6442308,1.2814912796020508,0.6857143044471741
0,0,0,False,False,False,False,False,0,False,0,0,0,0,3,0,1.5139206647872925,0.65384614,1.2752952575683594,0.6857143044471741
0,0,0,False,False,False,False,False,0,False,0,0,0,0,4,0,1.5085457563400269,0.65384614,1.2703161239624023,0.6857143044471741
