nan_loss,test_not_well,test_turn_bad,sc_accuracy,died_relu,vanish_gradient,explode_gradient,nan_gradient,large_weight,nan_weight,weight_change_little,decrease_acc,increase_loss,cons_mean_weight,cons_std_weight,nan_acc,loss,acc,val_loss,val_acc
0,0,0,False,False,False,False,False,0,False,0,0,0,0,0,0,1.0970219373703003,0.30769232,1.093773365020752,0.4000000059604645
0,0,0,False,False,False,False,False,0,False,0,0,0,0,0,0,1.0970189571380615,0.30769232,1.0937674045562744,0.4000000059604645
0,0,0,False,False,False,False,False,0,False,0,0,0,0,1,0,1.0970157384872437,0.30769232,1.0937615633010864,0.4000000059604645
0,0,0,False,False,False,False,False,0,False,0,0,0,0,1,0,1.0970126390457153,0.30769232,1.0937557220458984,0.4000000059604645
0,0,0,False,False,False,False,False,0,False,0,0,0,0,2,0,1.097009539604187,0.30769232,1.093749761581421,0.4000000059604645
