nan_loss,test_not_well,test_turn_bad,sc_accuracy,died_relu,vanish_gradient,explode_gradient,nan_gradient,large_weight,nan_weight,weight_change_little,decrease_acc,increase_loss,cons_mean_weight,cons_std_weight,nan_acc,loss,acc,val_loss,val_acc
0,0,0,False,False,False,False,False,0,False,0,0,0,0,0,0,0.659294843673706,0.7019231,0.48733383417129517,0.8571428656578064
0,0,0,False,False,False,False,False,0,False,0,0,0,0,1,0,0.6425426006317139,0.75961536,0.5067002773284912,0.8285714387893677
0,0,0,False,False,False,False,False,0,False,0,0,0,0,2,0,0.6390113234519958,0.77884614,0.5341581702232361,0.8285714387893677
0,0,0,False,False,False,False,False,0,False,0,0,0,0,3,0,0.637039065361023,0.77884614,0.5584641695022583,0.800000011920929
0,0,0,False,False,False,False,False,0,False,0,0,0,0,4,0,0.6354487538337708,0.77884614,0.5648415684700012,0.7714285850524902
