nan_loss,test_not_well,test_turn_bad,sc_accuracy,died_relu,vanish_gradient,explode_gradient,nan_gradient,large_weight,nan_weight,weight_change_little,decrease_acc,increase_loss,cons_mean_weight,cons_std_weight,nan_acc,loss,acc,val_loss,val_acc
0,0,0,False,False,False,False,False,0,False,0,0,0,0,0,0,1.3157012462615967,0.625,0.998765766620636,0.6857143044471741
0,0,0,False,False,False,False,False,0,False,0,0,0,0,1,0,1.3124921321868896,0.63461536,0.995084822177887,0.6857143044471741
0,0,0,False,False,False,False,False,0,False,0,0,0,0,2,0,1.308699369430542,0.63461536,0.9900285005569458,0.6571428775787354
0,0,0,False,False,False,False,False,0,False,0,0,0,0,3,0,1.3047537803649902,0.6442308,0.9835540652275085,0.6571428775787354
0,0,0,False,False,False,False,False,0,False,0,0,0,0,4,0,1.3006682395935059,0.6442308,0.9762223362922668,0.6857143044471741
