nan_loss,test_not_well,test_turn_bad,sc_accuracy,died_relu,vanish_gradient,explode_gradient,nan_gradient,large_weight,nan_weight,weight_change_little,decrease_acc,increase_loss,cons_mean_weight,cons_std_weight,nan_acc,loss,acc,val_loss,val_acc
0,0,0,False,False,False,False,False,0,False,0,0,0,0,0,0,0.762202629676232,0.65384614,0.5773661732673645,0.7428571581840515
0,0,0,False,False,False,False,False,0,False,0,0,0,0,1,0,0.7090330765797541,0.71153843,0.5821419954299927,0.8285714387893677
0,0,0,False,False,False,False,False,0,False,0,0,0,0,2,0,0.7009177116247324,0.6730769,0.555027961730957,0.7714285850524902
0,0,0,False,False,False,False,False,0,False,0,0,0,0,3,0,0.6907466466610248,0.6923077,0.5842404365539551,0.7714285850524902
0,0,0,False,False,False,False,False,0,False,0,0,0,0,4,0,0.6842447519302368,0.6442308,0.564041256904602,0.800000011920929
