nan_loss,test_not_well,test_turn_bad,sc_accuracy,died_relu,vanish_gradient,explode_gradient,nan_gradient,large_weight,nan_weight,weight_change_little,decrease_acc,increase_loss,cons_mean_weight,cons_std_weight,nan_acc,loss,acc,val_loss,val_acc
0,0,0,False,False,False,False,False,0,False,0,0,0,0,0,0,0.6852549452048081,0.71153843,0.7037668228149414,0.800000011920929
0,0,0,False,False,False,False,False,0,False,0,0,0,0,1,0,0.6403518548378577,0.72115386,0.6908381581306458,0.7428571581840515
0,0,0,False,False,False,False,False,0,False,0,0,0,0,2,0,0.6522887394978449,0.74038464,0.6853567361831665,0.7142857313156128
0,0,0,False,False,False,False,False,0,False,0,0,0,0,3,0,0.6364290072367742,0.74038464,0.6973264813423157,0.6857143044471741
0,0,0,False,False,False,False,False,0,False,0,0,0,0,4,0,0.6333600511917701,0.72115386,0.6881904006004333,0.7142857313156128
