nan_loss,test_not_well,test_turn_bad,sc_accuracy,died_relu,vanish_gradient,explode_gradient,nan_gradient,large_weight,nan_weight,weight_change_little,decrease_acc,increase_loss,cons_mean_weight,cons_std_weight,nan_acc,loss,acc,val_loss,val_acc
0,0,0,False,False,False,False,False,0,False,0,0,0,0,0,0,0.6640558242797852,0.74038464,0.5584032331194196,0.7428571581840515
0,0,0,False,False,False,False,False,0,False,0,0,0,0,1,0,0.6547405994855441,0.7307692,0.536716183594295,0.800000011920929
0,0,0,False,False,False,False,False,0,False,0,0,0,0,2,0,0.6277727851500878,0.75961536,0.5600563185555595,0.800000011920929
0,0,0,False,False,False,False,False,0,False,0,0,0,0,3,0,0.6208135348099929,0.72115386,0.5705717989376613,0.7428571581840515
0,0,0,False,False,False,False,False,0,False,0,0,0,0,4,0,0.6126832136741052,0.7019231,0.6019726582935878,0.7428571581840515
