nan_loss,test_not_well,test_turn_bad,sc_accuracy,died_relu,vanish_gradient,explode_gradient,nan_gradient,large_weight,nan_weight,weight_change_little,decrease_acc,increase_loss,cons_mean_weight,cons_std_weight,nan_acc,loss,acc,val_loss,val_acc
0,0,0,False,False,False,False,False,0,False,0,0,0,0,0,0,0.7031607031822205,0.7692308,0.7601597905158997,0.7142857313156128
0,0,0,False,False,False,False,False,0,False,0,0,0,0,1,0,0.7006250619888306,0.77884614,0.7597962021827698,0.7428571581840515
0,0,0,False,False,False,False,False,0,False,0,0,0,0,2,0,0.6979900598526001,0.7692308,0.7598571181297302,0.7428571581840515
0,0,0,False,False,False,False,False,0,False,0,0,0,0,3,0,0.6955105662345886,0.7692308,0.7599491477012634,0.7428571581840515
0,0,0,False,False,False,False,False,0,False,0,0,0,0,4,0,0.6929927468299866,0.7692308,0.7598284482955933,0.7428571581840515
