nan_loss,test_not_well,test_turn_bad,sc_accuracy,died_relu,vanish_gradient,explode_gradient,nan_gradient,large_weight,nan_weight,weight_change_little,decrease_acc,increase_loss,cons_mean_weight,cons_std_weight,nan_acc,loss,acc,val_loss,val_acc
0,0,0,False,False,False,False,False,0,False,0,0,0,0,0,0,0.8512668609619141,0.5576923,0.8018419742584229,0.6571428775787354
0,0,0,False,False,False,False,False,0,False,0,0,0,0,1,0,0.8375676870346069,0.5673077,0.786090612411499,0.6571428775787354
0,0,0,False,False,False,False,False,0,False,0,0,0,0,2,0,0.8218621611595154,0.5769231,0.7675318717956543,0.6857143044471741
0,0,0,False,False,False,False,False,0,False,0,0,0,0,3,0,0.806773841381073,0.5769231,0.7489347457885742,0.6857143044471741
0,0,0,False,False,False,False,False,0,False,0,0,0,0,4,0,0.7920792102813721,0.5769231,0.7315659523010254,0.6857143044471741
