nan_loss,test_not_well,test_turn_bad,sc_accuracy,died_relu,vanish_gradient,explode_gradient,nan_gradient,large_weight,nan_weight,weight_change_little,decrease_acc,increase_loss,cons_mean_weight,cons_std_weight,nan_acc,loss,acc,val_loss,val_acc
0,0,0,False,False,False,False,False,0,False,0,0,0,0,0,0,0.6935020960294284,0.6826923,0.6076262593269348,0.7142857313156128
0,0,0,False,False,False,False,False,0,False,0,0,0,0,1,0,0.6699296190188482,0.66346157,0.6037103533744812,0.6857143044471741
0,0,0,False,False,False,False,False,0,False,0,0,0,0,2,0,0.6649314623612624,0.7307692,0.6311320662498474,0.7142857313156128
0,0,0,False,False,False,False,False,0,False,0,0,0,0,3,0,0.6594801590992854,0.6923077,0.6219587326049805,0.7142857313156128
0,0,0,False,False,False,False,False,0,False,0,0,0,0,4,0,0.6590582453287565,0.6923077,0.6082916855812073,0.7142857313156128
