nan_loss,test_not_well,test_turn_bad,sc_accuracy,died_relu,vanish_gradient,explode_gradient,nan_gradient,large_weight,nan_weight,weight_change_little,decrease_acc,increase_loss,cons_mean_weight,cons_std_weight,nan_acc,loss,acc,val_loss,val_acc
0,0,0,False,False,False,False,False,0,False,0,0,0,0,0,0,1.1508322954177856,0.53846157,0.986359715461731,0.48571428656578064
0,0,0,False,False,False,False,False,0,False,0,0,0,0,1,0,1.1323692798614502,0.53846157,1.0004627704620361,0.5142857432365417
0,0,0,False,False,False,False,False,0,False,0,0,0,0,2,0,1.1095969676971436,0.5576923,1.015019416809082,0.5142857432365417
0,0,0,False,False,False,False,False,0,False,0,0,0,0,3,0,1.0864851474761963,0.58653843,1.0253530740737915,0.5714285969734192
0,0,0,False,False,False,False,False,0,False,0,0,0,0,4,0,1.065138339996338,0.63461536,1.02882981300354,0.5428571701049805
