nan_loss,test_not_well,test_turn_bad,sc_accuracy,died_relu,vanish_gradient,explode_gradient,nan_gradient,large_weight,nan_weight,weight_change_little,decrease_acc,increase_loss,cons_mean_weight,cons_std_weight,nan_acc,loss,acc,val_loss,val_acc
0,0,0,False,False,False,False,False,0,False,0,0,0,0,0,0,0.6758900880813599,0.75961536,0.666935384273529,0.800000011920929
0,0,0,False,False,False,False,False,0,False,0,0,0,0,1,0,0.6698824167251587,0.75961536,0.6648352146148682,0.800000011920929
0,0,0,False,False,False,False,False,0,False,0,0,0,0,2,0,0.6673520803451538,0.77884614,0.665980339050293,0.7714285850524902
0,0,0,False,False,False,False,False,0,False,0,0,0,0,3,0,0.6643540263175964,0.77884614,0.6673638820648193,0.7714285850524902
0,0,0,False,False,False,False,False,0,False,0,0,0,0,4,0,0.6590651869773865,0.77884614,0.6693168878555298,0.7714285850524902
