nan_loss,test_not_well,test_turn_bad,sc_accuracy,died_relu,vanish_gradient,explode_gradient,nan_gradient,large_weight,nan_weight,weight_change_little,decrease_acc,increase_loss,cons_mean_weight,cons_std_weight,nan_acc,loss,acc,val_loss,val_acc
0,0,0,False,False,False,False,False,0,False,0,0,0,0,0,0,1.1500531435012817,0.53846157,1.027266502380371,0.5142857432365417
0,0,0,False,False,False,False,False,0,False,0,0,0,0,1,0,1.1307663917541504,0.5576923,1.0495784282684326,0.5428571701049805
0,0,0,False,False,False,False,False,0,False,0,0,0,0,2,0,1.1141070127487183,0.5192308,1.0680524110794067,0.5428571701049805
0,0,0,False,False,False,False,False,0,False,0,0,0,0,3,0,1.0996241569519043,0.52884614,1.0797723531723022,0.5428571701049805
0,0,0,False,False,False,False,False,0,False,0,0,0,0,4,0,1.0867873430252075,0.5673077,1.0797560214996338,0.5142857432365417
