nan_loss,test_not_well,test_turn_bad,sc_accuracy,died_relu,vanish_gradient,explode_gradient,nan_gradient,large_weight,nan_weight,weight_change_little,decrease_acc,increase_loss,cons_mean_weight,cons_std_weight,nan_acc,loss,acc,val_loss,val_acc
0,0,0,False,False,False,False,False,0,False,0,0,0,0,0,0,1.1659531593322754,0.4903846,1.09505295753479,0.48571428656578064
0,0,0,False,False,False,False,False,0,False,0,0,0,0,1,0,1.1434739828109741,0.53846157,1.0663083791732788,0.48571428656578064
0,0,0,False,False,False,False,False,0,False,0,0,0,0,2,0,1.1212316751480103,0.52884614,1.0330363512039185,0.48571428656578064
0,0,0,False,False,False,False,False,0,False,0,0,0,0,3,0,1.099677324295044,0.5192308,1.0134297609329224,0.5428571701049805
0,0,0,False,False,False,False,False,0,False,0,0,0,0,4,0,1.0777666568756104,0.52884614,1.0129138231277466,0.5142857432365417
