nan_loss,test_not_well,test_turn_bad,sc_accuracy,died_relu,vanish_gradient,explode_gradient,nan_gradient,large_weight,nan_weight,weight_change_little,decrease_acc,increase_loss,cons_mean_weight,cons_std_weight,nan_acc,loss,acc,val_loss,val_acc
0,0,0,False,False,False,False,False,0,False,0,0,0,0,0,0,0.6605129792140081,0.7692308,0.705626904964447,0.7428571581840515
0,0,0,False,False,False,False,False,0,False,0,0,0,0,0,0,0.659528700204996,0.7692308,0.7043277621269226,0.7428571581840515
0,0,0,False,False,False,False,False,0,False,0,0,0,0,1,0,0.6980253549722525,0.75961536,0.7025588750839233,0.7428571581840515
0,0,0,False,False,False,False,False,0,False,0,0,0,0,1,0,0.6789697133577787,0.7692308,0.7041413187980652,0.7428571581840515
0,0,0,False,False,False,False,False,0,False,0,0,0,0,1,0,0.6718447712751535,0.75961536,0.6967158317565918,0.7428571581840515
