nan_loss,test_not_well,test_turn_bad,sc_accuracy,died_relu,vanish_gradient,explode_gradient,nan_gradient,large_weight,nan_weight,weight_change_little,decrease_acc,increase_loss,cons_mean_weight,cons_std_weight,nan_acc,loss,acc,val_loss,val_acc
0,0,0,False,False,False,False,False,0,False,0,0,0,0,0,0,1.1540037393569946,0.63461536,0.8245038986206055,0.6857143044471741
0,0,0,False,False,False,False,False,0,False,0,0,0,0,1,0,1.1418932676315308,0.6442308,0.8506859540939331,0.6857143044471741
0,0,0,False,False,False,False,False,0,False,0,0,0,0,2,0,1.133366346359253,0.65384614,0.8722765445709229,0.7142857313156128
0,0,0,False,False,False,False,False,0,False,0,0,0,0,3,0,1.1298729181289673,0.6442308,0.8872531056404114,0.7142857313156128
0,0,0,False,False,False,False,False,0,False,0,0,0,0,4,0,1.1265614032745361,0.6442308,0.8926709890365601,0.7142857313156128
