nan_loss,test_not_well,test_turn_bad,sc_accuracy,died_relu,vanish_gradient,explode_gradient,nan_gradient,large_weight,nan_weight,weight_change_little,decrease_acc,increase_loss,cons_mean_weight,cons_std_weight,nan_acc,loss,acc,val_loss,val_acc
0,0,0,False,False,False,False,False,0,False,0,0,0,0,0,0,0.8512668609619141,0.5576923,0.8024790287017822,0.6571428775787354
0,0,0,False,False,False,False,False,0,False,0,0,0,0,1,0,0.8383007049560547,0.5673077,0.7872516512870789,0.6571428775787354
0,0,0,False,False,False,False,False,0,False,0,0,0,0,2,0,0.8228639364242554,0.5769231,0.7684197425842285,0.6857143044471741
0,0,0,False,False,False,False,False,0,False,0,0,0,0,3,0,0.8074651956558228,0.5769231,0.7492663264274597,0.6857143044471741
0,0,0,False,False,False,False,False,0,False,0,0,0,0,4,0,0.7923778891563416,0.5769231,0.7309669256210327,0.6857143044471741
