nan_loss,test_not_well,test_turn_bad,sc_accuracy,died_relu,vanish_gradient,explode_gradient,nan_gradient,large_weight,nan_weight,weight_change_little,decrease_acc,increase_loss,cons_mean_weight,cons_std_weight,nan_acc,loss,acc,val_loss,val_acc
0,0,0,False,False,False,False,False,0,False,0,0,0,0,0,0,0.6464430093765259,0.6923077,0.4035044014453888,0.8333333134651184
0,0,0,False,False,False,False,False,0,False,0,0,0,0,1,0,0.6262972950935364,0.8076923,0.3742161691188812,0.8888888955116272
0,0,0,False,False,False,False,False,0,False,0,0,0,0,2,0,0.6215248107910156,0.78846157,0.35773852467536926,0.8888888955116272
0,0,0,False,False,False,False,False,0,False,0,0,0,0,3,0,0.6159791946411133,0.78846157,0.3512195646762848,0.9444444179534912
0,0,0,False,False,False,False,False,0,False,0,0,0,0,4,0,0.6070693731307983,0.78846157,0.35654228925704956,0.9444444179534912
