nan_loss,test_not_well,test_turn_bad,sc_accuracy,died_relu,vanish_gradient,explode_gradient,nan_gradient,large_weight,nan_weight,weight_change_little,decrease_acc,increase_loss,cons_mean_weight,cons_std_weight,nan_acc,loss,acc,val_loss,val_acc
0,0,0,False,False,False,False,False,0,False,0,0,0,0,0,0,1.0611670017242432,0.61538464,0.8132511973381042,0.6857143044471741
0,0,0,False,False,False,False,False,0,False,0,0,0,0,1,0,1.0570552349090576,0.61538464,0.8109111189842224,0.6857143044471741
0,0,0,False,False,False,False,False,0,False,0,0,0,0,2,0,1.0521509647369385,0.61538464,0.8081967830657959,0.6857143044471741
0,0,0,False,False,False,False,False,0,False,0,0,0,0,3,0,1.0469505786895752,0.61538464,0.8054150938987732,0.7142857313156128
0,0,0,False,False,False,False,False,0,False,0,0,0,0,4,0,1.0417859554290771,0.63461536,0.8027672171592712,0.7142857313156128
