nan_loss,test_not_well,test_turn_bad,sc_accuracy,died_relu,vanish_gradient,explode_gradient,nan_gradient,large_weight,nan_weight,weight_change_little,decrease_acc,increase_loss,cons_mean_weight,cons_std_weight,nan_acc,loss,acc,val_loss,val_acc
0,0,0,False,False,False,False,False,0,False,0,0,0,0,0,0,0.7385326440517719,0.47115386,0.6979741454124451,0.6285714507102966
0,0,0,False,False,False,False,False,0,False,0,0,0,0,1,0,0.738340689585759,0.47115386,0.6975105404853821,0.6285714507102966
0,0,0,False,False,False,False,False,0,False,0,0,0,0,2,0,0.7380729363514826,0.47115386,0.697070837020874,0.6285714507102966
0,0,0,False,False,False,False,False,0,False,0,0,0,0,3,0,0.7379026779761682,0.47115386,0.6966807246208191,0.6285714507102966
0,0,0,False,False,False,False,False,0,False,0,0,0,0,4,0,0.7376661621607267,0.47115386,0.6963045597076416,0.6285714507102966
