nan_loss,test_not_well,test_turn_bad,sc_accuracy,died_relu,vanish_gradient,explode_gradient,nan_gradient,large_weight,nan_weight,weight_change_little,decrease_acc,increase_loss,cons_mean_weight,cons_std_weight,nan_acc,loss,acc,val_loss,val_acc
0,0,0,False,False,False,False,False,0,False,0,0,0,0,0,0,0.7686672806739807,0.7692308,0.47896453738212585,0.7777777910232544
0,0,0,False,False,False,False,False,0,False,0,0,0,0,1,0,0.7636935114860535,0.78846157,0.4786565601825714,0.8333333134651184
0,0,0,False,False,False,False,False,0,False,0,0,0,0,2,0,0.7595463395118713,0.78846157,0.4758678674697876,0.8333333134651184
0,0,0,False,False,False,False,False,0,False,0,0,0,0,3,0,0.7557019591331482,0.78846157,0.4726952314376831,0.8333333134651184
0,0,0,False,False,False,False,False,0,False,0,0,0,0,4,0,0.7522134780883789,0.7692308,0.47051042318344116,0.8333333134651184
