nan_loss,test_not_well,test_turn_bad,sc_accuracy,died_relu,vanish_gradient,explode_gradient,nan_gradient,large_weight,nan_weight,weight_change_little,decrease_acc,increase_loss,cons_mean_weight,cons_std_weight,nan_acc,loss,acc,val_loss,val_acc
0,0,0,False,False,False,False,False,0,False,0,0,0,0,0,0,1.1500530242919922,0.53846157,1.0259491205215454,0.48571428656578064
0,0,0,False,False,False,False,False,0,False,0,0,0,0,1,0,1.1316184997558594,0.5576923,1.0470949411392212,0.5428571701049805
0,0,0,False,False,False,False,False,0,False,0,0,0,0,2,0,1.11542546749115,0.5192308,1.064862847328186,0.5428571701049805
0,0,0,False,False,False,False,False,0,False,0,0,0,0,3,0,1.1014106273651123,0.52884614,1.0768743753433228,0.5428571701049805
0,0,0,False,False,False,False,False,0,False,0,0,0,0,4,0,1.0888053178787231,0.5576923,1.0789527893066406,0.5428571701049805
