nan_loss,test_not_well,test_turn_bad,sc_accuracy,died_relu,vanish_gradient,explode_gradient,nan_gradient,large_weight,nan_weight,weight_change_little,decrease_acc,increase_loss,cons_mean_weight,cons_std_weight,nan_acc,loss,acc,val_loss,val_acc
0,0,0,False,False,False,False,False,0,False,0,0,0,0,0,0,0.7209326028823853,0.66346157,0.725875198841095,0.7428571581840515
0,0,0,False,False,False,False,False,0,False,0,0,0,0,1,0,0.6463105036662176,0.6826923,0.7231026291847229,0.6857143044471741
0,0,0,False,False,False,False,False,0,False,0,0,0,0,2,0,0.6393592449334952,0.71153843,0.7164039611816406,0.7142857313156128
0,0,0,False,False,False,False,False,0,False,0,0,0,0,3,0,0.6359928938058707,0.7307692,0.7190802693367004,0.7142857313156128
0,0,0,False,False,False,False,False,0,False,0,0,0,0,4,0,0.6593322387108436,0.6923077,0.723555326461792,0.7714285850524902
