nan_loss,test_not_well,test_turn_bad,sc_accuracy,died_relu,vanish_gradient,explode_gradient,nan_gradient,large_weight,nan_weight,weight_change_little,decrease_acc,increase_loss,cons_mean_weight,cons_std_weight,nan_acc,loss,acc,val_loss,val_acc
0,0,0,False,False,False,False,False,0,False,0,0,0,0,0,0,0.7617742189994225,0.73717946,0.6499770879745483,0.7692307829856873
0,0,0,False,False,False,False,False,0,False,0,0,0,0,1,0,0.7555240637216812,0.75,0.651628851890564,0.7692307829856873
0,0,0,False,False,False,False,False,0,False,0,0,0,0,2,0,0.7523512458189939,0.73717946,0.6567471623420715,0.7692307829856873
0,0,0,False,False,False,False,False,0,False,0,0,0,0,3,0,0.7499411870271732,0.74358976,0.6627702116966248,0.7692307829856873
0,0,0,False,False,False,False,False,0,False,0,0,0,0,4,0,0.7498710782099993,0.74358976,0.6707059144973755,0.7692307829856873
