nan_loss,test_not_well,test_turn_bad,sc_accuracy,died_relu,vanish_gradient,explode_gradient,nan_gradient,large_weight,nan_weight,weight_change_little,decrease_acc,increase_loss,cons_mean_weight,cons_std_weight,nan_acc,loss,acc,val_loss,val_acc
0,0,0,False,False,False,False,False,0,False,0,0,0,0,0,0,0.7041404629364992,0.73717946,0.525886595249176,0.7884615659713745
0,0,0,False,False,False,False,False,0,False,0,0,0,0,1,0,0.694544024956532,0.75641024,0.5450623035430908,0.807692289352417
0,0,0,False,False,False,False,False,0,False,0,0,0,0,2,0,0.6904876247430459,0.775641,0.5638524293899536,0.7692307829856873
0,0,0,False,False,False,False,False,0,False,0,0,0,0,3,0,0.6888895844801878,0.775641,0.574769139289856,0.7692307829856873
0,0,0,False,False,False,False,False,0,False,0,0,0,0,4,0,0.6869964844141251,0.76282054,0.5738657712936401,0.7884615659713745
