nan_loss,test_not_well,test_turn_bad,sc_accuracy,died_relu,vanish_gradient,explode_gradient,nan_gradient,large_weight,nan_weight,weight_change_little,decrease_acc,increase_loss,cons_mean_weight,cons_std_weight,nan_acc,loss,acc,val_loss,val_acc
0,0,0,False,False,False,False,False,0,False,0,0,0,0,0,0,1.0518644681343665,0.53846157,0.7279065132141114,0.5714285969734192
0,0,0,False,False,False,False,False,0,False,0,0,0,0,1,0,0.9552267973239605,0.5576923,0.7765591553279332,0.5142857432365417
0,0,0,False,False,False,False,False,0,False,0,0,0,0,2,0,0.8801734481866543,0.5673077,0.887030053138733,0.5142857432365417
0,0,0,False,False,False,False,False,0,False,0,0,0,0,3,0,0.8645619520774255,0.5769231,0.8495560135160174,0.5142857432365417
0,0,0,False,False,False,False,False,0,False,0,0,0,0,4,0,0.8764485395871676,0.58653843,0.8537016357694354,0.5142857432365417
