nan_loss,test_not_well,test_turn_bad,sc_accuracy,died_relu,vanish_gradient,explode_gradient,nan_gradient,large_weight,nan_weight,weight_change_little,decrease_acc,increase_loss,cons_mean_weight,cons_std_weight,nan_acc,loss,acc,val_loss,val_acc
0,0,0,False,False,False,False,False,0,False,0,0,0,0,0,0,1.1021485328674316,0.5673077,0.8461803197860718,0.6857143044471741
0,0,0,False,False,False,False,False,0,False,0,0,0,0,1,0,1.0728189945220947,0.61538464,0.8126197457313538,0.6857143044471741
0,0,0,False,False,False,False,False,0,False,0,0,0,0,2,0,1.0499171018600464,0.625,0.7998530864715576,0.6857143044471741
0,0,0,False,False,False,False,False,0,False,0,0,0,0,3,0,1.034298062324524,0.63461536,0.7963472604751587,0.6571428775787354
0,0,0,False,False,False,False,False,0,False,0,0,0,0,4,0,1.0222612619400024,0.63461536,0.7969529032707214,0.6857143044471741
