nan_loss,test_not_well,test_turn_bad,sc_accuracy,died_relu,vanish_gradient,explode_gradient,nan_gradient,large_weight,nan_weight,weight_change_little,decrease_acc,increase_loss,cons_mean_weight,cons_std_weight,nan_acc,loss,acc,val_loss,val_acc
0,0,0,False,False,False,False,False,0,False,0,0,0,0,0,0,0.7506366968154907,0.5576923,0.6054652333259583,0.6000000238418579
0,0,0,False,False,False,False,False,0,False,0,0,0,0,1,0,0.6901082396507263,0.61538464,0.6162890791893005,0.5714285969734192
0,0,0,False,False,False,False,False,0,False,0,0,0,0,2,0,0.6587269306182861,0.63461536,0.6794160008430481,0.5142857432365417
0,0,0,False,False,False,False,False,0,False,0,0,0,0,3,0,0.669915497303009,0.61538464,0.7087743282318115,0.5142857432365417
0,0,0,False,False,False,False,False,0,False,0,0,0,0,4,0,0.6793899536132812,0.61538464,0.6965229511260986,0.5142857432365417
