nan_loss,test_not_well,test_turn_bad,sc_accuracy,died_relu,vanish_gradient,explode_gradient,nan_gradient,large_weight,nan_weight,weight_change_little,decrease_acc,increase_loss,cons_mean_weight,cons_std_weight,nan_acc,loss,acc,val_loss,val_acc
0,0,0,False,False,False,False,False,0,False,0,0,0,0,0,0,0.7297541193473034,0.71794873,0.6412429213523865,0.8269230723381042
0,0,0,False,False,False,False,False,0,False,0,0,0,0,1,0,0.7253783398713821,0.724359,0.6427717804908752,0.807692289352417
0,0,0,False,False,False,False,False,0,False,0,0,0,0,2,0,0.7223413724165696,0.7307692,0.6381507515907288,0.807692289352417
0,0,0,False,False,False,False,False,0,False,0,0,0,0,3,0,0.719543898716951,0.7307692,0.63851398229599,0.8269230723381042
0,0,0,False,False,False,False,False,0,False,0,0,0,0,4,0,0.7157338903500483,0.73717946,0.6470826268196106,0.8653846383094788
