nan_loss,test_not_well,test_turn_bad,sc_accuracy,died_relu,vanish_gradient,explode_gradient,nan_gradient,large_weight,nan_weight,weight_change_little,decrease_acc,increase_loss,cons_mean_weight,cons_std_weight,nan_acc,loss,acc,val_loss,val_acc
0,0,0,False,False,False,False,False,0,False,0,0,0,0,0,0,0.8663873259837811,0.74358976,0.6779807691390698,0.807692289352417
0,0,0,False,False,False,False,False,0,False,0,0,0,0,1,0,0.8630132124974177,0.724359,0.7109980032994196,0.7307692170143127
0,0,0,False,False,False,False,False,0,False,0,0,0,0,2,0,0.850395564085398,0.73717946,0.6755355115120227,0.807692289352417
0,0,0,False,False,False,False,False,0,False,0,0,0,0,3,0,0.8348217346729376,0.73717946,0.6992411475915176,0.7692307829856873
0,0,0,False,False,False,False,False,0,False,0,0,0,0,4,0,0.8420219673560216,0.724359,0.7147441643934983,0.7307692170143127
