nan_loss,test_not_well,test_turn_bad,sc_accuracy,died_relu,vanish_gradient,explode_gradient,nan_gradient,large_weight,nan_weight,weight_change_little,decrease_acc,increase_loss,cons_mean_weight,cons_std_weight,nan_acc,loss,acc,val_loss,val_acc
0,0,0,False,False,False,False,False,0,False,0,0,0,0,0,0,0.8681051960358253,0.7692308,0.45637163519859314,0.8333333134651184
0,0,0,False,False,False,False,False,0,False,0,0,0,0,1,0,0.8521561209972088,0.78846157,0.4525492489337921,0.8333333134651184
0,0,0,False,False,False,False,False,0,False,0,0,0,0,2,0,0.8394214877715478,0.8076923,0.44736921787261963,0.8333333134651184
0,0,0,False,False,False,False,False,0,False,0,0,0,0,3,0,0.8346648216247559,0.8076923,0.45065879821777344,0.8333333134651184
0,0,0,False,False,False,False,False,0,False,0,0,0,0,4,0,0.8335547080406775,0.8076923,0.45257288217544556,0.8333333134651184
