nan_loss,test_not_well,test_turn_bad,sc_accuracy,died_relu,vanish_gradient,explode_gradient,nan_gradient,large_weight,nan_weight,weight_change_little,decrease_acc,increase_loss,cons_mean_weight,cons_std_weight,nan_acc,loss,acc,val_loss,val_acc
0,0,0,False,False,False,False,False,0,False,0,0,0,0,0,0,0.6532025933265686,0.75961536,0.5619111657142639,0.8571428656578064
0,0,0,False,False,False,False,False,0,False,0,0,0,0,1,0,0.630623459815979,0.75961536,0.5806691646575928,0.8285714387893677
0,0,0,False,False,False,False,False,0,False,0,0,0,0,2,0,0.6269105076789856,0.7692308,0.5847348570823669,0.8285714387893677
0,0,0,False,False,False,False,False,0,False,0,0,0,0,3,0,0.6162545680999756,0.75961536,0.580627977848053,0.8571428656578064
0,0,0,False,False,False,False,False,0,False,0,0,0,0,4,0,0.6064247488975525,0.78846157,0.5786610245704651,0.800000011920929
