nan_loss,test_not_well,test_turn_bad,sc_accuracy,died_relu,vanish_gradient,explode_gradient,nan_gradient,large_weight,nan_weight,weight_change_little,decrease_acc,increase_loss,cons_mean_weight,cons_std_weight,nan_acc,loss,acc,val_loss,val_acc
0,0,0,False,False,False,1,False,0,False,0,0,0,0,0,0,0.657528084058028,0.7307692,0.5805446829114641,0.7714285850524902
0,0,0,False,False,False,2,False,0,False,0,0,0,0,1,0,0.6543470025062561,0.6730769,0.556657760483878,0.800000011920929
0,0,0,False,False,False,2,False,0,False,0,0,0,0,2,0,0.609560081591973,0.6923077,0.547630226612091,0.7428571581840515
0,0,0,False,False,False,2,False,0,False,0,0,0,0,3,0,0.6005056592134329,0.72115386,0.5807368857519967,0.7428571581840515
0,0,0,False,False,False,2,False,0,False,0,0,0,0,4,0,0.609776836175185,0.6923077,0.5567514828273228,0.7142857313156128
