nan_loss,test_not_well,test_turn_bad,sc_accuracy,died_relu,vanish_gradient,explode_gradient,nan_gradient,large_weight,nan_weight,weight_change_little,decrease_acc,increase_loss,cons_mean_weight,cons_std_weight,nan_acc,loss,acc,val_loss,val_acc
0,0,0,False,False,False,False,False,0,False,0,0,0,0,0,0,0.7899513244628906,0.7692308,0.4849023222923279,0.8333333134651184
0,0,0,False,False,False,False,False,0,False,0,0,0,0,1,0,0.7847130298614502,0.7692308,0.47054624557495117,0.7777777910232544
0,0,0,False,False,False,False,False,0,False,0,0,0,0,2,0,0.778992235660553,0.7692308,0.4565642774105072,0.7777777910232544
0,0,0,False,False,False,False,False,0,False,0,0,0,0,3,0,0.7740436792373657,0.7692308,0.445146769285202,0.7777777910232544
0,0,0,False,False,False,False,False,0,False,0,0,0,0,4,0,0.7702944278717041,0.7692308,0.4370839595794678,0.7777777910232544
