nan_loss,test_not_well,test_turn_bad,sc_accuracy,died_relu,vanish_gradient,explode_gradient,nan_gradient,large_weight,nan_weight,weight_change_little,decrease_acc,increase_loss,cons_mean_weight,cons_std_weight,nan_acc,loss,acc,val_loss,val_acc
0,0,0,False,False,False,False,False,0,False,0,0,0,0,0,0,0.8863665759563446,0.7692308,0.46502626811464626,0.8333333134651184
0,0,0,False,False,False,False,False,0,False,0,0,0,0,1,0,0.8620164486078116,0.78846157,0.4409743824766742,0.8333333134651184
0,0,0,False,False,False,False,False,0,False,0,0,0,0,2,0,0.8540855554433969,0.78846157,0.4510633187989394,0.8333333134651184
0,0,0,False,False,False,False,False,0,False,0,0,0,0,3,0,0.8373048030413114,0.7692308,0.4581933584478166,0.8333333134651184
0,0,0,False,False,False,False,False,0,False,0,0,0,0,4,0,0.8305977261983432,0.78846157,0.4533113112880124,0.7777777910232544
