nan_loss,test_not_well,test_turn_bad,sc_accuracy,died_relu,vanish_gradient,explode_gradient,nan_gradient,large_weight,nan_weight,weight_change_little,decrease_acc,increase_loss,cons_mean_weight,cons_std_weight,nan_acc,loss,acc,val_loss,val_acc
0,0,0,False,False,False,False,False,0,False,0,0,0,0,0,0,0.6227701749557104,0.724359,0.5792046991678385,0.7692307829856873
0,0,0,False,False,False,False,False,0,False,0,0,0,0,1,0,0.6077283773666773,0.73717946,0.5659461548695197,0.7692307829856873
0,0,0,False,False,False,False,False,0,False,0,0,0,0,2,0,0.5899352247898395,0.724359,0.7190546714342557,0.6346153616905212
0,0,0,False,False,False,False,False,0,False,0,0,0,0,3,0,0.6088005350186274,0.7307692,0.7374670001176687,0.6346153616905212
0,0,0,False,False,False,False,False,0,False,0,0,0,0,4,0,0.5852565795947344,0.74358976,0.6239899832468766,0.7115384340286255
