nan_loss,test_not_well,test_turn_bad,sc_accuracy,died_relu,vanish_gradient,explode_gradient,nan_gradient,large_weight,nan_weight,weight_change_little,decrease_acc,increase_loss,cons_mean_weight,cons_std_weight,nan_acc,loss,acc,val_loss,val_acc
0,0,0,False,False,False,False,False,0,False,0,0,0,0,0,0,0.7211824609683111,0.48076922,0.699859082698822,0.5142857432365417
0,0,0,False,False,False,False,False,0,False,0,0,0,0,1,0,0.7182473861254178,0.48076922,0.6960223317146301,0.5142857432365417
0,0,0,False,False,False,False,False,0,False,0,0,0,0,2,0,0.715606900361868,0.5,0.6938672661781311,0.5428571701049805
0,0,0,False,False,False,False,False,0,False,0,0,0,0,3,0,0.714310503922976,0.5192308,0.6915398240089417,0.6000000238418579
0,0,0,False,False,False,False,False,0,False,0,0,0,0,4,0,0.7128658019579374,0.53846157,0.6901142597198486,0.6000000238418579
