nan_loss,test_not_well,test_turn_bad,sc_accuracy,died_relu,vanish_gradient,explode_gradient,nan_gradient,large_weight,nan_weight,weight_change_little,decrease_acc,increase_loss,cons_mean_weight,cons_std_weight,nan_acc,loss,acc,val_loss,val_acc
0,0,0,False,False,False,False,False,0,False,0,0,0,0,0,0,1.1508322954177856,0.53846157,0.9859521985054016,0.48571428656578064
0,0,0,False,False,False,False,False,0,False,0,0,0,0,1,0,1.133028507232666,0.53846157,0.9992105960845947,0.5142857432365417
0,0,0,False,False,False,False,False,0,False,0,0,0,0,2,0,1.1112383604049683,0.5576923,1.0131769180297852,0.5142857432365417
0,0,0,False,False,False,False,False,0,False,0,0,0,0,3,0,1.0889620780944824,0.58653843,1.0234938859939575,0.5714285969734192
0,0,0,False,False,False,False,False,0,False,0,0,0,0,4,0,1.068376064300537,0.63461536,1.0278263092041016,0.5428571701049805
