nan_loss,test_not_well,test_turn_bad,sc_accuracy,died_relu,vanish_gradient,explode_gradient,nan_gradient,large_weight,nan_weight,weight_change_little,decrease_acc,increase_loss,cons_mean_weight,cons_std_weight,nan_acc,loss,acc,val_loss,val_acc
0,0,0,False,False,False,False,False,0,False,0,0,0,0,0,0,0.7398629784584045,0.7692308,0.3960801362991333,0.7777777910232544
0,0,0,False,False,False,False,False,0,False,0,0,0,0,1,0,0.7252862453460693,0.8076923,0.38604220747947693,0.8888888955116272
0,0,0,False,False,False,False,False,0,False,0,0,0,0,2,0,0.718593180179596,0.8076923,0.3910950720310211,0.8888888955116272
0,0,0,False,False,False,False,False,0,False,0,0,0,0,3,0,0.7137369513511658,0.78846157,0.40347427129745483,0.8888888955116272
0,0,0,False,False,False,False,False,0,False,0,0,0,0,4,0,0.7094686031341553,0.8076923,0.4170892834663391,0.8333333134651184
