nan_loss,test_not_well,test_turn_bad,sc_accuracy,died_relu,vanish_gradient,explode_gradient,nan_gradient,large_weight,nan_weight,weight_change_little,decrease_acc,increase_loss,cons_mean_weight,cons_std_weight,nan_acc,loss,acc,val_loss,val_acc
0,0,0,False,False,False,False,False,0,False,0,0,0,0,0,0,0.6872722919170673,0.74038464,0.5230146595409938,0.800000011920929
0,0,0,False,False,False,False,False,0,False,0,0,0,0,1,0,0.6771905559759873,0.7307692,0.5532733116831098,0.7714285850524902
0,0,0,False,False,False,False,False,0,False,0,0,0,0,2,0,0.6822374417231634,0.75961536,0.5276146003178188,0.7714285850524902
0,0,0,False,False,False,False,False,0,False,0,0,0,0,3,0,0.7040988206863403,0.7307692,0.5200643011501858,0.7714285850524902
0,0,0,False,False,False,False,False,0,False,0,0,0,0,4,0,0.6735778290491837,0.75961536,0.5222148435456412,0.7714285850524902
