nan_loss,test_not_well,test_turn_bad,sc_accuracy,died_relu,vanish_gradient,explode_gradient,nan_gradient,large_weight,nan_weight,weight_change_little,decrease_acc,increase_loss,cons_mean_weight,cons_std_weight,nan_acc,loss,acc,val_loss,val_acc
0,0,0,False,False,False,False,False,0,False,0,0,0,0,0,0,0.7002471089363098,0.52884614,0.6585906147956848,0.5142857432365417
0,0,0,False,False,False,False,False,0,False,0,0,0,0,1,0,0.6933573484420776,0.53846157,0.6646125912666321,0.5142857432365417
0,0,0,False,False,False,False,False,0,False,0,0,0,0,2,0,0.6905243396759033,0.5480769,0.6656094193458557,0.5142857432365417
0,0,0,False,False,False,False,False,0,False,0,0,0,0,4,0,0.6842613220214844,0.5480769,0.6734374761581421,0.48571428656578064
0,0,0,False,False,False,False,False,0,False,0,0,0,0,5,0,0.6783076524734497,0.53846157,0.6869111061096191,0.48571428656578064
