nan_loss,test_not_well,test_turn_bad,sc_accuracy,died_relu,vanish_gradient,explode_gradient,nan_gradient,large_weight,nan_weight,weight_change_little,decrease_acc,increase_loss,cons_mean_weight,cons_std_weight,nan_acc,loss,acc,val_loss,val_acc
0,0,0,False,False,False,False,False,0,False,0,0,0,0,0,0,0.6758064581797674,0.58653843,0.6812252402305603,0.5714285969734192
0,0,0,False,False,False,False,False,0,False,0,0,0,0,1,0,0.6757900898273175,0.58653843,0.6812063455581665,0.5714285969734192
0,0,0,False,False,False,False,False,0,False,0,0,0,0,2,0,0.6757839688887963,0.58653843,0.6810129284858704,0.5714285969734192
0,0,0,False,False,False,False,False,0,False,0,0,0,0,3,0,0.6757674125524668,0.58653843,0.6808508038520813,0.5714285969734192
0,0,0,False,False,False,False,False,0,False,0,0,0,0,4,0,0.675681288425739,0.58653843,0.6807447671890259,0.5714285969734192
