nan_loss,test_not_well,test_turn_bad,sc_accuracy,died_relu,vanish_gradient,explode_gradient,nan_gradient,large_weight,nan_weight,weight_change_little,decrease_acc,increase_loss,cons_mean_weight,cons_std_weight,nan_acc,loss,acc,val_loss,val_acc
0,0,0,False,False,False,False,False,0,False,0,0,0,0,0,0,0.829681029686561,0.65384614,0.8429216146469116,0.5142857432365417
0,0,0,False,False,False,False,False,0,False,0,0,0,0,1,0,0.8800490040045518,0.5576923,0.891231119632721,0.5428571701049805
0,0,0,False,False,False,False,False,0,False,0,0,0,0,2,0,0.7241001541797931,0.61538464,0.5978034138679504,0.6571428775787354
0,0,0,False,False,False,False,False,0,False,0,0,0,0,3,0,0.7331683131364676,0.5576923,0.6611128449440002,0.6000000238418579
0,0,0,False,False,False,False,False,0,False,0,0,0,0,4,0,0.6498598227134118,0.6057692,0.5903418660163879,0.6285714507102966
