nan_loss,test_not_well,test_turn_bad,sc_accuracy,died_relu,vanish_gradient,explode_gradient,nan_gradient,large_weight,nan_weight,weight_change_little,decrease_acc,increase_loss,cons_mean_weight,cons_std_weight,nan_acc,loss,acc,val_loss,val_acc
0,0,0,False,False,False,False,False,0,False,0,0,0,0,0,0,0.672267496585846,0.58653843,0.7266112565994263,0.4571428596973419
0,0,0,False,False,False,False,False,0,False,0,0,0,0,1,0,0.6645907163619995,0.5769231,0.7299882173538208,0.4285714328289032
0,0,0,False,False,False,False,False,0,False,0,0,0,0,2,0,0.6620396375656128,0.5480769,0.7264913320541382,0.4571428596973419
0,0,0,False,False,False,False,False,0,False,0,0,0,0,3,0,0.6563621163368225,0.58653843,0.7147688865661621,0.4285714328289032
0,0,0,False,False,False,False,False,0,False,0,0,0,0,4,0,0.654734194278717,0.5769231,0.7102614641189575,0.4285714328289032
