nan_loss,test_not_well,test_turn_bad,sc_accuracy,died_relu,vanish_gradient,explode_gradient,nan_gradient,large_weight,nan_weight,weight_change_little,decrease_acc,increase_loss,cons_mean_weight,cons_std_weight,nan_acc,loss,acc,val_loss,val_acc
0,0,0,False,False,False,False,False,0,False,0,0,0,0,0,0,0.7464274764060974,0.5576923,0.7186391353607178,0.5714285969734192
0,0,0,False,False,False,False,False,0,False,0,0,0,0,1,0,0.7407086491584778,0.5576923,0.7243496775627136,0.5714285969734192
0,0,0,False,False,False,False,False,0,False,0,0,0,0,2,0,0.7325916886329651,0.5673077,0.740306556224823,0.5142857432365417
0,0,0,False,False,False,False,False,0,False,0,0,0,0,3,0,0.7237082123756409,0.5673077,0.7675368785858154,0.5142857432365417
0,0,0,False,False,False,False,False,0,False,0,0,0,0,4,0,0.7212704420089722,0.58653843,0.7842966318130493,0.5142857432365417
