nan_loss,test_not_well,test_turn_bad,sc_accuracy,died_relu,vanish_gradient,explode_gradient,nan_gradient,large_weight,nan_weight,weight_change_little,decrease_acc,increase_loss,cons_mean_weight,cons_std_weight,nan_acc,loss,acc,val_loss,val_acc
0,0,0,False,False,False,False,False,0,False,0,0,0,0,0,0,1.2240267992019653,0.5480769,1.0093492269515991,0.4571428596973419
0,0,0,False,False,False,False,False,0,False,0,0,0,0,1,0,1.21653151512146,0.5480769,1.0127238035202026,0.48571428656578064
0,0,0,False,False,False,False,False,0,False,0,0,0,0,2,0,1.2073091268539429,0.5480769,1.0173221826553345,0.48571428656578064
0,0,0,False,False,False,False,False,0,False,0,0,0,0,3,0,1.1977440118789673,0.5480769,1.022911787033081,0.48571428656578064
0,0,0,False,False,False,False,False,0,False,0,0,0,0,4,0,1.188589334487915,0.53846157,1.0288901329040527,0.48571428656578064
