nan_loss,test_not_well,test_turn_bad,sc_accuracy,died_relu,vanish_gradient,explode_gradient,nan_gradient,large_weight,nan_weight,weight_change_little,decrease_acc,increase_loss,cons_mean_weight,cons_std_weight,nan_acc,loss,acc,val_loss,val_acc
0,0,0,False,False,False,False,False,0,False,0,0,0,0,0,0,0.7506366968154907,0.5576923,0.6056764125823975,0.6000000238418579
0,0,0,False,False,False,False,False,0,False,0,0,0,0,1,0,0.690972089767456,0.61538464,0.6166470050811768,0.5714285969734192
0,0,0,False,False,False,False,False,0,False,0,0,0,0,2,0,0.658669114112854,0.63461536,0.684941291809082,0.5142857432365417
0,0,0,False,False,False,False,False,0,False,0,0,0,0,3,0,0.6722370982170105,0.61538464,0.7136093974113464,0.5142857432365417
0,0,0,False,False,False,False,False,0,False,0,0,0,0,5,0,0.6809632778167725,0.61538464,0.6992214322090149,0.5142857432365417
