nan_loss,test_not_well,test_turn_bad,sc_accuracy,died_relu,vanish_gradient,explode_gradient,nan_gradient,large_weight,nan_weight,weight_change_little,decrease_acc,increase_loss,cons_mean_weight,cons_std_weight,nan_acc,loss,acc,val_loss,val_acc
0,0,0,False,False,False,False,False,0,False,0,0,0,0,0,0,0.6317539215087891,0.7307692,0.5673996806144714,0.800000011920929
0,0,0,False,False,False,False,False,0,False,0,0,0,0,1,0,0.6157203316688538,0.77884614,0.5748875737190247,0.800000011920929
0,0,0,False,False,False,False,False,0,False,0,0,0,0,2,0,0.6143564581871033,0.78846157,0.5780580043792725,0.7714285850524902
0,0,0,False,False,False,False,False,0,False,0,0,0,0,3,0,0.611608624458313,0.78846157,0.5785546898841858,0.7428571581840515
0,0,0,False,False,False,False,False,0,False,0,0,0,0,4,0,0.6053754091262817,0.77884614,0.5790698528289795,0.800000011920929
