nan_loss,test_not_well,test_turn_bad,sc_accuracy,died_relu,vanish_gradient,explode_gradient,nan_gradient,large_weight,nan_weight,weight_change_little,decrease_acc,increase_loss,cons_mean_weight,cons_std_weight,nan_acc,loss,acc,val_loss,val_acc
0,0,0,False,False,False,False,False,0,False,0,0,0,0,0,0,1.1142147779464722,0.61538464,0.9467015862464905,0.6285714507102966
0,0,0,False,False,False,False,False,0,False,0,0,0,0,1,0,1.1100572347640991,0.61538464,0.9382380843162537,0.6285714507102966
0,0,0,False,False,False,False,False,0,False,0,0,0,0,2,0,1.1052371263504028,0.61538464,0.9308918714523315,0.6857143044471741
0,0,0,False,False,False,False,False,0,False,0,0,0,0,3,0,1.1006858348846436,0.63461536,0.9252207279205322,0.6857143044471741
0,0,0,False,False,False,False,False,0,False,0,0,0,0,4,0,1.0967543125152588,0.6442308,0.9212259650230408,0.6857143044471741
