nan_loss,test_not_well,test_turn_bad,sc_accuracy,died_relu,vanish_gradient,explode_gradient,nan_gradient,large_weight,nan_weight,weight_change_little,decrease_acc,increase_loss,cons_mean_weight,cons_std_weight,nan_acc,loss,acc,val_loss,val_acc
0,0,0,False,False,False,False,False,0,False,0,0,0,0,0,0,0.7318503856658936,0.74038464,0.7025988698005676,0.7714285850524902
0,0,0,False,False,False,False,False,0,False,0,0,0,0,1,0,0.7272517085075378,0.75961536,0.703680694103241,0.7714285850524902
0,0,0,False,False,False,False,False,0,False,0,0,0,0,2,0,0.7242063879966736,0.75961536,0.7056933641433716,0.7714285850524902
0,0,0,False,False,False,False,False,0,False,0,0,0,0,3,0,0.723009467124939,0.7692308,0.7068650126457214,0.7714285850524902
0,0,0,False,False,False,False,False,0,False,0,0,0,0,4,0,0.7215850353240967,0.7692308,0.7067244648933411,0.7714285850524902
