nan_loss,test_not_well,test_turn_bad,sc_accuracy,died_relu,vanish_gradient,explode_gradient,nan_gradient,large_weight,nan_weight,weight_change_little,decrease_acc,increase_loss,cons_mean_weight,cons_std_weight,nan_acc,loss,acc,val_loss,val_acc
0,0,0,False,False,False,False,False,0,False,0,0,0,0,0,0,0.8783172827500564,0.74038464,0.6523976172719683,0.7714285850524902
0,0,0,False,False,False,False,False,0,False,0,0,0,0,1,0,0.8562524731342609,0.75,0.6324947016579764,0.800000011920929
0,0,0,False,False,False,False,False,0,False,0,0,0,0,2,0,0.8640270416553204,0.7307692,0.6415480613708496,0.800000011920929
0,0,0,False,False,False,False,False,0,False,0,0,0,0,3,0,0.8470901663486774,0.75961536,0.6268386134079524,0.8571428656578064
0,0,0,False,False,False,False,False,0,False,0,0,0,0,4,0,0.8313119549017686,0.74038464,0.6466050633362361,0.8285714387893677
