nan_loss,test_not_well,test_turn_bad,sc_accuracy,died_relu,vanish_gradient,explode_gradient,nan_gradient,large_weight,nan_weight,weight_change_little,decrease_acc,increase_loss,cons_mean_weight,cons_std_weight,nan_acc,loss,acc,val_loss,val_acc
0,0,0,False,False,False,False,False,0,False,0,0,0,0,0,0,1.2205585608115563,0.58653843,0.990786075592041,0.6571428775787354
0,0,0,False,False,False,False,False,0,False,0,0,0,0,1,0,1.1362585104428804,0.61538464,0.8829148411750793,0.6857143044471741
0,0,0,False,False,False,False,False,0,False,0,0,0,0,2,0,1.081689247718224,0.6057692,0.8517906069755554,0.6857143044471741
0,0,0,False,False,False,False,False,0,False,0,0,0,0,3,0,1.027191671041342,0.61538464,0.8103740215301514,0.6857143044471741
0,0,0,False,False,False,False,False,0,False,0,0,0,0,4,0,1.004373339506296,0.61538464,0.7550359964370728,0.6857143044471741
