nan_loss,test_not_well,test_turn_bad,sc_accuracy,died_relu,vanish_gradient,explode_gradient,nan_gradient,large_weight,nan_weight,weight_change_little,decrease_acc,increase_loss,cons_mean_weight,cons_std_weight,nan_acc,loss,acc,val_loss,val_acc
0,0,0,False,False,False,False,False,0,False,0,0,0,0,0,0,1.1630589962005615,0.52884614,1.0252366065979004,0.48571428656578064
0,0,0,False,False,False,False,False,0,False,0,0,0,0,1,0,1.158313274383545,0.53846157,1.0353357791900635,0.48571428656578064
0,0,0,False,False,False,False,False,0,False,0,0,0,0,2,0,1.1523562669754028,0.53846157,1.0463533401489258,0.48571428656578064
0,0,0,False,False,False,False,False,0,False,0,0,0,0,3,0,1.1459285020828247,0.53846157,1.0571640729904175,0.48571428656578064
0,0,0,False,False,False,False,False,0,False,0,0,0,0,4,0,1.139372706413269,0.53846157,1.0669914484024048,0.48571428656578064
