nan_loss,test_not_well,test_turn_bad,sc_accuracy,died_relu,vanish_gradient,explode_gradient,nan_gradient,large_weight,nan_weight,weight_change_little,decrease_acc,increase_loss,cons_mean_weight,cons_std_weight,nan_acc,loss,acc,val_loss,val_acc
0,0,0,False,False,False,False,False,0,False,0,0,0,0,0,0,1.2033241528731127,0.625,0.9242107255118234,0.6857143044471741
0,0,0,False,False,False,False,False,0,False,0,0,0,0,1,0,1.1678126958700328,0.63461536,0.9088886635644096,0.6857143044471741
0,0,0,False,False,False,False,False,0,False,0,0,0,0,2,0,1.1365472903618445,0.65384614,0.9113180977957589,0.7142857313156128
0,0,0,False,False,False,False,False,0,False,0,0,0,0,3,0,1.1135634642380934,0.625,0.8881971427372524,0.6857143044471741
0,0,0,False,False,False,False,False,0,False,0,0,0,0,4,0,1.0882486930260291,0.63461536,0.8578151055744716,0.6857143044471741
