nan_loss,test_not_well,test_turn_bad,sc_accuracy,died_relu,vanish_gradient,explode_gradient,nan_gradient,large_weight,nan_weight,weight_change_little,decrease_acc,increase_loss,cons_mean_weight,cons_std_weight,nan_acc,loss,acc,val_loss,val_acc
0,0,0,False,False,False,False,False,0,False,0,0,0,0,0,0,0.6224479732605127,0.6826923,0.5340737427983965,0.8285714387893677
0,0,0,False,False,False,False,False,0,False,0,0,0,0,1,0,0.5937023713038518,0.7307692,0.610616649900164,0.7142857313156128
0,0,0,False,False,False,False,False,0,False,0,0,0,0,2,0,0.5826891660690308,0.72115386,0.5986953548022679,0.7714285850524902
0,0,0,False,False,False,False,False,0,False,0,0,0,0,3,0,0.575254344023191,0.75961536,0.5809263161250523,0.7714285850524902
0,0,0,False,False,False,False,False,0,False,0,0,0,0,4,0,0.5670880858714764,0.72115386,0.5884210314069476,0.7714285850524902
