nan_loss,test_not_well,test_turn_bad,sc_accuracy,died_relu,vanish_gradient,explode_gradient,nan_gradient,large_weight,nan_weight,weight_change_little,decrease_acc,increase_loss,cons_mean_weight,cons_std_weight,nan_acc,loss,acc,val_loss,val_acc
0,0,0,False,False,False,False,False,0,False,0,0,0,0,0,0,1.2019152641296387,0.61538464,1.126363754272461,0.5714285969734192
0,0,0,False,False,False,False,False,0,False,0,0,0,0,1,0,1.190825343132019,0.61538464,1.1392685174942017,0.5428571701049805
0,0,0,False,False,False,False,False,0,False,0,0,0,0,1,0,1.183160662651062,0.61538464,1.1608775854110718,0.5142857432365417
0,0,0,False,False,False,False,False,0,False,0,0,0,0,1,0,1.1740379333496094,0.63461536,1.168853998184204,0.5142857432365417
0,0,0,False,False,False,False,False,0,False,0,0,0,0,1,0,1.16971755027771,0.63461536,1.1701830625534058,0.5142857432365417
