nan_loss,test_not_well,test_turn_bad,sc_accuracy,died_relu,vanish_gradient,explode_gradient,nan_gradient,large_weight,nan_weight,weight_change_little,decrease_acc,increase_loss,cons_mean_weight,cons_std_weight,nan_acc,loss,acc,val_loss,val_acc
0,0,0,False,False,False,False,False,0,False,0,0,0,0,0,0,0.9658980644666232,0.5769231,0.7758337259292603,0.6857143044471741
0,0,0,False,False,False,False,False,0,False,0,0,0,0,1,0,0.9008490580778855,0.5769231,0.7417611479759216,0.6857143044471741
0,0,0,False,False,False,False,False,0,False,0,0,0,0,2,0,0.8652674143130963,0.6057692,0.7250453233718872,0.6857143044471741
0,0,0,False,False,False,False,False,0,False,0,0,0,0,3,0,0.8368788453248831,0.59615386,0.708375096321106,0.6857143044471741
0,0,0,False,False,False,False,False,0,False,0,0,0,0,4,0,0.8182954146311834,0.6057692,0.688494086265564,0.6857143044471741
