nan_loss,test_not_well,test_turn_bad,sc_accuracy,died_relu,vanish_gradient,explode_gradient,nan_gradient,large_weight,nan_weight,weight_change_little,decrease_acc,increase_loss,cons_mean_weight,cons_std_weight,nan_acc,loss,acc,val_loss,val_acc
0,0,0,False,False,False,False,False,0,False,0,0,0,0,0,0,1.1508322954177856,0.53846157,0.9994577765464783,0.5142857432365417
0,0,0,False,False,False,False,False,0,False,0,0,0,0,1,0,1.1165632009506226,0.5576923,1.0162943601608276,0.5142857432365417
0,0,0,False,False,False,False,False,0,False,0,0,0,0,2,0,1.0882372856140137,0.58653843,1.0242420434951782,0.5714285969734192
0,0,0,False,False,False,False,False,0,False,0,0,0,0,3,0,1.0649158954620361,0.63461536,1.024437665939331,0.5428571701049805
0,0,0,False,False,False,False,False,0,False,0,0,0,0,4,0,1.0458238124847412,0.6442308,1.0211557149887085,0.5428571701049805
