nan_loss,test_not_well,test_turn_bad,sc_accuracy,died_relu,vanish_gradient,explode_gradient,nan_gradient,large_weight,nan_weight,weight_change_little,decrease_acc,increase_loss,cons_mean_weight,cons_std_weight,nan_acc,loss,acc,val_loss,val_acc
0,0,0,False,False,False,False,False,0,False,0,0,0,0,0,0,1.912571356846736,0.61538464,1.6233050550733295,0.6857143044471741
0,0,0,False,False,False,False,False,0,False,0,0,0,0,1,0,1.8571341404548058,0.6057692,1.5988080024719238,0.6571428775787354
0,0,0,False,False,False,False,False,0,False,0,0,0,0,2,0,1.7922522654900184,0.6057692,1.545742212023054,0.6571428775787354
0,0,0,False,False,False,False,False,0,False,0,0,0,0,3,0,1.723502489236685,0.59615386,1.4797963687351772,0.6857143044471741
0,0,0,False,False,False,False,False,0,False,0,0,0,0,4,0,1.663869546009944,0.625,1.4146865844726562,0.6857143044471741
