nan_loss,test_not_well,test_turn_bad,sc_accuracy,died_relu,vanish_gradient,explode_gradient,nan_gradient,large_weight,nan_weight,weight_change_little,decrease_acc,increase_loss,cons_mean_weight,cons_std_weight,nan_acc,loss,acc,val_loss,val_acc
0,0,0,False,False,False,False,False,0,False,0,0,0,0,0,0,0.8957913838900052,0.7692308,0.4933323876725303,0.8333333134651184
0,0,0,False,False,False,False,False,0,False,0,0,0,0,1,0,0.8724194673391489,0.78846157,0.46578862021366757,0.9444444179534912
0,0,0,False,False,False,False,False,0,False,0,0,0,0,2,0,0.8670897839161066,0.8076923,0.49101528111431336,0.8888888955116272
0,0,0,False,False,False,False,False,0,False,0,0,0,0,3,0,0.8517333819315984,0.78846157,0.4952035177912977,0.8333333134651184
0,0,0,False,False,False,False,False,0,False,0,0,0,0,4,0,0.842762284553968,0.78846157,0.48866713585125077,0.9444444179534912
