nan_loss,test_not_well,test_turn_bad,sc_accuracy,died_relu,vanish_gradient,explode_gradient,nan_gradient,large_weight,nan_weight,weight_change_little,decrease_acc,increase_loss,cons_mean_weight,cons_std_weight,nan_acc,loss,acc,val_loss,val_acc
0,0,0,False,False,False,False,False,0,False,0,0,0,0,0,0,0.6655371189117432,0.7692308,0.456781804561615,0.7777777910232544
0,0,0,False,False,False,False,False,0,False,0,0,0,0,1,0,0.6603933572769165,0.78846157,0.44788646697998047,0.7777777910232544
0,0,0,False,False,False,False,False,0,False,0,0,0,0,2,0,0.6552626490592957,0.78846157,0.43844640254974365,0.7777777910232544
0,0,0,False,False,False,False,False,0,False,0,0,0,0,3,0,0.6504652500152588,0.78846157,0.4298524260520935,0.7777777910232544
0,0,0,False,False,False,False,False,0,False,0,0,0,0,4,0,0.6459125280380249,0.78846157,0.4235806167125702,0.8333333134651184
