nan_loss,test_not_well,test_turn_bad,sc_accuracy,died_relu,vanish_gradient,explode_gradient,nan_gradient,large_weight,nan_weight,weight_change_little,decrease_acc,increase_loss,cons_mean_weight,cons_std_weight,nan_acc,loss,acc,val_loss,val_acc
0,0,0,False,False,False,False,False,0,False,0,0,0,0,0,0,0.5639608823336087,0.7692308,0.3302568627728356,0.8333333134651184
0,0,0,False,False,False,False,False,0,False,0,0,0,0,1,0,0.5485517606139183,0.8076923,0.32917682495382095,0.8333333134651184
0,0,0,False,False,False,False,False,0,False,0,0,0,0,2,0,0.4904396900763878,0.8076923,0.3931641976038615,0.8333333134651184
0,0,0,False,False,False,False,False,0,False,0,0,0,0,3,0,0.4834399555738156,0.8269231,0.3795577668481403,0.8333333134651184
0,0,0,False,False,False,False,False,0,False,0,0,0,0,4,0,0.4927669350917523,0.78846157,0.34062569671207005,0.7777777910232544
