nan_loss,test_not_well,test_turn_bad,sc_accuracy,died_relu,vanish_gradient,explode_gradient,nan_gradient,large_weight,nan_weight,weight_change_little,decrease_acc,increase_loss,cons_mean_weight,cons_std_weight,nan_acc,loss,acc,val_loss,val_acc
0,0,0,False,False,False,False,False,0,False,0,0,0,0,0,0,1.1420648097991943,0.53846157,1.0415667295455933,0.48571428656578064
0,0,0,False,False,False,False,False,0,False,0,0,0,0,1,0,1.1275312900543213,0.53846157,1.0234273672103882,0.5142857432365417
0,0,0,False,False,False,False,False,0,False,0,0,0,0,2,0,1.1112068891525269,0.52884614,1.0247694253921509,0.5142857432365417
0,0,0,False,False,False,False,False,0,False,0,0,0,0,3,0,1.0933458805084229,0.5480769,1.0434576272964478,0.6000000238418579
0,0,0,False,False,False,False,False,0,False,0,0,0,0,4,0,1.0734118223190308,0.5480769,1.071366310119629,0.5428571701049805
