nan_loss,test_not_well,test_turn_bad,sc_accuracy,died_relu,vanish_gradient,explode_gradient,nan_gradient,large_weight,nan_weight,weight_change_little,decrease_acc,increase_loss,cons_mean_weight,cons_std_weight,nan_acc,loss,acc,val_loss,val_acc
0,0,0,False,False,False,False,False,0,False,0,0,0,0,0,0,1.1912157535552979,0.52884614,1.0515092611312866,0.5142857432365417
0,0,0,False,False,False,False,False,0,False,0,0,0,0,1,0,1.1859222650527954,0.52884614,1.0531437397003174,0.5142857432365417
0,0,0,False,False,False,False,False,0,False,0,0,0,0,2,0,1.1794143915176392,0.5192308,1.0551060438156128,0.5142857432365417
0,0,0,False,False,False,False,False,0,False,0,0,0,0,3,0,1.1725445985794067,0.52884614,1.0573323965072632,0.5142857432365417
0,0,0,False,False,False,False,False,0,False,0,0,0,0,4,0,1.16576087474823,0.53846157,1.0597013235092163,0.5142857432365417
