nan_loss,test_not_well,test_turn_bad,sc_accuracy,died_relu,vanish_gradient,explode_gradient,nan_gradient,large_weight,nan_weight,weight_change_little,decrease_acc,increase_loss,cons_mean_weight,cons_std_weight,nan_acc,loss,acc,val_loss,val_acc
0,0,0,False,False,False,False,False,0,False,0,0,0,0,0,0,0.6808481812477112,0.78846157,0.40077462792396545,0.7777777910232544
0,0,0,False,False,False,False,False,0,False,0,0,0,0,1,0,0.6585512161254883,0.78846157,0.38333842158317566,0.8333333134651184
0,0,0,False,False,False,False,False,0,False,0,0,0,0,2,0,0.639575719833374,0.8076923,0.3867151141166687,0.8333333134651184
0,0,0,False,False,False,False,False,0,False,0,0,0,0,3,0,0.6289314031600952,0.8076923,0.4065249264240265,0.8888888955116272
0,0,0,False,False,False,False,False,0,False,0,0,0,0,4,0,0.6285741329193115,0.78846157,0.4175191819667816,0.8888888955116272
