nan_loss,test_not_well,test_turn_bad,sc_accuracy,died_relu,vanish_gradient,explode_gradient,nan_gradient,large_weight,nan_weight,weight_change_little,decrease_acc,increase_loss,cons_mean_weight,cons_std_weight,nan_acc,loss,acc,val_loss,val_acc
0,0,0,False,False,False,False,False,0,False,0,0,0,0,0,0,0.6670122742652893,0.6666667,0.6682912111282349,0.5192307829856873
0,0,0,False,False,False,False,False,0,False,0,0,0,0,1,0,0.6660375595092773,0.6666667,0.6731899976730347,0.5192307829856873
0,0,0,False,False,False,False,False,0,False,0,0,0,0,2,0,0.665237307548523,0.6666667,0.6754854917526245,0.5192307829856873
0,0,0,False,False,False,False,False,0,False,0,0,0,0,3,0,0.6644942760467529,0.6730769,0.6753105521202087,0.5192307829856873
0,0,0,False,False,False,False,False,0,False,0,0,0,0,4,0,0.6637992262840271,0.6666667,0.6738147139549255,0.5192307829856873
