nan_loss,test_not_well,test_turn_bad,sc_accuracy,died_relu,vanish_gradient,explode_gradient,nan_gradient,large_weight,nan_weight,weight_change_little,decrease_acc,increase_loss,cons_mean_weight,cons_std_weight,nan_acc,loss,acc,val_loss,val_acc
0,0,0,False,False,False,False,False,0,False,0,0,0,0,0,0,1.121427297592163,0.625,0.9786593914031982,0.7142857313156128
0,0,0,False,False,False,False,False,0,False,0,0,0,0,1,0,1.1099588871002197,0.625,0.9832563400268555,0.6571428775787354
0,0,0,False,False,False,False,False,0,False,0,0,0,0,2,0,1.1002416610717773,0.65384614,0.9898476600646973,0.6571428775787354
0,0,0,False,False,False,False,False,0,False,0,0,0,0,3,0,1.0951985120773315,0.66346157,0.9932453632354736,0.6285714507102966
0,0,0,False,False,False,False,False,0,False,0,0,0,0,4,0,1.0921998023986816,0.66346157,0.9920898675918579,0.6571428775787354
