nan_loss,test_not_well,test_turn_bad,sc_accuracy,died_relu,vanish_gradient,explode_gradient,nan_gradient,large_weight,nan_weight,weight_change_little,decrease_acc,increase_loss,cons_mean_weight,cons_std_weight,nan_acc,loss,acc,val_loss,val_acc
0,0,0,False,False,False,False,False,0,False,0,0,0,0,0,0,0.7385141161771921,0.47115386,0.6976510286331177,0.6285714507102966
0,0,0,False,False,False,False,False,0,False,0,0,0,0,1,0,0.7382287153830895,0.47115386,0.6972079277038574,0.6285714507102966
0,0,0,False,False,False,False,False,0,False,0,0,0,0,2,0,0.7379559278488159,0.47115386,0.6965879797935486,0.6285714507102966
0,0,0,False,False,False,False,False,0,False,0,0,0,0,3,0,0.7377043274732736,0.47115386,0.6959578394889832,0.6285714507102966
0,0,0,False,False,False,False,False,0,False,0,0,0,0,4,0,0.7373906557376568,0.47115386,0.695368230342865,0.6285714507102966
