nan_loss,test_not_well,test_turn_bad,sc_accuracy,died_relu,vanish_gradient,explode_gradient,nan_gradient,large_weight,nan_weight,weight_change_little,decrease_acc,increase_loss,cons_mean_weight,cons_std_weight,nan_acc,loss,acc,val_loss,val_acc
0,0,0,False,False,False,False,False,0,False,0,0,0,0,0,0,1.19791762645428,0.6057692,0.9471560716629028,0.6571428775787354
0,0,0,False,False,False,False,False,0,False,0,0,0,0,1,0,1.1538116748516376,0.5576923,0.9235324263572693,0.6571428775787354
0,0,0,False,False,False,False,False,0,False,0,0,0,0,2,0,1.0575665602317224,0.61538464,0.8757500052452087,0.6571428775787354
0,0,0,False,False,False,False,False,0,False,0,0,0,0,3,0,1.020793419617873,0.5769231,0.8558276295661926,0.6571428775787354
0,0,0,False,False,False,False,False,0,False,0,0,0,0,4,0,1.0002792981954722,0.58653843,0.8097733855247498,0.6571428775787354
