nan_loss,test_not_well,test_turn_bad,sc_accuracy,died_relu,vanish_gradient,explode_gradient,nan_gradient,large_weight,nan_weight,weight_change_little,decrease_acc,increase_loss,cons_mean_weight,cons_std_weight,nan_acc,loss,acc,val_loss,val_acc
0,0,0,False,False,False,False,False,0,False,0,0,0,0,0,0,0.7420389652252197,0.59615386,0.6005194187164307,0.7222222089767456
0,0,0,False,False,False,False,False,0,False,0,0,0,0,1,0,0.7366740703582764,0.5769231,0.5953323841094971,0.6666666865348816
0,0,0,False,False,False,False,False,0,False,0,0,0,0,2,0,0.7308740019798279,0.5769231,0.5921778082847595,0.6666666865348816
0,0,0,False,False,False,False,False,0,False,0,0,0,0,3,0,0.7256737947463989,0.5576923,0.5904731750488281,0.6666666865348816
0,0,0,False,False,False,False,False,0,False,0,0,0,0,4,0,0.7212975025177002,0.53846157,0.5888874530792236,0.6666666865348816
