nan_loss,test_not_well,test_turn_bad,sc_accuracy,died_relu,vanish_gradient,explode_gradient,nan_gradient,large_weight,nan_weight,weight_change_little,decrease_acc,increase_loss,cons_mean_weight,cons_std_weight,nan_acc,loss,acc,val_loss,val_acc
0,0,0,False,False,False,False,False,0,False,0,0,0,0,0,0,0.8000852373930124,0.7051282,0.5907049775123596,0.8653846383094788
0,0,0,False,False,False,False,False,0,False,0,0,0,0,1,0,0.7879986518468612,0.7051282,0.5871953368186951,0.8653846383094788
0,0,0,False,False,False,False,False,0,False,0,0,0,0,2,0,0.7781735918460748,0.74358976,0.5867152810096741,0.7692307829856873
0,0,0,False,False,False,False,False,0,False,0,0,0,0,3,0,0.7753965243315085,0.74358976,0.5902787446975708,0.7692307829856873
0,0,0,False,False,False,False,False,0,False,0,0,0,0,4,0,0.7736988220459375,0.7307692,0.594527006149292,0.7692307829856873
