nan_loss,test_not_well,test_turn_bad,sc_accuracy,died_relu,vanish_gradient,explode_gradient,nan_gradient,large_weight,nan_weight,weight_change_little,decrease_acc,increase_loss,cons_mean_weight,cons_std_weight,nan_acc,loss,acc,val_loss,val_acc
0,0,0,False,False,False,False,False,1,False,0,0,0,0,0,0,1.6730742454528809,0.35576922,1.200460433959961,0.17142857611179352
0,0,0,False,False,False,False,False,2,False,0,0,0,0,0,0,1.1602317094802856,0.29807693,1.1015158891677856,0.4000000059604645
0,0,0,False,False,False,False,False,3,False,0,0,0,0,0,0,1.0789830684661865,0.42307693,1.1415455341339111,0.3142857253551483
0,0,0,False,False,False,False,False,4,False,0,0,0,0,0,0,1.1454863548278809,0.32692307,1.087642788887024,0.2857142984867096
0,0,0,False,False,False,False,False,5,False,0,0,0,0,0,0,1.099107027053833,0.32692307,1.0967073440551758,0.4285714328289032
