nan_loss,test_not_well,test_turn_bad,sc_accuracy,died_relu,vanish_gradient,explode_gradient,nan_gradient,large_weight,nan_weight,weight_change_little,decrease_acc,increase_loss,cons_mean_weight,cons_std_weight,nan_acc,loss,acc,val_loss,val_acc
0,0,0,False,False,False,False,False,0,False,0,0,0,0,0,0,1.0611670017242432,0.61538464,0.8132659196853638,0.6857143044471741
0,0,0,False,False,False,False,False,0,False,0,0,0,0,1,0,1.057090163230896,0.61538464,0.8108070492744446,0.6857143044471741
0,0,0,False,False,False,False,False,0,False,0,0,0,0,2,0,1.0519216060638428,0.61538464,0.8079236745834351,0.6857143044471741
0,0,0,False,False,False,False,False,0,False,0,0,0,0,3,0,1.0463932752609253,0.61538464,0.8049077391624451,0.7142857313156128
0,0,0,False,False,False,False,False,0,False,0,0,0,0,4,0,1.0407792329788208,0.6442308,0.8020435571670532,0.7142857313156128
