nan_loss,test_not_well,test_turn_bad,sc_accuracy,died_relu,vanish_gradient,explode_gradient,nan_gradient,large_weight,nan_weight,weight_change_little,decrease_acc,increase_loss,cons_mean_weight,cons_std_weight,nan_acc,loss,acc,val_loss,val_acc
0,0,0,False,False,False,False,False,0,False,0,0,0,0,0,0,0.5896811347741348,0.7692308,0.2733431425359514,0.8888888955116272
0,0,0,False,False,False,False,False,0,False,0,0,0,0,1,0,0.5300690256632291,0.8076923,0.27165114217334324,0.8888888955116272
0,0,0,False,False,False,False,False,0,False,0,0,0,0,2,0,0.5266831024334981,0.78846157,0.3798738718032837,0.7777777910232544
0,0,0,False,False,False,False,False,0,False,0,0,0,0,3,0,0.5262217429968027,0.78846157,0.38144078519609237,0.7777777910232544
0,0,0,False,False,False,False,False,0,False,0,0,0,0,4,0,0.47964102259049046,0.8076923,0.34125280049112106,0.8333333134651184
