nan_loss,test_not_well,test_turn_bad,sc_accuracy,died_relu,vanish_gradient,explode_gradient,nan_gradient,large_weight,nan_weight,weight_change_little,decrease_acc,increase_loss,cons_mean_weight,cons_std_weight,nan_acc,loss,acc,val_loss,val_acc
0,0,0,False,False,False,False,False,0,False,0,0,0,0,0,0,0.7866976444537823,0.65384614,0.5734268426895142,0.8285714387893677
0,0,0,False,False,False,False,False,0,False,0,0,0,0,1,0,0.6997231795237615,0.6923077,0.5918081998825073,0.7428571581840515
0,0,0,False,False,False,False,False,0,False,0,0,0,0,2,0,0.6934031431491559,0.75961536,0.5738751292228699,0.800000011920929
0,0,0,False,False,False,False,False,0,False,0,0,0,0,3,0,0.6969573360223037,0.6730769,0.558351993560791,0.7714285850524902
0,0,0,False,False,False,False,False,0,False,0,0,0,0,4,0,0.6878045889047476,0.7307692,0.5850920677185059,0.7714285850524902
