nan_loss,test_not_well,test_turn_bad,sc_accuracy,died_relu,vanish_gradient,explode_gradient,nan_gradient,large_weight,nan_weight,weight_change_little,decrease_acc,increase_loss,cons_mean_weight,cons_std_weight,nan_acc,loss,acc,val_loss,val_acc
0,0,0,False,False,False,False,False,0,False,0,0,0,0,0,0,1.0684763193130493,0.53846157,1.0197604894638062,0.5142857432365417
0,0,0,False,False,False,False,False,0,False,0,0,0,0,1,0,1.0651674270629883,0.52884614,1.0231599807739258,0.5142857432365417
0,0,0,False,False,False,False,False,0,False,0,0,0,0,2,0,1.0612163543701172,0.52884614,1.025757074356079,0.5142857432365417
0,0,0,False,False,False,False,False,0,False,0,0,0,0,3,0,1.057137131690979,0.5192308,1.0268625020980835,0.5142857432365417
0,0,0,False,False,False,False,False,0,False,0,0,0,0,4,0,1.0531001091003418,0.5192308,1.026416301727295,0.5142857432365417
