nan_loss,test_not_well,test_turn_bad,sc_accuracy,died_relu,vanish_gradient,explode_gradient,nan_gradient,large_weight,nan_weight,weight_change_little,decrease_acc,increase_loss,cons_mean_weight,cons_std_weight,nan_acc,loss,acc,val_loss,val_acc
0,0,0,False,False,False,False,False,0,False,0,0,0,0,0,0,1.948949538744413,0.63461536,1.598392915725708,0.6857143044471741
0,0,0,False,False,False,False,False,0,False,0,0,0,0,1,0,1.918843232668363,0.65384614,1.5884441307612829,0.6857143044471741
0,0,0,False,False,False,False,False,0,False,0,0,0,0,2,0,1.9016923170823317,0.6442308,1.5597089494977678,0.7142857313156128
0,0,0,False,False,False,False,False,0,False,0,0,0,0,3,0,1.888969531426063,0.625,1.5586019447871617,0.6857143044471741
0,0,0,False,False,False,False,False,0,False,0,0,0,0,4,0,1.8637622961631188,0.6442308,1.5389356749398369,0.7142857313156128
