nan_loss,test_not_well,test_turn_bad,sc_accuracy,died_relu,vanish_gradient,explode_gradient,nan_gradient,large_weight,nan_weight,weight_change_little,decrease_acc,increase_loss,cons_mean_weight,cons_std_weight,nan_acc,loss,acc,val_loss,val_acc
0,0,0,False,False,False,False,False,0,False,0,0,0,0,0,0,1.0135353803634644,0.43269232,1.6559926271438599,0.2857142984867096
0,0,0,False,False,False,False,False,0,False,0,0,0,0,0,0,1.883258581161499,0.375,1.2463693618774414,0.37142857909202576
0,0,0,False,False,False,False,False,1,False,0,0,0,0,0,0,1.11466646194458,0.32692307,1.016198754310608,0.37142857909202576
0,0,0,False,False,False,False,False,2,False,0,0,0,0,0,0,1.008134365081787,0.34615386,1.014731764793396,0.4285714328289032
0,0,0,False,False,False,False,False,3,False,0,0,0,0,0,0,1.0041719675064087,0.43269232,1.0128272771835327,0.4285714328289032
