nan_loss,test_not_well,test_turn_bad,sc_accuracy,died_relu,vanish_gradient,explode_gradient,nan_gradient,large_weight,nan_weight,weight_change_little,decrease_acc,increase_loss,cons_mean_weight,cons_std_weight,nan_acc,loss,acc,val_loss,val_acc
0,0,0,False,False,False,False,False,0,False,0,0,0,0,0,0,1.0801126956939697,0.4903846,1.0404865741729736,0.48571428656578064
0,0,0,False,False,False,False,False,0,False,0,0,0,0,1,0,1.0595239400863647,0.52884614,0.9849275946617126,0.48571428656578064
0,0,0,False,False,False,False,False,0,False,0,0,0,0,2,0,1.040113925933838,0.52884614,0.9600588083267212,0.5428571701049805
0,0,0,False,False,False,False,False,0,False,0,0,0,0,3,0,1.0187413692474365,0.5480769,0.9617704153060913,0.5428571701049805
0,0,0,False,False,False,False,False,0,False,0,0,0,0,4,0,0.9952133893966675,0.5576923,0.9885596036911011,0.5714285969734192
