nan_loss,test_not_well,test_turn_bad,sc_accuracy,died_relu,vanish_gradient,explode_gradient,nan_gradient,large_weight,nan_weight,weight_change_little,decrease_acc,increase_loss,cons_mean_weight,cons_std_weight,nan_acc,loss,acc,val_loss,val_acc
0,0,0,False,False,False,False,False,0,False,0,0,0,0,0,0,0.6722675561904907,0.58653843,0.7183190584182739,0.4571428596973419
0,0,0,False,False,False,False,False,0,False,0,0,0,0,1,0,0.6644012928009033,0.59615386,0.7275786995887756,0.4285714328289032
0,0,0,False,False,False,False,False,0,False,0,0,0,0,2,0,0.6644232869148254,0.5673077,0.7305251955986023,0.4285714328289032
0,0,0,False,False,False,False,False,0,False,0,0,0,0,3,0,0.6629784107208252,0.5576923,0.7284843325614929,0.4285714328289032
0,0,0,False,False,False,False,False,0,False,0,0,0,0,4,0,0.6572884917259216,0.5769231,0.7175669074058533,0.4285714328289032
