nan_loss,test_not_well,test_turn_bad,sc_accuracy,died_relu,vanish_gradient,explode_gradient,nan_gradient,large_weight,nan_weight,weight_change_little,decrease_acc,increase_loss,cons_mean_weight,cons_std_weight,nan_acc,loss,acc,val_loss,val_acc
0,0,0,False,False,False,False,False,0,False,0,0,0,0,0,0,0.6819649109473596,0.53846157,0.6996607780456543,0.4571428596973419
0,0,0,False,False,False,False,False,0,False,0,0,0,0,1,0,0.6810107873036311,0.53846157,0.6992546319961548,0.4571428596973419
0,0,0,False,False,False,False,False,0,False,0,0,0,0,2,0,0.6805074673432571,0.52884614,0.6994394659996033,0.4285714328289032
0,0,0,False,False,False,False,False,0,False,0,0,0,0,3,0,0.6801239527188815,0.52884614,0.6987264156341553,0.4285714328289032
0,0,0,False,False,False,False,False,0,False,0,0,0,0,4,0,0.6802960267433753,0.52884614,0.6977759003639221,0.4285714328289032
