nan_loss,test_not_well,test_turn_bad,sc_accuracy,died_relu,vanish_gradient,explode_gradient,nan_gradient,large_weight,nan_weight,weight_change_little,decrease_acc,increase_loss,cons_mean_weight,cons_std_weight,nan_acc,loss,acc,val_loss,val_acc
0,0,0,False,False,False,False,False,0,False,0,0,0,0,0,0,1.1540037393569946,0.63461536,0.8234586119651794,0.6857143044471741
0,0,0,False,False,False,False,False,0,False,0,0,0,0,1,0,1.1423224210739136,0.6442308,0.8484789133071899,0.6857143044471741
0,0,0,False,False,False,False,False,0,False,0,0,0,0,2,0,1.133803129196167,0.65384614,0.869523286819458,0.7142857313156128
0,0,0,False,False,False,False,False,0,False,0,0,0,0,3,0,1.1301189661026,0.6442308,0.8847317099571228,0.7142857313156128
0,0,0,False,False,False,False,False,0,False,0,0,0,0,4,0,1.1270735263824463,0.6442308,0.891785740852356,0.7142857313156128
