nan_loss,test_not_well,test_turn_bad,sc_accuracy,died_relu,vanish_gradient,explode_gradient,nan_gradient,large_weight,nan_weight,weight_change_little,decrease_acc,increase_loss,cons_mean_weight,cons_std_weight,nan_acc,loss,acc,val_loss,val_acc
0,0,0,False,False,False,False,False,0,False,0,0,0,0,0,0,0.7337573537459741,0.5833333,0.7874224185943604,0.42307692766189575
0,0,0,False,False,False,False,False,0,False,0,0,0,0,1,0,0.7187488583418039,0.6025641,0.8368312120437622,0.42307692766189575
0,0,0,False,False,False,False,False,0,False,0,0,0,0,2,0,0.7169273128876319,0.60897434,0.8231686949729919,0.42307692766189575
0,0,0,False,False,False,False,False,0,False,0,0,0,0,3,0,0.7125965922306745,0.60897434,0.7943978905677795,0.42307692766189575
0,0,0,False,False,False,False,False,0,False,0,0,0,0,4,0,0.7086635002723107,0.60897434,0.7803761959075928,0.4615384638309479
