nan_loss,test_not_well,test_turn_bad,sc_accuracy,died_relu,vanish_gradient,explode_gradient,nan_gradient,large_weight,nan_weight,weight_change_little,decrease_acc,increase_loss,cons_mean_weight,cons_std_weight,nan_acc,loss,acc,val_loss,val_acc
0,0,0,False,False,False,False,False,0,False,0,0,0,0,0,0,0.7053911135746882,0.43269232,0.6637786030769348,0.6571428775787354
0,0,0,False,False,False,False,False,0,False,0,0,0,0,1,0,0.70524839254526,0.43269232,0.6638293266296387,0.6571428775787354
0,0,0,False,False,False,False,False,0,False,0,0,0,0,2,0,0.7051306229371291,0.43269232,0.6638893485069275,0.6571428775787354
0,0,0,False,False,False,False,False,0,False,0,0,0,0,3,0,0.7049478842661931,0.43269232,0.6638650298118591,0.6571428775787354
0,0,0,False,False,False,False,False,0,False,0,0,0,0,4,0,0.7047748978321369,0.43269232,0.6640122532844543,0.6571428775787354
