nan_loss,test_not_well,test_turn_bad,sc_accuracy,died_relu,vanish_gradient,explode_gradient,nan_gradient,large_weight,nan_weight,weight_change_little,decrease_acc,increase_loss,cons_mean_weight,cons_std_weight,nan_acc,loss,acc,val_loss,val_acc
0,0,0,False,False,False,False,False,0,False,0,0,0,0,0,0,0.7128859162330627,0.74038464,0.4820527136325836,0.7714285850524902
0,0,0,False,False,False,False,False,0,False,0,0,0,0,1,0,0.7083927989006042,0.74038464,0.488006055355072,0.800000011920929
0,0,0,False,False,False,False,False,0,False,0,0,0,0,2,0,0.7033220529556274,0.75,0.4958188235759735,0.800000011920929
0,0,0,False,False,False,False,False,0,False,0,0,0,0,3,0,0.6988054513931274,0.75961536,0.5044968724250793,0.800000011920929
0,0,0,False,False,False,False,False,0,False,0,0,0,0,4,0,0.6952970027923584,0.77884614,0.512944757938385,0.7714285850524902
