nan_loss,test_not_well,test_turn_bad,sc_accuracy,died_relu,vanish_gradient,explode_gradient,nan_gradient,large_weight,nan_weight,weight_change_little,decrease_acc,increase_loss,cons_mean_weight,cons_std_weight,nan_acc,loss,acc,val_loss,val_acc
0,0,0,False,False,False,False,False,0,False,0,0,0,0,0,0,1.1142147779464722,0.61538464,0.9467834234237671,0.6285714507102966
0,0,0,False,False,False,False,False,0,False,0,0,0,0,1,0,1.1101000308990479,0.61538464,0.9386204481124878,0.6285714507102966
0,0,0,False,False,False,False,False,0,False,0,0,0,0,2,0,1.1054569482803345,0.61538464,0.9315170049667358,0.6857143044471741
0,0,0,False,False,False,False,False,0,False,0,0,0,0,3,0,1.101069688796997,0.625,0.9260855317115784,0.6857143044471741
0,0,0,False,False,False,False,False,0,False,0,0,0,0,4,0,1.097345232963562,0.6442308,0.9221867322921753,0.6857143044471741
