nan_loss,test_not_well,test_turn_bad,sc_accuracy,died_relu,vanish_gradient,explode_gradient,nan_gradient,large_weight,nan_weight,weight_change_little,decrease_acc,increase_loss,cons_mean_weight,cons_std_weight,nan_acc,loss,acc,val_loss,val_acc
0,0,0,False,False,False,False,False,0,False,0,0,0,0,0,0,0.7035999145263281,0.73717946,0.5332441926002502,0.7692307829856873
0,0,0,False,False,False,False,False,0,False,0,0,0,0,1,0,0.6939317522904812,0.75,0.5500239729881287,0.807692289352417
0,0,0,False,False,False,False,False,0,False,0,0,0,0,2,0,0.6923494659937345,0.7692308,0.5611900687217712,0.7692307829856873
0,0,0,False,False,False,False,False,0,False,0,0,0,0,3,0,0.6920269322700989,0.7692308,0.5668268799781799,0.7692307829856873
0,0,0,False,False,False,False,False,0,False,0,0,0,0,4,0,0.6879504368855403,0.7692308,0.5681074857711792,0.7692307829856873
