nan_loss,test_not_well,test_turn_bad,sc_accuracy,died_relu,vanish_gradient,explode_gradient,nan_gradient,large_weight,nan_weight,weight_change_little,decrease_acc,increase_loss,cons_mean_weight,cons_std_weight,nan_acc,loss,acc,val_loss,val_acc
0,0,0,False,False,False,False,False,0,False,0,0,0,0,0,0,0.8755113482475281,0.61538464,0.7612590193748474,0.6346153616905212
0,0,0,False,False,False,False,False,0,False,0,0,0,0,1,0,0.764258698011056,0.5833333,0.6478722095489502,0.6730769276618958
0,0,0,False,False,False,False,False,0,False,0,0,0,0,2,0,0.6246257179822677,0.6602564,0.6583459377288818,0.692307710647583
0,0,0,False,False,False,False,False,0,False,0,0,0,0,3,0,0.601637873894129,0.6730769,0.6281222701072693,0.7115384340286255
0,0,0,False,False,False,False,False,0,False,0,0,0,0,4,0,0.6068711785169748,0.6602564,0.6399147510528564,0.692307710647583
