nan_loss,test_not_well,test_turn_bad,sc_accuracy,died_relu,vanish_gradient,explode_gradient,nan_gradient,large_weight,nan_weight,weight_change_little,decrease_acc,increase_loss,cons_mean_weight,cons_std_weight,nan_acc,loss,acc,val_loss,val_acc
0,0,0,False,False,False,False,False,0,False,0,0,0,0,0,0,0.7899513244628906,0.7692308,0.4841776490211487,0.8333333134651184
0,0,0,False,False,False,False,False,0,False,0,0,0,0,1,0,0.7844082713127136,0.7692308,0.4687405228614807,0.7777777910232544
0,0,0,False,False,False,False,False,0,False,0,0,0,0,2,0,0.7783324718475342,0.7692308,0.45397424697875977,0.7777777910232544
0,0,0,False,False,False,False,False,0,False,0,0,0,0,3,0,0.7732120156288147,0.7692308,0.44241535663604736,0.7777777910232544
0,0,0,False,False,False,False,False,0,False,0,0,0,0,4,0,0.7694876790046692,0.7692308,0.43464982509613037,0.7777777910232544
