nan_loss,test_not_well,test_turn_bad,sc_accuracy,died_relu,vanish_gradient,explode_gradient,nan_gradient,large_weight,nan_weight,weight_change_little,decrease_acc,increase_loss,cons_mean_weight,cons_std_weight,nan_acc,loss,acc,val_loss,val_acc
0,0,0,False,False,False,False,False,0,False,0,0,0,0,0,0,0.8088399569193522,0.55128205,0.8269786834716797,0.5769230723381042
0,0,0,False,False,False,False,False,0,False,0,0,0,0,1,0,0.7293491378808633,0.4679487,0.9329772591590881,0.48076921701431274
0,0,0,False,False,False,False,False,0,False,0,0,0,0,2,0,0.7389123745453663,0.525641,0.8585278391838074,0.38461539149284363
0,0,0,False,False,False,False,False,0,False,0,0,0,0,3,0,0.697005747220455,0.55128205,0.8417735695838928,0.5192307829856873
0,0,0,False,False,False,False,False,0,False,0,0,0,0,4,0,0.6954636604357989,0.51282054,0.8227866888046265,0.5192307829856873
