nan_loss,test_not_well,test_turn_bad,sc_accuracy,died_relu,vanish_gradient,explode_gradient,nan_gradient,large_weight,nan_weight,weight_change_little,decrease_acc,increase_loss,cons_mean_weight,cons_std_weight,nan_acc,loss,acc,val_loss,val_acc
0,0,0,False,False,False,False,False,0,False,0,0,0,0,0,0,0.690150260925293,0.78846157,0.42280784249305725,0.7777777910232544
0,0,0,False,False,False,False,False,0,False,0,0,0,0,1,0,0.6738463640213013,0.78846157,0.4172779321670532,0.7777777910232544
0,0,0,False,False,False,False,False,0,False,0,0,0,0,2,0,0.6586703658103943,0.8269231,0.41944628953933716,0.8333333134651184
0,0,0,False,False,False,False,False,0,False,0,0,0,0,3,0,0.6489788889884949,0.8269231,0.42348968982696533,0.8888888955116272
0,0,0,False,False,False,False,False,0,False,0,0,0,0,4,0,0.643930196762085,0.8269231,0.4257673919200897,0.8333333134651184
