nan_loss,test_not_well,test_turn_bad,sc_accuracy,died_relu,vanish_gradient,explode_gradient,nan_gradient,large_weight,nan_weight,weight_change_little,decrease_acc,increase_loss,cons_mean_weight,cons_std_weight,nan_acc,loss,acc,val_loss,val_acc
0,0,0,False,False,False,False,False,0,False,0,0,0,0,0,0,0.6123563647270203,0.6923077,0.5318930745124817,0.6857143044471741
0,0,0,False,False,False,False,False,0,False,0,0,0,0,1,0,0.5991262793540955,0.72115386,0.5360291004180908,0.6571428775787354
0,0,0,False,False,False,False,False,0,False,0,0,0,0,2,0,0.584721028804779,0.72115386,0.5462018847465515,0.6571428775787354
0,0,0,False,False,False,False,False,0,False,0,0,0,0,3,0,0.5735892057418823,0.7307692,0.5633591413497925,0.6285714507102966
0,0,0,False,False,False,False,False,0,False,0,0,0,0,4,0,0.5672262907028198,0.74038464,0.583183765411377,0.6285714507102966
