nan_loss,test_not_well,test_turn_bad,sc_accuracy,died_relu,vanish_gradient,explode_gradient,nan_gradient,large_weight,nan_weight,weight_change_little,decrease_acc,increase_loss,cons_mean_weight,cons_std_weight,nan_acc,loss,acc,val_loss,val_acc
0,0,0,False,False,False,False,False,0,False,0,0,0,0,0,0,1.0864702463150024,0.48076922,1.083730697631836,0.6000000238418579
0,0,0,False,False,False,False,False,0,False,0,0,0,0,1,0,1.0864678621292114,0.48076922,1.0837280750274658,0.6000000238418579
0,0,0,False,False,False,False,False,0,False,0,0,0,0,2,0,1.086464524269104,0.48076922,1.083724856376648,0.6000000238418579
0,0,0,False,False,False,False,False,0,False,0,0,0,0,2,0,1.0864603519439697,0.48076922,1.0837210416793823,0.6000000238418579
0,0,0,False,False,False,False,False,0,False,0,0,0,0,4,0,1.086456060409546,0.48076922,1.083716869354248,0.6000000238418579
