nan_loss,test_not_well,test_turn_bad,sc_accuracy,died_relu,vanish_gradient,explode_gradient,nan_gradient,large_weight,nan_weight,weight_change_little,decrease_acc,increase_loss,cons_mean_weight,cons_std_weight,nan_acc,loss,acc,val_loss,val_acc
0,0,0,False,False,False,False,False,0,False,0,0,0,0,0,0,0.9403871297836304,0.46153846,0.7819163799285889,0.5428571701049805
0,0,0,False,False,False,False,False,0,False,0,0,0,0,1,0,0.9253396987915039,0.48076922,0.7697125673294067,0.5142857432365417
0,0,0,False,False,False,False,False,0,False,0,0,0,0,2,0,0.9064756631851196,0.50961536,0.7542796730995178,0.5428571701049805
0,0,0,False,False,False,False,False,0,False,0,0,0,0,3,0,0.8875948190689087,0.5,0.7390218377113342,0.5428571701049805
0,0,0,False,False,False,False,False,0,False,0,0,0,0,4,0,0.8716610670089722,0.5192308,0.7247802019119263,0.5428571701049805
