nan_loss,test_not_well,test_turn_bad,sc_accuracy,died_relu,vanish_gradient,explode_gradient,nan_gradient,large_weight,nan_weight,weight_change_little,decrease_acc,increase_loss,cons_mean_weight,cons_std_weight,nan_acc,loss,acc,val_loss,val_acc
0,0,0,False,False,1,False,False,1,False,0,0,0,0,0,0,0.7155451774597168,0.5,0.7035565972328186,0.5192307829856873
0,0,0,False,False,2,False,False,2,False,0,0,0,4,5,0,0.7108058929443359,0.5,0.6994953155517578,0.5192307829856873
0,0,0,False,False,3,False,False,3,False,0,0,0,7,10,0,0.705570638179779,0.5,0.6960920095443726,0.5192307829856873
0,0,0,False,False,4,False,False,4,False,0,0,0,10,14,0,0.700881838798523,0.5,0.693670928478241,0.5192307829856873
0,0,0,False,False,5,False,False,5,False,0,0,0,13,18,0,0.6970877051353455,0.5,0.6924781799316406,0.5192307829856873
