nan_loss,test_not_well,test_turn_bad,sc_accuracy,died_relu,vanish_gradient,explode_gradient,nan_gradient,large_weight,nan_weight,weight_change_little,decrease_acc,increase_loss,cons_mean_weight,cons_std_weight,nan_acc,loss,acc,val_loss,val_acc
0,0,0,False,False,False,False,False,0,False,0,0,0,0,0,0,1.0904933214187622,0.50961536,1.0911468267440796,0.48571428656578064
0,0,0,False,False,False,False,False,0,False,0,0,0,0,1,0,1.090487003326416,0.50961536,1.091140866279602,0.48571428656578064
0,0,0,False,False,False,False,False,0,False,0,0,0,0,1,0,1.0904806852340698,0.50961536,1.091134786605835,0.48571428656578064
0,0,0,False,False,False,False,False,0,False,0,0,0,0,1,0,1.0904744863510132,0.50961536,1.0911287069320679,0.48571428656578064
0,0,0,False,False,False,False,False,0,False,0,0,0,0,1,0,1.090468168258667,0.50961536,1.0911226272583008,0.48571428656578064
