nan_loss,test_not_well,test_turn_bad,sc_accuracy,died_relu,vanish_gradient,explode_gradient,nan_gradient,large_weight,nan_weight,weight_change_little,decrease_acc,increase_loss,cons_mean_weight,cons_std_weight,nan_acc,loss,acc,val_loss,val_acc
0,0,0,False,False,False,False,False,0,False,0,0,0,0,0,0,1.0130679607391357,0.6826923,0.91517573595047,0.6857143044471741
0,0,0,False,False,False,False,False,0,False,0,0,0,0,1,0,1.0000628232955933,0.6923077,0.9105624556541443,0.6857143044471741
0,0,0,False,False,False,False,False,0,False,0,0,0,0,2,0,0.9888166785240173,0.6923077,0.9077624678611755,0.7142857313156128
0,0,0,False,False,False,False,False,0,False,0,0,0,0,3,0,0.9832843542098999,0.66346157,0.90703946352005,0.7142857313156128
0,0,0,False,False,False,False,False,0,False,0,0,0,0,4,0,0.9818894267082214,0.66346157,0.9056938290596008,0.7142857313156128
