nan_loss,test_not_well,test_turn_bad,sc_accuracy,died_relu,vanish_gradient,explode_gradient,nan_gradient,large_weight,nan_weight,weight_change_little,decrease_acc,increase_loss,cons_mean_weight,cons_std_weight,nan_acc,loss,acc,val_loss,val_acc
0,0,0,False,False,False,False,False,0,False,0,0,0,0,0,0,0.6808481812477112,0.78846157,0.40196511149406433,0.7777777910232544
0,0,0,False,False,False,False,False,0,False,0,0,0,0,1,0,0.6595955491065979,0.78846157,0.3837595582008362,0.8333333134651184
0,0,0,False,False,False,False,False,0,False,0,0,0,0,2,0,0.6404778361320496,0.8076923,0.3861047625541687,0.8333333134651184
0,0,0,False,False,False,False,False,0,False,0,0,0,0,3,0,0.6291691064834595,0.8076923,0.4071566164493561,0.8888888955116272
0,0,0,False,False,False,False,False,0,False,0,0,0,0,4,0,0.629105269908905,0.78846157,0.4194258153438568,0.8333333134651184
