nan_loss,test_not_well,test_turn_bad,sc_accuracy,died_relu,vanish_gradient,explode_gradient,nan_gradient,large_weight,nan_weight,weight_change_little,decrease_acc,increase_loss,cons_mean_weight,cons_std_weight,nan_acc,loss,acc,val_loss,val_acc
0,0,0,False,False,False,False,False,0,False,0,0,0,0,0,0,0.7614996433258057,0.74038464,0.6120267510414124,0.7714285850524902
0,0,0,False,False,False,False,False,0,False,0,0,0,0,1,0,0.7581396102905273,0.7692308,0.6106058955192566,0.7714285850524902
0,0,0,False,False,False,False,False,0,False,0,0,0,0,2,0,0.7561793923377991,0.75961536,0.6119592189788818,0.7714285850524902
0,0,0,False,False,False,False,False,0,False,0,0,0,0,3,0,0.7552801966667175,0.77884614,0.6145781874656677,0.7714285850524902
0,0,0,False,False,False,False,False,0,False,0,0,0,0,4,0,0.7538855671882629,0.77884614,0.6173200011253357,0.7714285850524902
