nan_loss,test_not_well,test_turn_bad,sc_accuracy,died_relu,vanish_gradient,explode_gradient,nan_gradient,large_weight,nan_weight,weight_change_little,decrease_acc,increase_loss,cons_mean_weight,cons_std_weight,nan_acc,loss,acc,val_loss,val_acc
0,0,0,False,False,False,False,False,0,False,0,0,0,0,0,0,0.844794750213623,0.6057692,0.9935058355331421,0.5142857432365417
0,0,0,False,False,False,False,False,0,False,0,0,0,0,1,0,0.8752270386769221,0.52884614,0.6418747305870056,0.6285714507102966
0,0,0,False,False,False,False,False,0,False,0,0,0,0,2,0,0.725358036848215,0.53846157,0.7426462173461914,0.5428571701049805
0,0,0,False,False,False,False,False,0,False,0,0,0,0,3,0,0.6713412128962003,0.58653843,0.7900469303131104,0.5714285969734192
0,0,0,False,False,False,False,False,0,False,0,0,0,0,4,0,0.7198087389652545,0.58653843,0.6556434631347656,0.6285714507102966
