nan_loss,test_not_well,test_turn_bad,sc_accuracy,died_relu,vanish_gradient,explode_gradient,nan_gradient,large_weight,nan_weight,weight_change_little,decrease_acc,increase_loss,cons_mean_weight,cons_std_weight,nan_acc,loss,acc,val_loss,val_acc
0,0,0,False,False,False,False,False,0,False,0,0,0,0,0,0,1.2717057466506958,0.63461536,1.0385887622833252,0.6857143044471741
0,0,0,False,False,False,False,False,0,False,0,0,0,0,1,0,1.2597262859344482,0.6442308,1.0407692193984985,0.6857143044471741
0,0,0,False,False,False,False,False,0,False,0,0,0,0,3,0,1.2475923299789429,0.65384614,1.0422067642211914,0.6857143044471741
0,0,0,False,False,False,False,False,0,False,0,0,0,0,4,0,1.2375473976135254,0.66346157,1.0410127639770508,0.7142857313156128
0,0,0,False,False,False,False,False,0,False,0,0,0,0,5,0,1.2288451194763184,0.66346157,1.0364147424697876,0.7142857313156128
