nan_loss,test_not_well,test_turn_bad,sc_accuracy,died_relu,vanish_gradient,explode_gradient,nan_gradient,large_weight,nan_weight,weight_change_little,decrease_acc,increase_loss,cons_mean_weight,cons_std_weight,nan_acc,loss,acc,val_loss,val_acc
0,0,0,False,False,False,False,False,0,False,0,0,0,0,0,0,1.1630589962005615,0.52884614,1.0253630876541138,0.48571428656578064
0,0,0,False,False,False,False,False,0,False,0,0,0,0,1,0,1.1582462787628174,0.53846157,1.0357004404067993,0.48571428656578064
0,0,0,False,False,False,False,False,0,False,0,0,0,0,2,0,1.1521588563919067,0.53846157,1.0470402240753174,0.48571428656578064
0,0,0,False,False,False,False,False,0,False,0,0,0,0,3,0,1.145555019378662,0.53846157,1.058180570602417,0.48571428656578064
0,0,0,False,False,False,False,False,0,False,0,0,0,0,4,0,1.1387939453125,0.53846157,1.0682979822158813,0.48571428656578064
