nan_loss,test_not_well,test_turn_bad,sc_accuracy,died_relu,vanish_gradient,explode_gradient,nan_gradient,large_weight,nan_weight,weight_change_little,decrease_acc,increase_loss,cons_mean_weight,cons_std_weight,nan_acc,loss,acc,val_loss,val_acc
0,0,0,False,False,False,False,False,0,False,0,0,0,0,0,0,0.923027542921213,0.50961536,0.7850529551506042,0.5142857432365417
0,0,0,False,False,False,False,False,0,False,0,0,0,0,1,0,0.9069999823203454,0.5,0.7388502359390259,0.5142857432365417
0,0,0,False,False,False,False,False,0,False,0,0,0,0,2,0,0.8623985556455759,0.50961536,0.8105035424232483,0.48571428656578064
0,0,0,False,False,False,False,False,0,False,0,0,0,0,3,0,0.8757643424547635,0.47115386,0.8016602396965027,0.48571428656578064
0,0,0,False,False,False,False,False,0,False,0,0,0,0,4,0,0.8258088918832632,0.47115386,0.7582018971443176,0.5142857432365417
