nan_loss,test_not_well,test_turn_bad,sc_accuracy,died_relu,vanish_gradient,explode_gradient,nan_gradient,large_weight,nan_weight,weight_change_little,decrease_acc,increase_loss,cons_mean_weight,cons_std_weight,nan_acc,loss,acc,val_loss,val_acc
0,0,0,False,False,False,False,False,0,False,0,0,0,0,0,0,1.1180425882339478,0.58653843,0.8841910362243652,0.6857143044471741
0,0,0,False,False,False,False,False,0,False,0,0,0,0,1,0,1.100745677947998,0.6442308,0.8763529658317566,0.7142857313156128
0,0,0,False,False,False,False,False,0,False,0,0,0,0,2,0,1.093772292137146,0.6442308,0.8707205057144165,0.7428571581840515
0,0,0,False,False,False,False,False,0,False,0,0,0,0,3,0,1.0863009691238403,0.6442308,0.8662943840026855,0.7428571581840515
0,0,0,False,False,False,False,False,0,False,0,0,0,0,4,0,1.0780127048492432,0.6442308,0.8621649742126465,0.7428571581840515
