nan_loss,test_not_well,test_turn_bad,sc_accuracy,died_relu,vanish_gradient,explode_gradient,nan_gradient,large_weight,nan_weight,weight_change_little,decrease_acc,increase_loss,cons_mean_weight,cons_std_weight,nan_acc,loss,acc,val_loss,val_acc
0,0,0,False,False,False,False,False,0,False,0,0,0,0,0,0,0.672267496585846,0.58653843,0.7189300060272217,0.4571428596973419
0,0,0,False,False,False,False,False,0,False,0,0,0,0,1,0,0.6641045808792114,0.59615386,0.7280457615852356,0.4285714328289032
0,0,0,False,False,False,False,False,0,False,0,0,0,0,2,0,0.6647158861160278,0.5673077,0.730441689491272,0.4285714328289032
0,0,0,False,False,False,False,False,0,False,0,0,0,0,3,0,0.6625995635986328,0.5576923,0.7279140949249268,0.4285714328289032
0,0,0,False,False,False,False,False,0,False,0,0,0,0,4,0,0.657042920589447,0.5769231,0.7170091867446899,0.4285714328289032
