nan_loss,test_not_well,test_turn_bad,sc_accuracy,died_relu,vanish_gradient,explode_gradient,nan_gradient,large_weight,nan_weight,weight_change_little,decrease_acc,increase_loss,cons_mean_weight,cons_std_weight,nan_acc,loss,acc,val_loss,val_acc
0,0,0,False,False,False,False,False,0,False,0,0,0,0,0,0,0.6532026529312134,0.75961536,0.5581728219985962,0.8285714387893677
0,0,0,False,False,False,False,False,0,False,0,0,0,0,1,0,0.6367708444595337,0.75,0.5635583996772766,0.8571428656578064
0,0,0,False,False,False,False,False,0,False,0,0,0,0,2,0,0.6285766959190369,0.75961536,0.57890385389328,0.8285714387893677
0,0,0,False,False,False,False,False,0,False,0,0,0,0,3,0,0.6258552074432373,0.7692308,0.5869318246841431,0.8285714387893677
0,0,0,False,False,False,False,False,0,False,0,0,0,0,4,0,0.6185079216957092,0.75961536,0.5855740308761597,0.8285714387893677
