nan_loss,test_not_well,test_turn_bad,sc_accuracy,died_relu,vanish_gradient,explode_gradient,nan_gradient,large_weight,nan_weight,weight_change_little,decrease_acc,increase_loss,cons_mean_weight,cons_std_weight,nan_acc,loss,acc,val_loss,val_acc
0,0,0,False,False,False,False,False,0,False,0,0,0,0,0,0,0.7464274168014526,0.5576923,0.7185871601104736,0.5714285969734192
0,0,0,False,False,False,False,False,0,False,0,0,0,0,1,0,0.7408203482627869,0.5576923,0.724407970905304,0.5714285969734192
0,0,0,False,False,False,False,False,0,False,0,0,0,0,2,0,0.7325267791748047,0.5673077,0.741809606552124,0.5142857432365417
0,0,0,False,False,False,False,False,0,False,0,0,0,0,3,0,0.7233823537826538,0.5769231,0.7706875205039978,0.5142857432365417
0,0,0,False,False,False,False,False,0,False,0,0,0,0,4,0,0.7213239073753357,0.5769231,0.7871226668357849,0.5142857432365417
