nan_loss,test_not_well,test_turn_bad,sc_accuracy,died_relu,vanish_gradient,explode_gradient,nan_gradient,large_weight,nan_weight,weight_change_little,decrease_acc,increase_loss,cons_mean_weight,cons_std_weight,nan_acc,loss,acc,val_loss,val_acc
0,0,0,False,False,False,False,False,0,False,0,0,0,0,0,0,1.0858550866444905,0.4871795,1.0851807594299316,0.5769230723381042
0,0,0,False,False,False,False,False,0,False,0,0,0,0,0,0,1.0858492453893025,0.4871795,1.0851751565933228,0.5769230723381042
0,0,0,False,False,False,False,False,0,False,0,0,0,0,0,0,1.0858415365219116,0.4871795,1.0851695537567139,0.5769230723381042
0,0,0,False,False,False,False,False,0,False,0,0,0,0,1,0,1.0858328097905867,0.4871795,1.0851622819900513,0.5769230723381042
0,0,0,False,False,False,False,False,0,False,0,0,0,0,2,0,1.085822349939591,0.4871795,1.0851528644561768,0.5769230723381042
