nan_loss,test_not_well,test_turn_bad,sc_accuracy,died_relu,vanish_gradient,explode_gradient,nan_gradient,large_weight,nan_weight,weight_change_little,decrease_acc,increase_loss,cons_mean_weight,cons_std_weight,nan_acc,loss,acc,val_loss,val_acc
0,0,0,False,False,False,False,False,0,False,0,0,0,0,0,0,0.9486883236811712,0.50961536,1.048425555229187,0.37142857909202576
0,0,0,False,False,False,False,False,0,False,0,0,0,0,1,0,0.9168714835093572,0.5,0.9025923013687134,0.5142857432365417
0,0,0,False,False,False,False,False,0,False,0,0,0,0,2,0,0.8328440693708566,0.4903846,0.7962789535522461,0.6285714507102966
0,0,0,False,False,False,False,False,0,False,0,0,0,0,3,0,0.7977256866601797,0.58653843,0.7550564408302307,0.6000000238418579
0,0,0,False,False,False,False,False,0,False,0,0,0,0,4,0,0.7652247960750873,0.58653843,0.7637059092521667,0.6000000238418579
