nan_loss,test_not_well,test_turn_bad,sc_accuracy,died_relu,vanish_gradient,explode_gradient,nan_gradient,large_weight,nan_weight,weight_change_little,decrease_acc,increase_loss,cons_mean_weight,cons_std_weight,nan_acc,loss,acc,val_loss,val_acc
0,0,0,False,False,False,False,False,0,False,0,0,0,0,0,0,0.7026103414022006,0.69871795,0.5628117322921753,0.807692289352417
0,0,0,False,False,False,False,False,0,False,0,0,0,0,1,0,0.6714191673657833,0.73717946,0.598158061504364,0.7307692170143127
0,0,0,False,False,False,False,False,0,False,0,0,0,0,2,0,0.6634353735508063,0.724359,0.6210845112800598,0.7307692170143127
0,0,0,False,False,False,False,False,0,False,0,0,0,0,3,0,0.6541882455348969,0.75641024,0.6336085796356201,0.692307710647583
0,0,0,False,False,False,False,False,0,False,0,0,0,0,4,0,0.636100743825619,0.7692308,0.632067084312439,0.692307710647583
