nan_loss,test_not_well,test_turn_bad,sc_accuracy,died_relu,vanish_gradient,explode_gradient,nan_gradient,large_weight,nan_weight,weight_change_little,decrease_acc,increase_loss,cons_mean_weight,cons_std_weight,nan_acc,loss,acc,val_loss,val_acc
0,0,0,False,False,False,False,False,0,False,0,0,0,0,0,0,0.6708152294158936,0.5673077,0.7482278943061829,0.4571428596973419
0,0,0,False,False,False,False,False,0,False,0,0,0,0,1,0,0.6672564744949341,0.5769231,0.7491069436073303,0.4285714328289032
0,0,0,False,False,False,False,False,0,False,0,0,0,0,2,0,0.6664110422134399,0.5769231,0.741337776184082,0.4285714328289032
0,0,0,False,False,False,False,False,0,False,0,0,0,0,3,0,0.6627542972564697,0.5769231,0.7339592576026917,0.4285714328289032
0,0,0,False,False,False,False,False,0,False,0,0,0,0,4,0,0.6600717306137085,0.5480769,0.728331446647644,0.4571428596973419
