nan_loss,test_not_well,test_turn_bad,sc_accuracy,died_relu,vanish_gradient,explode_gradient,nan_gradient,large_weight,nan_weight,weight_change_little,decrease_acc,increase_loss,cons_mean_weight,cons_std_weight,nan_acc,loss,acc,val_loss,val_acc
0,0,0,False,False,False,False,False,0,False,0,0,0,0,0,0,0.6674319505691528,0.7307692,0.47317421436309814,0.8333333134651184
0,0,0,False,False,False,False,False,0,False,0,0,0,0,1,0,0.6356421113014221,0.75,0.45989397168159485,0.8333333134651184
0,0,0,False,False,False,False,False,0,False,0,0,0,0,2,0,0.614218533039093,0.7692308,0.42942607402801514,0.8333333134651184
0,0,0,False,False,False,False,False,0,False,0,0,0,0,3,0,0.6016088724136353,0.78846157,0.40767428278923035,0.8888888955116272
0,0,0,False,False,False,False,False,0,False,0,0,0,0,4,0,0.5999951958656311,0.78846157,0.40101274847984314,0.8888888955116272
