nan_loss,test_not_well,test_turn_bad,sc_accuracy,died_relu,vanish_gradient,explode_gradient,nan_gradient,large_weight,nan_weight,weight_change_little,decrease_acc,increase_loss,cons_mean_weight,cons_std_weight,nan_acc,loss,acc,val_loss,val_acc
0,0,0,False,False,False,False,False,0,False,0,0,0,0,0,0,0.9291468583620511,0.63461536,0.7931285738945008,0.6857143044471741
0,0,0,False,False,False,False,False,0,False,0,0,0,0,1,0,0.8278462795110849,0.63461536,0.7285501548222133,0.7142857313156128
0,0,0,False,False,False,False,False,0,False,0,0,0,0,2,0,0.7541825221135066,0.6442308,0.6916373457227435,0.6857143044471741
0,0,0,False,False,False,False,False,0,False,0,0,0,0,3,0,0.7149856824141282,0.625,0.6910603472164699,0.7142857313156128
0,0,0,False,False,False,False,False,0,False,0,0,0,0,4,0,0.7106610261476957,0.5769231,0.7001484990119934,0.6571428775787354
