nan_loss,test_not_well,test_turn_bad,sc_accuracy,died_relu,vanish_gradient,explode_gradient,nan_gradient,large_weight,nan_weight,weight_change_little,decrease_acc,increase_loss,cons_mean_weight,cons_std_weight,nan_acc,loss,acc,val_loss,val_acc
0,0,0,False,False,False,False,False,0,False,0,0,0,0,0,0,0.6923703092795152,0.724359,0.5346174836158752,0.7692307829856873
0,0,0,False,False,False,False,False,0,False,0,0,0,0,1,0,0.6875985310627863,0.724359,0.5443505644798279,0.807692289352417
0,0,0,False,False,False,False,False,0,False,0,0,0,0,2,0,0.6867729196181664,0.69871795,0.5553146004676819,0.807692289352417
0,0,0,False,False,False,False,False,0,False,0,0,0,0,3,0,0.6849076533928896,0.74358976,0.5631961822509766,0.807692289352417
0,0,0,False,False,False,False,False,0,False,0,0,0,0,4,0,0.6832499106725057,0.74358976,0.5698723196983337,0.807692289352417
