nan_loss,test_not_well,test_turn_bad,sc_accuracy,died_relu,vanish_gradient,explode_gradient,nan_gradient,large_weight,nan_weight,weight_change_little,decrease_acc,increase_loss,cons_mean_weight,cons_std_weight,nan_acc,loss,acc,val_loss,val_acc
0,0,0,False,False,False,False,False,0,False,0,0,0,0,0,0,0.7754442691802979,0.46153846,0.6632552146911621,0.6000000238418579
0,0,0,False,False,False,False,False,0,False,0,0,0,0,1,0,0.7700741291046143,0.47115386,0.6692734360694885,0.6000000238418579
0,0,0,False,False,False,False,False,0,False,0,0,0,0,2,0,0.7654742002487183,0.47115386,0.6760649085044861,0.5714285969734192
0,0,0,False,False,False,False,False,0,False,0,0,0,0,3,0,0.7616692781448364,0.47115386,0.6819631457328796,0.5714285969734192
0,0,0,False,False,False,False,False,0,False,0,0,0,0,4,0,0.7585440874099731,0.48076922,0.6845952868461609,0.5714285969734192
