nan_loss,test_not_well,test_turn_bad,sc_accuracy,died_relu,vanish_gradient,explode_gradient,nan_gradient,large_weight,nan_weight,weight_change_little,decrease_acc,increase_loss,cons_mean_weight,cons_std_weight,nan_acc,loss,acc,val_loss,val_acc
0,0,0,False,False,False,False,False,0,False,0,0,0,0,0,0,0.8327431082725525,0.50961536,0.7460412383079529,0.6285714507102966
0,0,0,False,False,False,False,False,0,False,0,0,0,0,1,0,0.8286672234535217,0.50961536,0.7449498772621155,0.6285714507102966
0,0,0,False,False,False,False,False,0,False,0,0,0,0,2,0,0.8242862224578857,0.5,0.7444135546684265,0.6000000238418579
0,0,0,False,False,False,False,False,0,False,0,0,0,0,3,0,0.8203429579734802,0.50961536,0.744551420211792,0.5142857432365417
0,0,0,False,False,False,False,False,0,False,0,0,0,0,4,0,0.8159503936767578,0.47115386,0.7452830076217651,0.5428571701049805
