nan_loss,test_not_well,test_turn_bad,sc_accuracy,died_relu,vanish_gradient,explode_gradient,nan_gradient,large_weight,nan_weight,weight_change_little,decrease_acc,increase_loss,cons_mean_weight,cons_std_weight,nan_acc,loss,acc,val_loss,val_acc
0,0,0,False,False,False,False,False,0,False,0,0,0,0,0,0,0.740167498588562,0.52884614,0.7344820499420166,0.6571428775787354
0,0,0,False,False,False,False,False,0,False,0,0,0,0,1,0,0.7356233596801758,0.52884614,0.7338521480560303,0.6285714507102966
0,0,0,False,False,False,False,False,0,False,0,0,0,0,2,0,0.7304041981697083,0.5192308,0.7341998219490051,0.6857143044471741
0,0,0,False,False,False,False,False,0,False,0,0,0,0,3,0,0.7248504161834717,0.5192308,0.7389265894889832,0.6000000238418579
0,0,0,False,False,False,False,False,0,False,0,0,0,0,4,0,0.7215265035629272,0.5,0.7468321323394775,0.5142857432365417
