nan_loss,test_not_well,test_turn_bad,sc_accuracy,died_relu,vanish_gradient,explode_gradient,nan_gradient,large_weight,nan_weight,weight_change_little,decrease_acc,increase_loss,cons_mean_weight,cons_std_weight,nan_acc,loss,acc,val_loss,val_acc
0,0,0,False,False,False,False,False,0,False,0,0,0,0,0,0,0.6778266414617881,0.5641026,0.7489752173423767,0.4615384638309479
0,0,0,False,False,False,False,False,0,False,0,0,0,0,1,0,0.6643594809067555,0.57051283,0.7625380754470825,0.4423076808452606
0,0,0,False,False,False,False,False,0,False,0,0,0,0,2,0,0.6735862233699896,0.5576923,0.7767066955566406,0.48076921701431274
0,0,0,False,False,False,False,False,0,False,0,0,0,0,3,0,0.6790620164993482,0.5576923,0.7840867638587952,0.4423076808452606
0,0,0,False,False,False,False,False,0,False,0,0,0,0,4,0,0.6792927995706216,0.5576923,0.7895967960357666,0.4038461446762085
