nan_loss,test_not_well,test_turn_bad,sc_accuracy,died_relu,vanish_gradient,explode_gradient,nan_gradient,large_weight,nan_weight,weight_change_little,decrease_acc,increase_loss,cons_mean_weight,cons_std_weight,nan_acc,loss,acc,val_loss,val_acc
0,0,0,False,False,False,False,False,0,False,0,0,0,0,0,0,1.111286319219149,0.5673077,0.9569560289382935,0.6285714507102966
0,0,0,False,False,False,False,False,0,False,0,0,0,0,1,0,1.058209634744204,0.58653843,0.9301156997680664,0.6571428775787354
0,0,0,False,False,False,False,False,0,False,0,0,0,0,2,0,1.014331029011653,0.58653843,0.9339615106582642,0.6571428775787354
0,0,0,False,False,False,False,False,0,False,0,0,0,0,3,0,0.9950433006653419,0.59615386,0.8697865009307861,0.6571428775787354
0,0,0,False,False,False,False,False,0,False,0,0,0,0,4,0,0.9825367469054002,0.6057692,0.8433020710945129,0.6571428775787354
