nan_loss,test_not_well,test_turn_bad,sc_accuracy,died_relu,vanish_gradient,explode_gradient,nan_gradient,large_weight,nan_weight,weight_change_little,decrease_acc,increase_loss,cons_mean_weight,cons_std_weight,nan_acc,loss,acc,val_loss,val_acc
0,0,0,False,False,False,False,False,0,False,0,0,0,0,0,0,0.5745823291631845,0.7692308,0.3320431113243103,0.8333333134651184
0,0,0,False,False,False,False,False,0,False,0,0,0,0,1,0,0.5485159525504479,0.78846157,0.3477586938275231,0.8333333134651184
0,0,0,False,False,False,False,False,0,False,0,0,0,0,2,0,0.5167839859540646,0.8076923,0.34624191290802425,0.8333333134651184
0,0,0,False,False,False,False,False,0,False,0,0,0,0,3,0,0.5179343682069045,0.8076923,0.3051082028283013,0.8333333134651184
0,0,0,False,False,False,False,False,0,False,0,0,0,0,4,0,0.48716667752999526,0.8269231,0.3631724980142381,0.7777777910232544
