nan_loss,test_not_well,test_turn_bad,sc_accuracy,died_relu,vanish_gradient,explode_gradient,nan_gradient,large_weight,nan_weight,weight_change_little,decrease_acc,increase_loss,cons_mean_weight,cons_std_weight,nan_acc,loss,acc,val_loss,val_acc
0,0,0,False,False,False,False,False,0,False,0,0,0,0,0,0,0.6971232891082764,0.59615386,0.5564348101615906,0.7777777910232544
0,0,0,False,False,False,False,False,0,False,0,0,0,0,1,0,0.6918243169784546,0.61538464,0.551872968673706,0.7777777910232544
0,0,0,False,False,False,False,False,0,False,0,0,0,0,2,0,0.6873016357421875,0.65384614,0.548452615737915,0.8888888955116272
0,0,0,False,False,False,False,False,0,False,0,0,0,0,3,0,0.6838623881340027,0.65384614,0.5439605116844177,0.8333333134651184
0,0,0,False,False,False,False,False,0,False,0,0,0,0,4,0,0.681227445602417,0.7307692,0.5391795635223389,0.8333333134651184
