nan_loss,test_not_well,test_turn_bad,sc_accuracy,died_relu,vanish_gradient,explode_gradient,nan_gradient,large_weight,nan_weight,weight_change_little,decrease_acc,increase_loss,cons_mean_weight,cons_std_weight,nan_acc,loss,acc,val_loss,val_acc
0,0,0,False,False,False,False,False,0,False,0,0,0,0,0,0,0.7237377166748047,0.78846157,0.4582523703575134,0.8333333134651184
0,0,0,False,False,False,False,False,0,False,0,0,0,0,1,0,0.720024049282074,0.78846157,0.46103471517562866,0.7777777910232544
0,0,0,False,False,False,False,False,0,False,0,0,0,0,2,0,0.7164090275764465,0.78846157,0.46375662088394165,0.7777777910232544
0,0,0,False,False,False,False,False,0,False,0,0,0,0,3,0,0.7130053639411926,0.78846157,0.4651445746421814,0.7777777910232544
0,0,0,False,False,False,False,False,0,False,0,0,0,0,4,0,0.7095369100570679,0.78846157,0.46490776538848877,0.7777777910232544
