nan_loss,test_not_well,test_turn_bad,sc_accuracy,died_relu,vanish_gradient,explode_gradient,nan_gradient,large_weight,nan_weight,weight_change_little,decrease_acc,increase_loss,cons_mean_weight,cons_std_weight,nan_acc,loss,acc,val_loss,val_acc
0,0,0,False,False,False,False,False,0,False,0,0,0,0,0,0,0.6175239086151123,0.6730769,0.507205069065094,0.7428571581840515
0,0,0,False,False,False,False,False,0,False,0,0,0,0,1,0,0.6074349284172058,0.6923077,0.49457359313964844,0.7428571581840515
0,0,0,False,False,False,False,False,0,False,0,0,0,0,2,0,0.5999321937561035,0.6826923,0.48212161660194397,0.7714285850524902
0,0,0,False,False,False,False,False,0,False,0,0,0,0,3,0,0.5975340604782104,0.6923077,0.4745389521121979,0.800000011920929
0,0,0,False,False,False,False,False,0,False,0,0,0,0,4,0,0.5973098874092102,0.6923077,0.47331058979034424,0.800000011920929
