nan_loss,test_not_well,test_turn_bad,sc_accuracy,died_relu,vanish_gradient,explode_gradient,nan_gradient,large_weight,nan_weight,weight_change_little,decrease_acc,increase_loss,cons_mean_weight,cons_std_weight,nan_acc,loss,acc,val_loss,val_acc
0,0,0,False,False,False,False,False,1,False,0,0,0,0,0,0,1.0078790187835693,0.47115386,1.037621259689331,0.48571428656578064
0,0,0,False,False,False,False,False,2,False,0,0,0,0,0,0,1.0548202991485596,0.47115386,1.0659234523773193,0.48571428656578064
0,0,0,False,False,False,False,False,3,False,0,0,0,0,0,0,1.0762050151824951,0.41346154,1.586694598197937,0.48571428656578064
0,0,0,False,False,False,False,False,4,False,0,0,0,0,0,0,0.9679564833641052,0.47115386,1.7441613674163818,0.48571428656578064
0,0,0,False,False,False,False,False,5,False,0,0,0,0,0,0,1.2240382432937622,0.46153846,1.6058660745620728,0.5428571701049805
