nan_loss,test_not_well,test_turn_bad,sc_accuracy,died_relu,vanish_gradient,explode_gradient,nan_gradient,large_weight,nan_weight,weight_change_little,decrease_acc,increase_loss,cons_mean_weight,cons_std_weight,nan_acc,loss,acc,val_loss,val_acc
0,0,0,False,False,False,False,False,0,False,0,0,0,0,0,0,0.9193234810462365,0.61538464,0.7786553859710693,0.7142857313156128
0,0,0,False,False,False,False,False,0,False,0,0,0,0,1,0,0.813452830681434,0.6442308,0.7246176719665527,0.7142857313156128
0,0,0,False,False,False,False,False,0,False,0,0,0,0,2,0,0.7530207817371075,0.6057692,0.7262422493525914,0.6571428775787354
0,0,0,False,False,False,False,False,0,False,0,0,0,0,3,0,0.7259956873380221,0.5769231,0.6860079424721854,0.6285714507102966
0,0,0,False,False,False,False,False,0,False,0,0,0,0,4,0,0.7030278535989615,0.61538464,0.6678078378949847,0.6857143044471741
