nan_loss,test_not_well,test_turn_bad,sc_accuracy,died_relu,vanish_gradient,explode_gradient,nan_gradient,large_weight,nan_weight,weight_change_little,decrease_acc,increase_loss,cons_mean_weight,cons_std_weight,nan_acc,loss,acc,val_loss,val_acc
0,0,0,False,False,False,False,False,0,False,0,0,0,0,0,0,1.1202142238616943,0.5480769,0.9903815388679504,0.48571428656578064
0,0,0,False,False,False,False,False,0,False,0,0,0,0,1,0,1.1098525524139404,0.5576923,0.9917880296707153,0.4571428596973419
0,0,0,False,False,False,False,False,0,False,0,0,0,0,2,0,1.0966676473617554,0.5576923,0.987791895866394,0.4571428596973419
0,0,0,False,False,False,False,False,0,False,0,0,0,0,3,0,1.0825203657150269,0.5673077,0.9796085953712463,0.48571428656578064
0,0,0,False,False,False,False,False,0,False,0,0,0,0,4,0,1.068910837173462,0.53846157,0.9696136713027954,0.48571428656578064
