nan_loss,test_not_well,test_turn_bad,sc_accuracy,died_relu,vanish_gradient,explode_gradient,nan_gradient,large_weight,nan_weight,weight_change_little,decrease_acc,increase_loss,cons_mean_weight,cons_std_weight,nan_acc,loss,acc,val_loss,val_acc
0,0,0,False,False,False,False,False,0,False,0,0,0,0,0,0,1.067582607269287,0.52884614,1.0141693353652954,0.5428571701049805
0,0,0,False,False,False,False,False,0,False,0,0,0,0,1,0,1.0620626211166382,0.5192308,1.011414647102356,0.5142857432365417
0,0,0,False,False,False,False,False,0,False,0,0,0,0,2,0,1.0549920797348022,0.52884614,1.0065128803253174,0.5142857432365417
0,0,0,False,False,False,False,False,0,False,0,0,0,0,3,0,1.0472261905670166,0.53846157,1.0000965595245361,0.5142857432365417
0,0,0,False,False,False,False,False,0,False,0,0,0,0,4,0,1.0393292903900146,0.5480769,0.9926073551177979,0.5142857432365417
