nan_loss,test_not_well,test_turn_bad,sc_accuracy,died_relu,vanish_gradient,explode_gradient,nan_gradient,large_weight,nan_weight,weight_change_little,decrease_acc,increase_loss,cons_mean_weight,cons_std_weight,nan_acc,loss,acc,val_loss,val_acc
0,0,0,False,False,False,False,False,0,False,0,0,0,0,0,0,0.6758902072906494,0.75961536,0.6649971604347229,0.800000011920929
0,0,0,False,False,False,False,False,0,False,0,0,0,0,1,0,0.6687701344490051,0.77884614,0.665768027305603,0.800000011920929
0,0,0,False,False,False,False,False,0,False,0,0,0,0,2,0,0.6657612323760986,0.77884614,0.6670218110084534,0.7714285850524902
0,0,0,False,False,False,False,False,0,False,0,0,0,0,3,0,0.6594995260238647,0.77884614,0.669295608997345,0.800000011920929
0,0,0,False,False,False,False,False,0,False,0,0,0,0,4,0,0.6537866592407227,0.78846157,0.6723411679267883,0.800000011920929
