nan_loss,test_not_well,test_turn_bad,sc_accuracy,died_relu,vanish_gradient,explode_gradient,nan_gradient,large_weight,nan_weight,weight_change_little,decrease_acc,increase_loss,cons_mean_weight,cons_std_weight,nan_acc,loss,acc,val_loss,val_acc
0,0,0,False,False,False,False,False,0,False,0,0,0,0,0,0,1.3423399925231934,0.52884614,1.088535737991333,0.5428571701049805
0,0,0,False,False,False,False,False,0,False,0,0,0,0,1,0,1.3209075836034923,0.5192308,1.1329501867294312,0.5142857432365417
0,0,0,False,False,False,False,False,0,False,0,0,0,0,2,0,1.2874874335068922,0.53846157,1.1871315036501204,0.5428571701049805
0,0,0,False,False,False,False,False,0,False,0,0,0,0,3,0,1.283924964758066,0.5,1.190429197038923,0.5142857432365417
0,0,0,False,False,False,False,False,0,False,0,0,0,0,4,0,1.2752937720372126,0.50961536,1.1632609333310808,0.5142857432365417
