nan_loss,test_not_well,test_turn_bad,sc_accuracy,died_relu,vanish_gradient,explode_gradient,nan_gradient,large_weight,nan_weight,weight_change_little,decrease_acc,increase_loss,cons_mean_weight,cons_std_weight,nan_acc,loss,acc,val_loss,val_acc
0,0,0,False,False,False,False,False,0,False,0,0,0,0,0,0,0.7404693961143494,0.75,0.4876118302345276,0.800000011920929
0,0,0,False,False,False,False,False,0,False,0,0,0,0,1,0,0.7326130270957947,0.75961536,0.5043532848358154,0.7714285850524902
0,0,0,False,False,False,False,False,0,False,0,0,0,0,2,0,0.7283076643943787,0.7980769,0.5271011590957642,0.800000011920929
0,0,0,False,False,False,False,False,0,False,0,0,0,0,3,0,0.7284774780273438,0.78846157,0.5400173664093018,0.7714285850524902
0,0,0,False,False,False,False,False,0,False,0,0,0,0,4,0,0.7278057932853699,0.77884614,0.5400219559669495,0.7714285850524902
