nan_loss,test_not_well,test_turn_bad,sc_accuracy,died_relu,vanish_gradient,explode_gradient,nan_gradient,large_weight,nan_weight,weight_change_little,decrease_acc,increase_loss,cons_mean_weight,cons_std_weight,nan_acc,loss,acc,val_loss,val_acc
0,0,0,False,False,False,False,False,0,False,0,0,0,0,0,0,0.6698011159896851,0.7307692,0.6041046380996704,0.800000011920929
0,0,0,False,False,False,False,False,0,False,0,0,0,0,1,0,0.6672706604003906,0.7307692,0.6019341349601746,0.800000011920929
0,0,0,False,False,False,False,False,0,False,0,0,0,0,2,0,0.6643689870834351,0.74038464,0.6004673838615417,0.8285714387893677
0,0,0,False,False,False,False,False,0,False,0,0,0,0,3,0,0.6615622043609619,0.75961536,0.599902868270874,0.8285714387893677
0,0,0,False,False,False,False,False,0,False,0,0,0,0,4,0,0.6590759754180908,0.75961536,0.6001524925231934,0.8285714387893677
