nan_loss,test_not_well,test_turn_bad,sc_accuracy,died_relu,vanish_gradient,explode_gradient,nan_gradient,large_weight,nan_weight,weight_change_little,decrease_acc,increase_loss,cons_mean_weight,cons_std_weight,nan_acc,loss,acc,val_loss,val_acc
0,0,0,False,False,False,False,False,0,False,0,0,0,0,0,0,0.6646644931573135,0.73717946,0.5662934184074402,0.7307692170143127
0,0,0,False,False,False,False,False,0,False,0,0,0,0,1,0,0.6511268791479942,0.775641,0.6672495603561401,0.7307692170143127
0,0,0,False,False,False,False,False,0,False,0,0,0,0,2,0,0.6789733232595981,0.73717946,0.6947597861289978,0.692307710647583
0,0,0,False,False,False,False,False,0,False,0,0,0,0,3,0,0.6737789481114118,0.75,0.6125249862670898,0.7307692170143127
0,0,0,False,False,False,False,False,0,False,0,0,0,0,4,0,0.6526335164522513,0.7692308,0.5297472476959229,0.807692289352417
