nan_loss,test_not_well,test_turn_bad,sc_accuracy,died_relu,vanish_gradient,explode_gradient,nan_gradient,large_weight,nan_weight,weight_change_little,decrease_acc,increase_loss,cons_mean_weight,cons_std_weight,nan_acc,loss,acc,val_loss,val_acc
0,0,0,False,False,False,False,False,0,False,0,0,0,0,0,0,1.0684763193130493,0.53846157,1.0210671424865723,0.5142857432365417
0,0,0,False,False,False,False,False,0,False,0,0,0,0,1,0,1.0637037754058838,0.52884614,1.024969220161438,0.5142857432365417
0,0,0,False,False,False,False,False,0,False,0,0,0,0,2,0,1.0588767528533936,0.52884614,1.0268431901931763,0.5142857432365417
0,0,0,False,False,False,False,False,0,False,0,0,0,0,3,0,1.054323673248291,0.5192308,1.026739478111267,0.5142857432365417
0,0,0,False,False,False,False,False,0,False,0,0,0,0,4,0,1.0500786304473877,0.5192308,1.0248887538909912,0.5142857432365417
