nan_loss,test_not_well,test_turn_bad,sc_accuracy,died_relu,vanish_gradient,explode_gradient,nan_gradient,large_weight,nan_weight,weight_change_little,decrease_acc,increase_loss,cons_mean_weight,cons_std_weight,nan_acc,loss,acc,val_loss,val_acc
0,0,0,False,False,False,False,False,0,False,0,0,0,0,0,0,0.7934408096166757,0.63461536,0.5844190716743469,0.8285714387893677
0,0,0,False,False,False,False,False,0,False,0,0,0,0,1,0,0.6961073416929978,0.6923077,0.5607715845108032,0.7428571581840515
0,0,0,False,False,False,False,False,0,False,0,0,0,0,2,0,0.7054405900148245,0.6923077,0.5653964281082153,0.7714285850524902
0,0,0,False,False,False,False,False,0,False,0,0,0,0,3,0,0.6863505290104792,0.75,0.5770869255065918,0.7714285850524902
0,0,0,False,False,False,False,False,0,False,0,0,0,0,4,0,0.6966069615804232,0.6923077,0.556753933429718,0.800000011920929
