nan_loss,test_not_well,test_turn_bad,sc_accuracy,died_relu,vanish_gradient,explode_gradient,nan_gradient,large_weight,nan_weight,weight_change_little,decrease_acc,increase_loss,cons_mean_weight,cons_std_weight,nan_acc,loss,acc,val_loss,val_acc
0,0,0,False,False,False,False,False,0,False,0,0,0,0,0,0,0.7614995241165161,0.74038464,0.6120005249977112,0.7714285850524902
0,0,0,False,False,False,False,False,0,False,0,0,0,0,1,0,0.7581120729446411,0.7692308,0.6105934977531433,0.7714285850524902
0,0,0,False,False,False,False,False,0,False,0,0,0,0,2,0,0.7561384439468384,0.75961536,0.6121952533721924,0.800000011920929
0,0,0,False,False,False,False,False,0,False,0,0,0,0,3,0,0.7552295327186584,0.77884614,0.615100622177124,0.7714285850524902
0,0,0,False,False,False,False,False,0,False,0,0,0,0,4,0,0.7536722421646118,0.77884614,0.6181033253669739,0.7714285850524902
