nan_loss,test_not_well,test_turn_bad,sc_accuracy,died_relu,vanish_gradient,explode_gradient,nan_gradient,large_weight,nan_weight,weight_change_little,decrease_acc,increase_loss,cons_mean_weight,cons_std_weight,nan_acc,loss,acc,val_loss,val_acc
0,0,0,False,False,False,False,False,0,False,0,0,0,0,0,0,0.6793689223436209,0.5673077,0.6708400249481201,0.6285714507102966
0,0,0,False,False,False,False,False,0,False,0,0,0,0,1,0,0.6791437451656048,0.5673077,0.6710212826728821,0.6285714507102966
0,0,0,False,False,False,False,False,0,False,0,0,0,0,2,0,0.678954880971175,0.5673077,0.6711892485618591,0.6285714507102966
0,0,0,False,False,False,False,False,0,False,0,0,0,0,3,0,0.6787145412885226,0.5673077,0.6712687611579895,0.6285714507102966
0,0,0,False,False,False,False,False,0,False,0,0,0,0,4,0,0.6784945313747113,0.5673077,0.6713273525238037,0.6285714507102966
