nan_loss,test_not_well,test_turn_bad,sc_accuracy,died_relu,vanish_gradient,explode_gradient,nan_gradient,large_weight,nan_weight,weight_change_little,decrease_acc,increase_loss,cons_mean_weight,cons_std_weight,nan_acc,loss,acc,val_loss,val_acc
0,0,0,False,False,False,False,False,0,False,0,0,0,0,0,0,0.6702313086925409,0.5641026,0.7576276063919067,0.4615384638309479
0,0,0,False,False,False,False,False,0,False,0,0,0,0,1,0,0.6634178008788671,0.5641026,0.7369862198829651,0.4423076808452606
0,0,0,False,False,False,False,False,0,False,0,0,0,0,2,0,0.6617690936113015,0.55128205,0.7496119737625122,0.5192307829856873
0,0,0,False,False,False,False,False,0,False,0,0,0,0,3,0,0.6513771766271347,0.5641026,0.7882323861122131,0.48076921701431274
0,0,0,False,False,False,False,False,0,False,0,0,0,0,4,0,0.6664988643083817,0.55128205,0.8018122911453247,0.48076921701431274
