nan_loss,test_not_well,test_turn_bad,sc_accuracy,died_relu,vanish_gradient,explode_gradient,nan_gradient,large_weight,nan_weight,weight_change_little,decrease_acc,increase_loss,cons_mean_weight,cons_std_weight,nan_acc,loss,acc,val_loss,val_acc
0,0,0,False,False,False,False,False,0,False,0,0,0,0,0,0,1.4606963396072388,0.3846154,1.4971444606781006,0.48571428656578064
0,0,0,False,False,False,False,False,0,False,0,0,0,0,1,0,1.4581284523010254,0.3846154,1.493348479270935,0.48571428656578064
0,0,0,False,False,False,False,False,0,False,0,0,0,0,1,0,1.4548053741455078,0.3846154,1.4891197681427002,0.48571428656578064
0,0,0,False,False,False,False,False,0,False,0,0,0,0,1,0,1.4510117769241333,0.39423078,1.4848134517669678,0.48571428656578064
0,0,0,False,False,False,False,False,0,False,0,0,0,0,1,0,1.4470252990722656,0.39423078,1.4805086851119995,0.48571428656578064
