nan_loss,test_not_well,test_turn_bad,sc_accuracy,died_relu,vanish_gradient,explode_gradient,nan_gradient,large_weight,nan_weight,weight_change_little,decrease_acc,increase_loss,cons_mean_weight,cons_std_weight,nan_acc,loss,acc,val_loss,val_acc
0,0,0,False,False,False,False,False,0,False,0,0,0,0,0,0,0.9675859487973727,0.5769231,0.7799068093299866,0.6857143044471741
0,0,0,False,False,False,False,False,0,False,0,0,0,0,1,0,0.8875041053845332,0.58653843,0.7386901378631592,0.6857143044471741
0,0,0,False,False,False,False,False,0,False,0,0,0,0,2,0,0.8505502618276156,0.6057692,0.7175226807594299,0.6857143044471741
0,0,0,False,False,False,False,False,0,False,0,0,0,0,3,0,0.8268949114359342,0.59615386,0.7034513354301453,0.6857143044471741
0,0,0,False,False,False,False,False,0,False,0,0,0,0,4,0,0.8060984978309045,0.59615386,0.6947728991508484,0.6857143044471741
