nan_loss,test_not_well,test_turn_bad,sc_accuracy,died_relu,vanish_gradient,explode_gradient,nan_gradient,large_weight,nan_weight,weight_change_little,decrease_acc,increase_loss,cons_mean_weight,cons_std_weight,nan_acc,loss,acc,val_loss,val_acc
0,0,0,False,False,False,False,False,0,False,0,0,0,0,0,0,0.6793321233529311,0.5673077,0.6708338260650635,0.6285714507102966
0,0,0,False,False,False,False,False,0,False,0,0,0,0,1,0,0.6790214410194984,0.5673077,0.6710014939308167,0.6285714507102966
0,0,0,False,False,False,False,False,0,False,0,0,0,0,2,0,0.6787579655647278,0.5673077,0.6712099313735962,0.6285714507102966
0,0,0,False,False,False,False,False,0,False,0,0,0,0,3,0,0.6786005038481492,0.5673077,0.6713184714317322,0.6285714507102966
0,0,0,False,False,False,False,False,0,False,0,0,0,0,4,0,0.678412336569566,0.5673077,0.6715211272239685,0.6285714507102966
