nan_loss,test_not_well,test_turn_bad,sc_accuracy,died_relu,vanish_gradient,explode_gradient,nan_gradient,large_weight,nan_weight,weight_change_little,decrease_acc,increase_loss,cons_mean_weight,cons_std_weight,nan_acc,loss,acc,val_loss,val_acc
0,0,0,False,False,False,False,False,0,False,0,0,0,0,0,0,0.6779228448867798,0.74038464,0.6073274612426758,0.7714285850524902
0,0,0,False,False,False,False,False,0,False,0,0,0,0,1,0,0.6606876850128174,0.75961536,0.6195816993713379,0.800000011920929
0,0,0,False,False,False,False,False,0,False,0,0,0,0,2,0,0.6551032662391663,0.7692308,0.6251611709594727,0.7714285850524902
0,0,0,False,False,False,False,False,0,False,0,0,0,0,3,0,0.6503766775131226,0.75961536,0.6276543736457825,0.7714285850524902
0,0,0,False,False,False,False,False,0,False,0,0,0,0,4,0,0.645342230796814,0.7692308,0.6305471062660217,0.7428571581840515
