nan_loss,test_not_well,test_turn_bad,sc_accuracy,died_relu,vanish_gradient,explode_gradient,nan_gradient,large_weight,nan_weight,weight_change_little,decrease_acc,increase_loss,cons_mean_weight,cons_std_weight,nan_acc,loss,acc,val_loss,val_acc
0,0,0,False,False,False,False,False,0,False,0,0,0,0,0,0,0.659294843673706,0.7019231,0.4869331419467926,0.8571428656578064
0,0,0,False,False,False,False,False,0,False,0,0,0,0,1,0,0.6428912281990051,0.75961536,0.5047239065170288,0.8285714387893677
0,0,0,False,False,False,False,False,0,False,0,0,0,0,2,0,0.6389707326889038,0.77884614,0.5305678248405457,0.8285714387893677
0,0,0,False,False,False,False,False,0,False,0,0,0,0,3,0,0.6370293498039246,0.77884614,0.5553274154663086,0.800000011920929
0,0,0,False,False,False,False,False,0,False,0,0,0,0,4,0,0.6354359984397888,0.77884614,0.564067542552948,0.7714285850524902
