nan_loss,test_not_well,test_turn_bad,sc_accuracy,died_relu,vanish_gradient,explode_gradient,nan_gradient,large_weight,nan_weight,weight_change_little,decrease_acc,increase_loss,cons_mean_weight,cons_std_weight,nan_acc,loss,acc,val_loss,val_acc
0,0,0,False,False,False,False,False,0,False,0,0,0,0,0,0,1.0961161851882935,0.29807693,1.089925765991211,0.4000000059604645
0,0,0,False,False,False,False,False,0,False,0,0,0,0,1,0,1.0961146354675293,0.29807693,1.089922308921814,0.4000000059604645
0,0,0,False,False,False,False,False,0,False,0,0,0,0,4,0,1.0961127281188965,0.29807693,1.0899183750152588,0.4000000059604645
0,0,0,False,False,False,False,False,0,False,0,0,0,0,5,0,1.096110224723816,0.29807693,1.0899138450622559,0.4000000059604645
0,0,0,False,False,False,False,False,0,False,0,0,0,0,7,0,1.0961076021194458,0.29807693,1.0899089574813843,0.4000000059604645
