nan_loss,test_not_well,test_turn_bad,sc_accuracy,died_relu,vanish_gradient,explode_gradient,nan_gradient,large_weight,nan_weight,weight_change_little,decrease_acc,increase_loss,cons_mean_weight,cons_std_weight,nan_acc,loss,acc,val_loss,val_acc
0,0,0,False,False,False,False,False,0,False,0,0,0,0,0,0,0.7324672387196467,0.65384614,0.6466233134269714,0.6000000238418579
0,0,0,False,False,False,False,False,0,False,0,0,0,0,1,0,0.7160562735337478,0.65384614,0.6057940721511841,0.800000011920929
0,0,0,False,False,False,False,False,0,False,0,0,0,0,2,0,0.6822088406636164,0.63461536,0.5687252283096313,0.800000011920929
0,0,0,False,False,False,False,False,0,False,0,0,0,0,3,0,0.6823545510952289,0.72115386,0.5850093960762024,0.800000011920929
0,0,0,False,False,False,False,False,0,False,0,0,0,0,4,0,0.6687568196883569,0.6923077,0.5875808000564575,0.7714285850524902
