nan_loss,test_not_well,test_turn_bad,sc_accuracy,died_relu,vanish_gradient,explode_gradient,nan_gradient,large_weight,nan_weight,weight_change_little,decrease_acc,increase_loss,cons_mean_weight,cons_std_weight,nan_acc,loss,acc,val_loss,val_acc
0,0,0,False,False,False,False,False,0,False,0,0,0,0,0,0,0.8938941405369685,0.50961536,0.788993775844574,0.5142857432365417
0,0,0,False,False,False,False,False,0,False,0,0,0,0,1,0,0.8455242056113023,0.4903846,0.7705038785934448,0.48571428656578064
0,0,0,False,False,False,False,False,0,False,0,0,0,0,2,0,0.8291658621567947,0.4903846,0.7405731678009033,0.4571428596973419
0,0,0,False,False,False,False,False,0,False,0,0,0,0,3,0,0.8220367935987619,0.52884614,0.7269613146781921,0.5428571701049805
0,0,0,False,False,False,False,False,0,False,0,0,0,0,4,0,0.8032720272357647,0.5673077,0.7724044322967529,0.48571428656578064
