nan_loss,test_not_well,test_turn_bad,sc_accuracy,died_relu,vanish_gradient,explode_gradient,nan_gradient,large_weight,nan_weight,weight_change_little,decrease_acc,increase_loss,cons_mean_weight,cons_std_weight,nan_acc,loss,acc,val_loss,val_acc
0,0,0,False,False,False,False,False,0,False,0,0,0,0,0,0,0.8620437246102554,0.78846157,0.4625033140182495,0.7777777910232544
0,0,0,False,False,False,False,False,0,False,0,0,0,0,1,0,0.8465141883263221,0.7692308,0.4823172390460968,0.8888888955116272
0,0,0,False,False,False,False,False,0,False,0,0,0,0,2,0,0.8342055815916795,0.78846157,0.4625736474990845,0.8333333134651184
0,0,0,False,False,False,False,False,0,False,0,0,0,0,3,0,0.835131239432555,0.78846157,0.45511701703071594,0.8333333134651184
0,0,0,False,False,False,False,False,0,False,0,0,0,0,4,0,0.8246043553719153,0.78846157,0.4710969924926758,0.8888888955116272
