nan_loss,test_not_well,test_turn_bad,sc_accuracy,died_relu,vanish_gradient,explode_gradient,nan_gradient,large_weight,nan_weight,weight_change_little,decrease_acc,increase_loss,cons_mean_weight,cons_std_weight,nan_acc,loss,acc,val_loss,val_acc
0,0,0,False,False,False,False,False,0,False,0,0,0,0,0,0,1.0793665647506714,0.52884614,1.0027449131011963,0.48571428656578064
0,0,0,False,False,False,False,False,0,False,0,0,0,0,1,0,1.053450345993042,0.5480769,0.9927225112915039,0.48571428656578064
0,0,0,False,False,False,False,False,0,False,0,0,0,0,2,0,1.0293289422988892,0.5576923,0.9638611078262329,0.48571428656578064
0,0,0,False,False,False,False,False,0,False,0,0,0,0,3,0,1.0036168098449707,0.5673077,0.9407114386558533,0.5714285969734192
0,0,0,False,False,False,False,False,0,False,0,0,0,0,4,0,0.9813967347145081,0.5673077,0.9455451965332031,0.5428571701049805
