nan_loss,test_not_well,test_turn_bad,sc_accuracy,died_relu,vanish_gradient,explode_gradient,nan_gradient,large_weight,nan_weight,weight_change_little,decrease_acc,increase_loss,cons_mean_weight,cons_std_weight,nan_acc,loss,acc,val_loss,val_acc
0,0,0,False,False,False,False,False,0,False,0,0,0,0,0,0,0.6674319505691528,0.7307692,0.47266802191734314,0.8333333134651184
0,0,0,False,False,False,False,False,0,False,0,0,0,0,1,0,0.6339283585548401,0.7692308,0.45808538794517517,0.8333333134651184
0,0,0,False,False,False,False,False,0,False,0,0,0,0,2,0,0.6126811504364014,0.7692308,0.42548835277557373,0.8333333134651184
0,0,0,False,False,False,False,False,0,False,0,0,0,0,3,0,0.600894033908844,0.78846157,0.4062045216560364,0.8888888955116272
0,0,0,False,False,False,False,False,0,False,0,0,0,0,4,0,0.6003466844558716,0.78846157,0.4002787470817566,0.8888888955116272
