nan_loss,test_not_well,test_turn_bad,sc_accuracy,died_relu,vanish_gradient,explode_gradient,nan_gradient,large_weight,nan_weight,weight_change_little,decrease_acc,increase_loss,cons_mean_weight,cons_std_weight,nan_acc,loss,acc,val_loss,val_acc
0,0,0,False,False,False,False,False,0,False,0,0,0,0,0,0,1.2240269184112549,0.5480769,1.0093822479248047,0.4571428596973419
0,0,0,False,False,False,False,False,0,False,0,0,0,0,1,0,1.2164263725280762,0.5480769,1.012887954711914,0.48571428656578064
0,0,0,False,False,False,False,False,0,False,0,0,0,0,2,0,1.2069306373596191,0.5480769,1.0177239179611206,0.48571428656578064
0,0,0,False,False,False,False,False,0,False,0,0,0,0,3,0,1.1970480680465698,0.53846157,1.023565411567688,0.48571428656578064
0,0,0,False,False,False,False,False,0,False,0,0,0,0,4,0,1.1876786947250366,0.53846157,1.0298577547073364,0.48571428656578064
