nan_loss,test_not_well,test_turn_bad,sc_accuracy,died_relu,vanish_gradient,explode_gradient,nan_gradient,large_weight,nan_weight,weight_change_little,decrease_acc,increase_loss,cons_mean_weight,cons_std_weight,nan_acc,loss,acc,val_loss,val_acc
0,0,0,False,False,False,False,False,0,False,0,0,0,0,0,0,0.9080369334954482,0.78846157,0.48415591774715316,0.8333333134651184
0,0,0,False,False,False,False,False,0,False,0,0,0,0,1,0,0.8723301887512207,0.78846157,0.47209379863407874,0.8888888955116272
0,0,0,False,False,False,False,False,0,False,0,0,0,0,2,0,0.8625543541633166,0.7692308,0.4813437933723132,0.8333333134651184
0,0,0,False,False,False,False,False,0,False,0,0,0,0,3,0,0.869832829787181,0.78846157,0.4641675617959764,0.8888888955116272
0,0,0,False,False,False,False,False,0,False,0,0,0,0,4,0,0.8570155042868394,0.75,0.4761824616127544,0.9444444179534912
