nan_loss,test_not_well,test_turn_bad,sc_accuracy,died_relu,vanish_gradient,explode_gradient,nan_gradient,large_weight,nan_weight,weight_change_little,decrease_acc,increase_loss,cons_mean_weight,cons_std_weight,nan_acc,loss,acc,val_loss,val_acc
0,0,0,False,False,False,False,False,0,False,0,0,0,0,0,0,0.761319120724996,0.7307692,0.6488985419273376,0.807692289352417
0,0,0,False,False,False,False,False,0,False,0,0,0,0,1,0,0.7550739538975251,0.73717946,0.6465284824371338,0.807692289352417
0,0,0,False,False,False,False,False,0,False,0,0,0,0,2,0,0.7533427797831022,0.73717946,0.644657552242279,0.7692307829856873
0,0,0,False,False,False,False,False,0,False,0,0,0,0,3,0,0.750318352992718,0.73717946,0.639817476272583,0.7692307829856873
0,0,0,False,False,False,False,False,0,False,0,0,0,0,4,0,0.7490297999137487,0.69871795,0.6348013281822205,0.7692307829856873
