nan_loss,test_not_well,test_turn_bad,sc_accuracy,died_relu,vanish_gradient,explode_gradient,nan_gradient,large_weight,nan_weight,weight_change_little,decrease_acc,increase_loss,cons_mean_weight,cons_std_weight,nan_acc,loss,acc,val_loss,val_acc
0,0,0,False,False,False,False,False,0,False,0,0,0,0,0,0,0.6748695373535156,0.74038464,0.6312317848205566,0.7428571581840515
0,0,0,False,False,False,False,False,0,False,0,0,0,0,1,0,0.6681095361709595,0.75,0.6316670179367065,0.7428571581840515
0,0,0,False,False,False,False,False,0,False,0,0,0,0,2,0,0.6617609262466431,0.75961536,0.6328921318054199,0.7714285850524902
0,0,0,False,False,False,False,False,0,False,0,0,0,0,3,0,0.6574246287345886,0.7692308,0.6355621814727783,0.7428571581840515
0,0,0,False,False,False,False,False,0,False,0,0,0,0,4,0,0.654931902885437,0.7692308,0.6396258473396301,0.7428571581840515
