nan_loss,test_not_well,test_turn_bad,sc_accuracy,died_relu,vanish_gradient,explode_gradient,nan_gradient,large_weight,nan_weight,weight_change_little,decrease_acc,increase_loss,cons_mean_weight,cons_std_weight,nan_acc,loss,acc,val_loss,val_acc
0,0,0,False,False,False,False,False,0,False,0,0,0,0,0,0,0.6875704526901245,0.6923077,0.5731603503227234,0.800000011920929
0,0,0,False,False,False,False,False,0,False,0,0,0,0,1,0,0.6448139548301697,0.75,0.5662397146224976,0.800000011920929
0,0,0,False,False,False,False,False,0,False,0,0,0,0,2,0,0.6227973699569702,0.74038464,0.5719281435012817,0.8285714387893677
0,0,0,False,False,False,False,False,0,False,0,0,0,0,3,0,0.6176036596298218,0.75961536,0.5844289064407349,0.7714285850524902
0,0,0,False,False,False,False,False,0,False,0,0,0,0,4,0,0.6208003759384155,0.71153843,0.5956453680992126,0.7714285850524902
