nan_loss,test_not_well,test_turn_bad,sc_accuracy,died_relu,vanish_gradient,explode_gradient,nan_gradient,large_weight,nan_weight,weight_change_little,decrease_acc,increase_loss,cons_mean_weight,cons_std_weight,nan_acc,loss,acc,val_loss,val_acc
0,0,0,False,False,False,False,False,0,False,0,0,0,0,0,0,0.6649834513664246,0.7692308,0.5160264372825623,0.800000011920929
0,0,0,False,False,False,False,False,0,False,0,0,0,0,1,0,0.6551845073699951,0.75,0.5508978962898254,0.7428571581840515
0,0,0,False,False,False,False,False,0,False,0,0,0,0,2,0,0.6537418365478516,0.7692308,0.5698783993721008,0.7428571581840515
0,0,0,False,False,False,False,False,0,False,0,0,0,0,3,0,0.651691734790802,0.7692308,0.5683457255363464,0.7714285850524902
0,0,0,False,False,False,False,False,0,False,0,0,0,0,4,0,0.6471463441848755,0.78846157,0.5575723648071289,0.7428571581840515
