nan_loss,test_not_well,test_turn_bad,sc_accuracy,died_relu,vanish_gradient,explode_gradient,nan_gradient,large_weight,nan_weight,weight_change_little,decrease_acc,increase_loss,cons_mean_weight,cons_std_weight,nan_acc,loss,acc,val_loss,val_acc
0,0,0,False,False,False,False,False,1,False,0,0,0,0,0,0,1.0077965259552002,0.39423078,1.2726939916610718,0.4285714328289032
0,0,0,False,False,False,False,False,2,False,0,0,0,0,0,0,1.2353923320770264,0.34615386,5.059731483459473,0.17142857611179352
0,0,0,False,False,False,False,False,3,False,0,0,0,0,0,0,4.570266246795654,0.33653846,1.3864346742630005,0.11428571492433548
0,0,0,False,False,False,False,False,4,False,0,0,0,0,0,0,1.3763102293014526,0.057692308,1.0956109762191772,0.37142857909202576
0,0,0,False,False,False,False,False,5,False,0,0,0,0,0,0,1.0627909898757935,0.40384614,1.1571382284164429,0.3142857253551483
