nan_loss,test_not_well,test_turn_bad,sc_accuracy,died_relu,vanish_gradient,explode_gradient,nan_gradient,large_weight,nan_weight,weight_change_little,decrease_acc,increase_loss,cons_mean_weight,cons_std_weight,nan_acc,loss,acc,val_loss,val_acc
0,0,0,False,False,False,False,False,0,False,0,0,0,0,0,0,0.8327431082725525,0.50961536,0.745976984500885,0.6285714507102966
0,0,0,False,False,False,False,False,0,False,0,0,0,0,1,0,0.8284167051315308,0.50961536,0.74488765001297,0.6285714507102966
0,0,0,False,False,False,False,False,0,False,0,0,0,0,2,0,0.8240010142326355,0.5,0.744398295879364,0.6000000238418579
0,0,0,False,False,False,False,False,0,False,0,0,0,0,3,0,0.8200998306274414,0.50961536,0.7445617318153381,0.5142857432365417
0,0,0,False,False,False,False,False,0,False,0,0,0,0,4,0,0.8157632350921631,0.48076922,0.7452570796012878,0.5428571701049805
