nan_loss,test_not_well,test_turn_bad,sc_accuracy,died_relu,vanish_gradient,explode_gradient,nan_gradient,large_weight,nan_weight,weight_change_little,decrease_acc,increase_loss,cons_mean_weight,cons_std_weight,nan_acc,loss,acc,val_loss,val_acc
0,0,0,False,False,False,False,False,0,False,0,0,0,0,0,0,1.1858298778533936,0.625,0.9554333090782166,0.6857143044471741
0,0,0,False,False,False,False,False,0,False,0,0,0,0,1,0,1.1779978275299072,0.625,0.9523525834083557,0.6857143044471741
0,0,0,False,False,False,False,False,0,False,0,0,0,0,2,0,1.1678826808929443,0.61538464,0.9492293000221252,0.7142857313156128
0,0,0,False,False,False,False,False,0,False,0,0,0,0,3,0,1.1577666997909546,0.61538464,0.9457213282585144,0.7142857313156128
0,0,0,False,False,False,False,False,0,False,0,0,0,0,4,0,1.1483298540115356,0.61538464,0.9418665170669556,0.7142857313156128
