nan_loss,test_not_well,test_turn_bad,sc_accuracy,died_relu,vanish_gradient,explode_gradient,nan_gradient,large_weight,nan_weight,weight_change_little,decrease_acc,increase_loss,cons_mean_weight,cons_std_weight,nan_acc,loss,acc,val_loss,val_acc
0,0,0,False,False,False,False,False,0,False,0,0,0,0,0,0,0.839070356809176,0.75961536,0.7737337691443307,0.7428571581840515
0,0,0,False,False,False,False,False,0,False,0,0,0,0,1,0,0.8168975252371568,0.74038464,0.7783615350723266,0.7714285850524902
0,0,0,False,False,False,False,False,0,False,0,0,0,0,2,0,0.8200104947273548,0.72115386,0.7749989407403128,0.7428571581840515
0,0,0,False,False,False,False,False,0,False,0,0,0,0,3,0,0.7935197307513311,0.7692308,0.779973520551409,0.7142857313156128
0,0,0,False,False,False,False,False,0,False,0,0,0,0,4,0,0.7869785519746634,0.7692308,0.7734413623809815,0.7714285850524902
