nan_loss,test_not_well,test_turn_bad,sc_accuracy,died_relu,vanish_gradient,explode_gradient,nan_gradient,large_weight,nan_weight,weight_change_little,decrease_acc,increase_loss,cons_mean_weight,cons_std_weight,nan_acc,loss,acc,val_loss,val_acc
0,0,0,False,False,False,False,False,0,False,0,0,0,0,0,0,0.7279293537139893,0.5769231,0.675779402256012,0.4444444477558136
0,0,0,False,False,False,False,False,0,False,0,0,0,0,1,0,0.6283777952194214,0.6730769,0.721482515335083,0.4444444477558136
0,0,0,False,False,False,False,False,0,False,0,0,0,0,2,0,0.644389808177948,0.63461536,0.7150112390518188,0.4444444477558136
0,0,0,False,False,False,False,False,0,False,0,0,0,0,3,0,0.6417733430862427,0.63461536,0.6749247312545776,0.4444444477558136
0,0,0,False,False,False,False,False,0,False,0,0,0,0,4,0,0.6048458814620972,0.6923077,0.64631587266922,0.4444444477558136
