nan_loss,test_not_well,test_turn_bad,sc_accuracy,died_relu,vanish_gradient,explode_gradient,nan_gradient,large_weight,nan_weight,weight_change_little,decrease_acc,increase_loss,cons_mean_weight,cons_std_weight,nan_acc,loss,acc,val_loss,val_acc
0,0,0,False,False,False,False,False,0,False,0,0,0,0,0,0,0.7718049089113871,0.7307692,0.5939356088638306,0.807692289352417
0,0,0,False,False,False,False,False,0,False,0,0,0,0,1,0,0.7672562629748614,0.73717946,0.5898556709289551,0.807692289352417
0,0,0,False,False,False,False,False,0,False,0,0,0,0,2,0,0.7650056083997091,0.7307692,0.5825696587562561,0.8269230723381042
0,0,0,False,False,False,False,False,0,False,0,0,0,0,3,0,0.7626913052338821,0.724359,0.575434148311615,0.8269230723381042
0,0,0,False,False,False,False,False,0,False,0,0,0,0,4,0,0.7611691508537684,0.71794873,0.5680753588676453,0.807692289352417
