nan_loss,test_not_well,test_turn_bad,sc_accuracy,died_relu,vanish_gradient,explode_gradient,nan_gradient,large_weight,nan_weight,weight_change_little,decrease_acc,increase_loss,cons_mean_weight,cons_std_weight,nan_acc,loss,acc,val_loss,val_acc
0,0,0,False,False,False,False,False,0,False,0,0,0,0,0,0,0.7794676514772269,0.6057692,0.9089789390563965,0.5714285969734192
0,0,0,False,False,False,False,False,0,False,0,0,0,0,1,0,0.9045574573370126,0.5576923,0.9112460613250732,0.5142857432365417
0,0,0,False,False,False,False,False,0,False,0,0,0,0,2,0,0.6859171436383174,0.63461536,0.8860580921173096,0.5142857432365417
0,0,0,False,False,False,False,False,0,False,0,0,0,0,3,0,0.6858564065052912,0.58653843,0.6880720853805542,0.6571428775787354
0,0,0,False,False,False,False,False,0,False,0,0,0,0,4,0,0.6423768584544842,0.61538464,0.7049770355224609,0.6285714507102966
