nan_loss,test_not_well,test_turn_bad,sc_accuracy,died_relu,vanish_gradient,explode_gradient,nan_gradient,large_weight,nan_weight,weight_change_little,decrease_acc,increase_loss,cons_mean_weight,cons_std_weight,nan_acc,loss,acc,val_loss,val_acc
0,0,0,False,False,False,False,False,0,False,0,0,0,0,0,0,0.6592947840690613,0.7019231,0.4936937689781189,0.8571428656578064
0,0,0,False,False,False,False,False,0,False,0,0,0,0,1,0,0.641071617603302,0.75961536,0.5254862308502197,0.8285714387893677
0,0,0,False,False,False,False,False,0,False,0,0,0,0,2,0,0.6392796635627747,0.7692308,0.5547993183135986,0.800000011920929
0,0,0,False,False,False,False,False,0,False,0,0,0,0,3,0,0.636846661567688,0.7692308,0.5627520680427551,0.7714285850524902
0,0,0,False,False,False,False,False,0,False,0,0,0,0,4,0,0.633342444896698,0.7692308,0.5554127097129822,0.7428571581840515
