nan_loss,test_not_well,test_turn_bad,sc_accuracy,died_relu,vanish_gradient,explode_gradient,nan_gradient,large_weight,nan_weight,weight_change_little,decrease_acc,increase_loss,cons_mean_weight,cons_std_weight,nan_acc,loss,acc,val_loss,val_acc
0,0,0,False,False,False,False,False,0,False,0,0,0,0,0,0,1.0920021533966064,0.48076922,1.0883508920669556,0.6111111044883728
0,0,0,False,False,False,False,False,0,False,0,0,0,0,0,0,1.0919957160949707,0.48076922,1.0883439779281616,0.6111111044883728
0,0,0,False,False,False,False,False,0,False,0,0,0,0,0,0,1.091989278793335,0.48076922,1.0883369445800781,0.6111111044883728
0,0,0,False,False,False,False,False,0,False,0,0,0,0,0,0,1.0919827222824097,0.48076922,1.088329792022705,0.6111111044883728
0,0,0,False,False,False,False,False,0,False,0,0,0,0,1,0,1.0919764041900635,0.48076922,1.0883228778839111,0.6111111044883728
