nan_loss,test_not_well,test_turn_bad,sc_accuracy,died_relu,vanish_gradient,explode_gradient,nan_gradient,large_weight,nan_weight,weight_change_little,decrease_acc,increase_loss,cons_mean_weight,cons_std_weight,nan_acc,loss,acc,val_loss,val_acc
0,0,0,False,False,False,False,False,0,False,0,0,0,0,0,0,0.6863969747836773,0.65384614,0.6179656386375427,0.7142857313156128
0,0,0,False,False,False,False,False,0,False,0,0,0,0,1,0,0.6621851095786462,0.6826923,0.6209723353385925,0.7428571581840515
0,0,0,False,False,False,False,False,0,False,0,0,0,0,2,0,0.6660062028811529,0.6826923,0.6225721836090088,0.7428571581840515
0,0,0,False,False,False,False,False,0,False,0,0,0,0,3,0,0.6568525662788978,0.6730769,0.6292663812637329,0.7142857313156128
0,0,0,False,False,False,False,False,0,False,0,0,0,0,4,0,0.6548923895909236,0.6923077,0.6129607558250427,0.7428571581840515
