nan_loss,test_not_well,test_turn_bad,sc_accuracy,died_relu,vanish_gradient,explode_gradient,nan_gradient,large_weight,nan_weight,weight_change_little,decrease_acc,increase_loss,cons_mean_weight,cons_std_weight,nan_acc,loss,acc,val_loss,val_acc
0,0,0,False,False,False,False,False,0,False,0,0,0,0,0,0,0.6740715503692627,0.65384614,0.6388689279556274,0.6285714507102966
0,0,0,False,False,False,False,False,0,False,0,0,0,0,1,0,0.6722922921180725,0.66346157,0.6401274800300598,0.6285714507102966
0,0,0,False,False,False,False,False,0,False,0,0,0,0,2,0,0.6711746454238892,0.66346157,0.6411011219024658,0.6285714507102966
0,0,0,False,False,False,False,False,0,False,0,0,0,0,3,0,0.6702541708946228,0.66346157,0.6413860321044922,0.6285714507102966
0,0,0,False,False,False,False,False,0,False,0,0,0,0,4,0,0.6693515777587891,0.66346157,0.6407621502876282,0.6857143044471741
