nan_loss,test_not_well,test_turn_bad,sc_accuracy,died_relu,vanish_gradient,explode_gradient,nan_gradient,large_weight,nan_weight,weight_change_little,decrease_acc,increase_loss,cons_mean_weight,cons_std_weight,nan_acc,loss,acc,val_loss,val_acc
0,0,0,False,False,False,False,False,0,False,0,0,0,0,0,0,0.7287148833274841,0.75,0.39089882373809814,0.8333333134651184
0,0,0,False,False,False,False,False,0,False,0,0,0,0,1,0,0.7222193479537964,0.7692308,0.3816925287246704,0.8333333134651184
0,0,0,False,False,False,False,False,0,False,0,0,0,0,2,0,0.7153472900390625,0.7692308,0.37351807951927185,0.8333333134651184
0,0,0,False,False,False,False,False,0,False,0,0,0,0,3,0,0.7088750004768372,0.7692308,0.36701494455337524,0.8888888955116272
0,0,0,False,False,False,False,False,0,False,0,0,0,0,4,0,0.7031316161155701,0.78846157,0.3624681532382965,0.8888888955116272
