nan_loss,test_not_well,test_turn_bad,sc_accuracy,died_relu,vanish_gradient,explode_gradient,nan_gradient,large_weight,nan_weight,weight_change_little,decrease_acc,increase_loss,cons_mean_weight,cons_std_weight,nan_acc,loss,acc,val_loss,val_acc
0,0,0,False,False,False,False,False,0,False,0,0,0,0,0,0,0.6965711116790771,0.75,0.5454379916191101,0.8285714387893677
0,0,0,False,False,False,False,False,0,False,0,0,0,0,1,0,0.6845390796661377,0.74038464,0.5649919509887695,0.7714285850524902
0,0,0,False,False,False,False,False,0,False,0,0,0,0,2,0,0.6804460287094116,0.7692308,0.5787184238433838,0.7714285850524902
0,0,0,False,False,False,False,False,0,False,0,0,0,0,3,0,0.6804160475730896,0.77884614,0.5779489874839783,0.800000011920929
0,0,0,False,False,False,False,False,0,False,0,0,0,0,4,0,0.677112340927124,0.78846157,0.5681263208389282,0.800000011920929
