nan_loss,test_not_well,test_turn_bad,sc_accuracy,died_relu,vanish_gradient,explode_gradient,nan_gradient,large_weight,nan_weight,weight_change_little,decrease_acc,increase_loss,cons_mean_weight,cons_std_weight,nan_acc,loss,acc,val_loss,val_acc
0,0,0,False,False,False,False,False,0,False,0,0,0,0,0,0,0.9438380553172185,0.6057692,0.8029495256287711,0.6857143044471741
0,0,0,False,False,False,False,False,0,False,0,0,0,0,1,0,0.8447736409994272,0.63461536,0.7368402208600725,0.7142857313156128
0,0,0,False,False,False,False,False,0,False,0,0,0,0,2,0,0.7561459541320801,0.6442308,0.698037554536547,0.6857143044471741
0,0,0,False,False,False,False,False,0,False,0,0,0,0,3,0,0.7148271203041077,0.63461536,0.7154326285634722,0.6285714507102966
0,0,0,False,False,False,False,False,0,False,0,0,0,0,4,0,0.6951676469582778,0.6442308,0.6914703965187072,0.6857143044471741
