nan_loss,test_not_well,test_turn_bad,sc_accuracy,died_relu,vanish_gradient,explode_gradient,nan_gradient,large_weight,nan_weight,weight_change_little,decrease_acc,increase_loss,cons_mean_weight,cons_std_weight,nan_acc,loss,acc,val_loss,val_acc
0,0,0,False,False,False,False,False,0,False,0,0,0,0,0,0,0.5882738691109878,0.74038464,0.5625565545899528,0.800000011920929
0,0,0,False,False,False,False,False,0,False,0,0,0,0,1,0,0.5986418494811425,0.71153843,0.5678442376000541,0.800000011920929
0,0,0,False,False,False,False,False,0,False,0,0,0,0,2,0,0.5945929563962497,0.7307692,0.5465187174933297,0.7714285850524902
0,0,0,False,False,False,False,False,0,False,0,0,0,0,3,0,0.5741211084219126,0.75,0.5578517011233739,0.7714285850524902
0,0,0,False,False,False,False,False,0,False,0,0,0,0,4,0,0.5554359646943899,0.7307692,0.587436660698482,0.7714285850524902
