nan_loss,test_not_well,test_turn_bad,sc_accuracy,died_relu,vanish_gradient,explode_gradient,nan_gradient,large_weight,nan_weight,weight_change_little,decrease_acc,increase_loss,cons_mean_weight,cons_std_weight,nan_acc,loss,acc,val_loss,val_acc
0,0,0,False,False,False,False,False,0,False,0,0,0,0,0,0,0.6841790080070496,0.65384614,0.6413217782974243,0.7115384340286255
0,0,0,False,False,False,False,False,0,False,0,0,0,0,1,0,0.6593700051307678,0.724359,0.6663974523544312,0.7307692170143127
0,0,0,False,False,False,False,False,0,False,0,0,0,0,2,0,0.6573374699323605,0.6666667,0.668523907661438,0.5961538553237915
0,0,0,False,False,False,False,False,0,False,0,0,0,0,3,0,0.6547641983399024,0.67948717,0.6722451448440552,0.5961538553237915
0,0,0,False,False,False,False,False,0,False,0,0,0,0,4,0,0.6504064018909748,0.7051282,0.6632362008094788,0.6346153616905212
