nan_loss,test_not_well,test_turn_bad,sc_accuracy,died_relu,vanish_gradient,explode_gradient,nan_gradient,large_weight,nan_weight,weight_change_little,decrease_acc,increase_loss,cons_mean_weight,cons_std_weight,nan_acc,loss,acc,val_loss,val_acc
0,0,0,False,False,False,False,False,0,False,0,0,0,0,0,0,0.70316082239151,0.7692308,0.7601889967918396,0.7142857313156128
0,0,0,False,False,False,False,False,0,False,0,0,0,0,1,0,0.7007327675819397,0.77884614,0.7598039507865906,0.7428571581840515
0,0,0,False,False,False,False,False,0,False,0,0,0,0,2,0,0.6981340646743774,0.7692308,0.7598438858985901,0.7428571581840515
0,0,0,False,False,False,False,False,0,False,0,0,0,0,3,0,0.6956952810287476,0.7692308,0.7599513530731201,0.7428571581840515
0,0,0,False,False,False,False,False,0,False,0,0,0,0,4,0,0.6931742429733276,0.7692308,0.7598516345024109,0.7428571581840515
