nan_loss,test_not_well,test_turn_bad,sc_accuracy,died_relu,vanish_gradient,explode_gradient,nan_gradient,large_weight,nan_weight,weight_change_little,decrease_acc,increase_loss,cons_mean_weight,cons_std_weight,nan_acc,loss,acc,val_loss,val_acc
0,0,0,False,False,1,False,False,1,False,0,0,0,0,0,0,0.6992034912109375,0.53846157,0.7480397820472717,0.4000000059604645
0,0,0,False,False,2,False,False,2,False,0,0,0,1,5,0,0.6961765885353088,0.53846157,0.7364194393157959,0.4000000059604645
0,0,0,False,False,3,False,False,3,False,0,0,0,3,9,0,0.6932559609413147,0.53846157,0.7245792150497437,0.4000000059604645
0,0,0,False,False,4,False,False,4,False,0,0,0,5,13,0,0.6911326050758362,0.53846157,0.7124598026275635,0.4000000059604645
0,0,0,False,False,5,False,False,5,False,0,0,0,6,16,0,0.6901912093162537,0.53846157,0.6819172501564026,0.6000000238418579
