nan_loss,test_not_well,test_turn_bad,sc_accuracy,died_relu,vanish_gradient,explode_gradient,nan_gradient,large_weight,nan_weight,weight_change_little,decrease_acc,increase_loss,cons_mean_weight,cons_std_weight,nan_acc,loss,acc,val_loss,val_acc
0,0,0,False,False,False,False,False,0,False,0,0,0,0,0,0,0.881489077439675,0.72115386,0.670606701714652,0.800000011920929
0,0,0,False,False,False,False,False,0,False,0,0,0,0,1,0,0.862127042733706,0.74038464,0.6706305648599352,0.800000011920929
0,0,0,False,False,False,False,False,0,False,0,0,0,0,2,0,0.8625645775061387,0.74038464,0.6711505276816232,0.7428571581840515
0,0,0,False,False,False,False,False,0,False,0,0,0,0,3,0,0.8566237241029739,0.72115386,0.6329243898391723,0.800000011920929
0,0,0,False,False,False,False,False,0,False,0,0,0,0,4,0,0.857785687996791,0.7307692,0.6419162469250815,0.8285714387893677
