nan_loss,test_not_well,test_turn_bad,sc_accuracy,died_relu,vanish_gradient,explode_gradient,nan_gradient,large_weight,nan_weight,weight_change_little,decrease_acc,increase_loss,cons_mean_weight,cons_std_weight,nan_acc,loss,acc,val_loss,val_acc
0,0,0,False,False,False,False,False,0,False,0,0,0,0,0,0,0.7002471089363098,0.52884614,0.6640717387199402,0.5142857432365417
0,0,0,False,False,False,False,False,0,False,0,0,0,0,1,0,0.6935585737228394,0.5480769,0.6639453172683716,0.5428571701049805
0,0,0,False,False,False,False,False,0,False,0,0,0,0,2,0,0.6875685453414917,0.5480769,0.6686037182807922,0.5142857432365417
0,0,0,False,False,False,False,False,0,False,0,0,0,0,3,0,0.6808056235313416,0.52884614,0.6816238164901733,0.48571428656578064
0,0,0,False,False,False,False,False,0,False,0,0,0,0,4,0,0.6737769842147827,0.53846157,0.6961289048194885,0.48571428656578064
