nan_loss,test_not_well,test_turn_bad,sc_accuracy,died_relu,vanish_gradient,explode_gradient,nan_gradient,large_weight,nan_weight,weight_change_little,decrease_acc,increase_loss,cons_mean_weight,cons_std_weight,nan_acc,loss,acc,val_loss,val_acc
0,0,0,False,False,False,False,False,0,False,0,0,0,0,0,0,0.6655369997024536,0.7692308,0.4531329572200775,0.7777777910232544
0,0,0,False,False,False,False,False,0,False,0,0,0,0,1,0,0.658175528049469,0.78846157,0.4399222433567047,0.7777777910232544
0,0,0,False,False,False,False,False,0,False,0,0,0,0,2,0,0.6514631509780884,0.78846157,0.4300166666507721,0.7777777910232544
0,0,0,False,False,False,False,False,0,False,0,0,0,0,3,0,0.6464509963989258,0.78846157,0.42276298999786377,0.8333333134651184
0,0,0,False,False,False,False,False,0,False,0,0,0,0,4,0,0.6416388750076294,0.78846157,0.4195534884929657,0.8333333134651184
