nan_loss,test_not_well,test_turn_bad,sc_accuracy,died_relu,vanish_gradient,explode_gradient,nan_gradient,large_weight,nan_weight,weight_change_little,decrease_acc,increase_loss,cons_mean_weight,cons_std_weight,nan_acc,loss,acc,val_loss,val_acc
0,0,0,False,False,False,False,False,0,False,0,0,0,0,0,0,0.8526865213345258,0.7307692,0.6473716818369352,0.807692289352417
0,0,0,False,False,False,False,False,0,False,0,0,0,0,1,0,0.8443756974660434,0.724359,0.6334983568925124,0.7884615659713745
0,0,0,False,False,False,False,False,0,False,0,0,0,0,2,0,0.837950607140859,0.724359,0.6356118367268488,0.7884615659713745
0,0,0,False,False,False,False,False,0,False,0,0,0,0,3,0,0.8242998199585156,0.71794873,0.6429876685142517,0.807692289352417
0,0,0,False,False,False,False,False,0,False,0,0,0,0,4,0,0.825859568057916,0.71153843,0.6364868833468511,0.807692289352417
