nan_loss,test_not_well,test_turn_bad,sc_accuracy,died_relu,vanish_gradient,explode_gradient,nan_gradient,large_weight,nan_weight,weight_change_little,decrease_acc,increase_loss,cons_mean_weight,cons_std_weight,nan_acc,loss,acc,val_loss,val_acc
0,0,0,False,False,False,False,False,0,False,0,0,0,0,0,0,1.1058209492610052,0.5576923,0.965251624584198,0.6571428775787354
0,0,0,False,False,False,False,False,0,False,0,0,0,0,1,0,1.0480868357878466,0.6057692,0.9621000289916992,0.6571428775787354
0,0,0,False,False,False,False,False,0,False,0,0,0,0,2,0,1.027092117529649,0.63461536,0.9251511693000793,0.6571428775787354
0,0,0,False,False,False,False,False,0,False,0,0,0,0,3,0,0.9996356872411875,0.6057692,0.9098677039146423,0.6571428775787354
0,0,0,False,False,False,False,False,0,False,0,0,0,0,4,0,0.9756568578573374,0.58653843,0.8750581741333008,0.6571428775787354
