nan_loss,test_not_well,test_turn_bad,sc_accuracy,died_relu,vanish_gradient,explode_gradient,nan_gradient,large_weight,nan_weight,weight_change_little,decrease_acc,increase_loss,cons_mean_weight,cons_std_weight,nan_acc,loss,acc,val_loss,val_acc
0,0,0,False,False,False,False,False,0,False,0,0,0,0,0,0,0.6202261814704308,0.72115386,0.5073459271873747,0.800000011920929
0,0,0,False,False,False,False,False,0,False,0,0,0,0,1,0,0.6357258695822495,0.7307692,0.5333962376628604,0.7714285850524902
0,0,0,False,False,False,False,False,0,False,0,0,0,0,2,0,0.5903839285557086,0.75961536,0.5912659785577229,0.6571428775787354
0,0,0,False,False,False,False,False,0,False,0,0,0,0,3,0,0.5782159566879272,0.75961536,0.558289613042559,0.7428571581840515
0,0,0,False,False,False,False,False,0,False,0,0,0,0,4,0,0.5943533594791706,0.75961536,0.602403336763382,0.6857143044471741
