nan_loss,test_not_well,test_turn_bad,sc_accuracy,died_relu,vanish_gradient,explode_gradient,nan_gradient,large_weight,nan_weight,weight_change_little,decrease_acc,increase_loss,cons_mean_weight,cons_std_weight,nan_acc,loss,acc,val_loss,val_acc
0,0,0,False,False,False,False,False,0,False,0,0,0,0,0,0,0.9705774142191961,0.58653843,0.7954810857772827,0.6857143044471741
0,0,0,False,False,False,False,False,0,False,0,0,0,0,1,0,0.8958282883350666,0.58653843,0.7531169056892395,0.6857143044471741
0,0,0,False,False,False,False,False,0,False,0,0,0,0,2,0,0.8593905155475323,0.625,0.7265017032623291,0.6857143044471741
0,0,0,False,False,False,False,False,0,False,0,0,0,0,3,0,0.8342087039580712,0.59615386,0.7062724232673645,0.6857143044471741
0,0,0,False,False,False,False,False,0,False,0,0,0,0,4,0,0.8110928260363065,0.6057692,0.6843542456626892,0.6857143044471741
