nan_loss,test_not_well,test_turn_bad,sc_accuracy,died_relu,vanish_gradient,explode_gradient,nan_gradient,large_weight,nan_weight,weight_change_little,decrease_acc,increase_loss,cons_mean_weight,cons_std_weight,nan_acc,loss,acc,val_loss,val_acc
0,0,0,False,False,False,False,False,0,False,0,0,0,0,0,0,0.6589618554482093,0.78846157,0.37566613488727146,0.8888888955116272
0,0,0,False,False,False,False,False,0,False,0,0,0,0,1,0,0.6104608178138733,0.78846157,0.38136010782586205,0.8888888955116272
0,0,0,False,False,False,False,False,0,False,0,0,0,0,2,0,0.5807025111638583,0.8076923,0.4410947942071491,0.7777777910232544
0,0,0,False,False,False,False,False,0,False,0,0,0,0,3,0,0.5662847207142756,0.7692308,0.4283311284250683,0.8888888955116272
0,0,0,False,False,False,False,False,0,False,0,0,0,0,4,0,0.5982246479162803,0.78846157,0.41486455748478573,0.7777777910232544
