nan_loss,test_not_well,test_turn_bad,sc_accuracy,died_relu,vanish_gradient,explode_gradient,nan_gradient,large_weight,nan_weight,weight_change_little,decrease_acc,increase_loss,cons_mean_weight,cons_std_weight,nan_acc,loss,acc,val_loss,val_acc
0,0,0,False,False,False,False,False,0,False,0,0,0,0,0,0,1.0801126956939697,0.4903846,1.0133346319198608,0.48571428656578064
0,0,0,False,False,False,False,False,0,False,0,0,0,0,1,0,1.0529850721359253,0.52884614,0.9591866731643677,0.5142857432365417
0,0,0,False,False,False,False,False,0,False,0,0,0,0,2,0,1.0282057523727417,0.5192308,0.9537121653556824,0.5428571701049805
0,0,0,False,False,False,False,False,0,False,0,0,0,0,3,0,1.0043110847473145,0.5576923,0.97557133436203,0.5428571701049805
0,0,0,False,False,False,False,False,0,False,0,0,0,0,4,0,0.9828447699546814,0.5576923,1.015915036201477,0.5428571701049805
