nan_loss,test_not_well,test_turn_bad,sc_accuracy,died_relu,vanish_gradient,explode_gradient,nan_gradient,large_weight,nan_weight,weight_change_little,decrease_acc,increase_loss,cons_mean_weight,cons_std_weight,nan_acc,loss,acc,val_loss,val_acc
0,0,0,False,False,False,False,False,0,False,0,0,0,0,0,0,0.740167498588562,0.52884614,0.7337483763694763,0.6571428775787354
0,0,0,False,False,False,False,False,0,False,0,0,0,0,1,0,0.731382429599762,0.5192308,0.7342811226844788,0.6571428775787354
0,0,0,False,False,False,False,False,0,False,0,0,0,0,2,0,0.7241783142089844,0.5192308,0.74239182472229,0.5142857432365417
0,0,0,False,False,False,False,False,0,False,0,0,0,0,3,0,0.7220227122306824,0.4903846,0.7488718032836914,0.5142857432365417
0,0,0,False,False,False,False,False,0,False,0,0,0,0,4,0,0.7187118530273438,0.52884614,0.7520853281021118,0.48571428656578064
