nan_loss,test_not_well,test_turn_bad,sc_accuracy,died_relu,vanish_gradient,explode_gradient,nan_gradient,large_weight,nan_weight,weight_change_little,decrease_acc,increase_loss,cons_mean_weight,cons_std_weight,nan_acc,loss,acc,val_loss,val_acc
0,0,0,False,False,False,False,False,0,False,0,0,0,0,0,0,0.8545773292963321,0.7307692,0.5897754958697727,0.7714285850524902
0,0,0,False,False,False,False,False,0,False,0,0,0,0,1,0,0.8432986690447881,0.7307692,0.6129519939422607,0.800000011920929
0,0,0,False,False,False,False,False,0,False,0,0,0,0,2,0,0.8416441724850581,0.74038464,0.5932449562208993,0.800000011920929
0,0,0,False,False,False,False,False,0,False,0,0,0,0,3,0,0.8344204884309036,0.7307692,0.6041632294654846,0.800000011920929
0,0,0,False,False,False,False,False,0,False,0,0,0,0,4,0,0.8418991290605985,0.74038464,0.6012547646250044,0.800000011920929
