nan_loss,test_not_well,test_turn_bad,sc_accuracy,died_relu,vanish_gradient,explode_gradient,nan_gradient,large_weight,nan_weight,weight_change_little,decrease_acc,increase_loss,cons_mean_weight,cons_std_weight,nan_acc,loss,acc,val_loss,val_acc
0,0,0,False,False,False,False,False,0,False,0,0,0,0,0,0,0.6804125125591571,0.71153843,0.5424384372574943,0.7714285850524902
0,0,0,False,False,False,False,False,0,False,0,0,0,0,1,0,0.6242754184282743,0.7307692,0.5689003740038191,0.7714285850524902
0,0,0,False,False,False,False,False,0,False,0,0,0,0,2,0,0.6084099732912503,0.7019231,0.5503390737942286,0.7714285850524902
0,0,0,False,False,False,False,False,0,False,0,0,0,0,3,0,0.6145447859397302,0.72115386,0.5820579596928188,0.7428571581840515
0,0,0,False,False,False,False,False,0,False,0,0,0,0,4,0,0.5875160373174227,0.75,0.5602789146559579,0.800000011920929
