nan_loss,test_not_well,test_turn_bad,sc_accuracy,died_relu,vanish_gradient,explode_gradient,nan_gradient,large_weight,nan_weight,weight_change_little,decrease_acc,increase_loss,cons_mean_weight,cons_std_weight,nan_acc,loss,acc,val_loss,val_acc
0,0,0,False,False,False,False,False,0,False,0,0,0,0,0,0,0.6708152294158936,0.5673077,0.7483599781990051,0.4571428596973419
0,0,0,False,False,False,False,False,0,False,0,0,0,0,1,0,0.6672397255897522,0.5769231,0.7489323019981384,0.4285714328289032
0,0,0,False,False,False,False,False,0,False,0,0,0,0,2,0,0.6663566827774048,0.5769231,0.7409851551055908,0.4285714328289032
0,0,0,False,False,False,False,False,0,False,0,0,0,0,3,0,0.6626020669937134,0.5769231,0.7334272265434265,0.4285714328289032
0,0,0,False,False,False,False,False,0,False,0,0,0,0,4,0,0.6599448919296265,0.5480769,0.7283828854560852,0.4571428596973419
