nan_loss,test_not_well,test_turn_bad,sc_accuracy,died_relu,vanish_gradient,explode_gradient,nan_gradient,large_weight,nan_weight,weight_change_little,decrease_acc,increase_loss,cons_mean_weight,cons_std_weight,nan_acc,loss,acc,val_loss,val_acc
0,0,0,False,False,False,False,False,0,False,0,0,0,0,0,0,0.7464274764060974,0.5576923,0.7184378504753113,0.5714285969734192
0,0,0,False,False,False,False,False,0,False,0,0,0,0,1,0,0.7411502003669739,0.5576923,0.7235012650489807,0.5714285969734192
0,0,0,False,False,False,False,False,0,False,0,0,0,0,2,0,0.7335456013679504,0.5576923,0.7375108003616333,0.5142857432365417
0,0,0,False,False,False,False,False,0,False,0,0,0,0,3,0,0.7244533896446228,0.5673077,0.7648775577545166,0.5142857432365417
0,0,0,False,False,False,False,False,0,False,0,0,0,0,4,0,0.7213389873504639,0.5769231,0.7831996083259583,0.5142857432365417
