nan_loss,test_not_well,test_turn_bad,sc_accuracy,died_relu,vanish_gradient,explode_gradient,nan_gradient,large_weight,nan_weight,weight_change_little,decrease_acc,increase_loss,cons_mean_weight,cons_std_weight,nan_acc,loss,acc,val_loss,val_acc
0,0,0,False,False,False,False,False,0,False,0,0,0,0,0,0,0.8627992868423462,0.7692308,0.4485027285085784,0.8333333134651184
0,0,0,False,False,False,False,False,0,False,0,0,0,0,1,0,0.8442915036128118,0.7692308,0.4630794980459743,0.8333333134651184
0,0,0,False,False,False,False,False,0,False,0,0,0,0,2,0,0.8436198509656466,0.7692308,0.4569408843914668,0.8333333134651184
0,0,0,False,False,False,False,False,0,False,0,0,0,0,3,0,0.8344687727781442,0.75,0.5238891570932336,0.7777777910232544
0,0,0,False,False,False,False,False,0,False,0,0,0,0,4,0,0.832224387388963,0.7692308,0.5038625101248423,0.7777777910232544
