nan_loss,test_not_well,test_turn_bad,sc_accuracy,died_relu,vanish_gradient,explode_gradient,nan_gradient,large_weight,nan_weight,weight_change_little,decrease_acc,increase_loss,cons_mean_weight,cons_std_weight,nan_acc,loss,acc,val_loss,val_acc
0,0,0,False,False,False,False,False,0,False,0,0,0,0,0,0,0.869289966729971,0.63461536,0.8513702154159546,0.5714285969734192
0,0,0,False,False,False,False,False,0,False,0,0,0,0,1,0,0.9227789365328275,0.59615386,0.7827950119972229,0.5428571701049805
0,0,0,False,False,False,False,False,0,False,0,0,0,0,2,0,0.8028026727529672,0.5769231,0.7096254229545593,0.6285714507102966
0,0,0,False,False,False,False,False,0,False,0,0,0,0,3,0,0.6830123479549701,0.6923077,0.6292226314544678,0.7142857313156128
0,0,0,False,False,False,False,False,0,False,0,0,0,0,4,0,0.6878105264443618,0.66346157,0.6349989771842957,0.6857143044471741
