nan_loss,test_not_well,test_turn_bad,sc_accuracy,died_relu,vanish_gradient,explode_gradient,nan_gradient,large_weight,nan_weight,weight_change_little,decrease_acc,increase_loss,cons_mean_weight,cons_std_weight,nan_acc,loss,acc,val_loss,val_acc
0,0,0,False,False,False,False,False,0,False,0,0,0,0,0,0,1.0595550537109375,0.59615386,0.8240863084793091,0.7142857313156128
0,0,0,False,False,False,False,False,0,False,0,0,0,0,1,0,1.0324528217315674,0.61538464,0.830153226852417,0.7142857313156128
0,0,0,False,False,False,False,False,0,False,0,0,0,0,2,0,1.015457272529602,0.61538464,0.8240563273429871,0.7142857313156128
0,0,0,False,False,False,False,False,0,False,0,0,0,0,3,0,1.0032989978790283,0.65384614,0.8098413944244385,0.7142857313156128
0,0,0,False,False,False,False,False,0,False,0,0,0,0,4,0,0.9955604076385498,0.65384614,0.7935423254966736,0.7142857313156128
