nan_loss,test_not_well,test_turn_bad,sc_accuracy,died_relu,vanish_gradient,explode_gradient,nan_gradient,large_weight,nan_weight,weight_change_little,decrease_acc,increase_loss,cons_mean_weight,cons_std_weight,nan_acc,loss,acc,val_loss,val_acc
0,0,0,False,False,False,False,False,0,False,0,0,0,0,0,0,0.8710321707603259,0.73717946,0.6350605350274307,0.8653846383094788
0,0,0,False,False,False,False,False,0,False,0,0,0,0,1,0,0.8797946740419437,0.71794873,0.6444399265142587,0.7884615659713745
0,0,0,False,False,False,False,False,0,False,0,0,0,0,2,0,0.8594026519702032,0.7307692,0.6521242673580463,0.807692289352417
0,0,0,False,False,False,False,False,0,False,0,0,0,0,3,0,0.8358113628167373,0.74358976,0.635914703974357,0.807692289352417
0,0,0,False,False,False,False,False,0,False,0,0,0,0,4,0,0.8323471920612531,0.71794873,0.6337718550975506,0.8653846383094788
