nan_loss,test_not_well,test_turn_bad,sc_accuracy,died_relu,vanish_gradient,explode_gradient,nan_gradient,large_weight,nan_weight,weight_change_little,decrease_acc,increase_loss,cons_mean_weight,cons_std_weight,nan_acc,loss,acc,val_loss,val_acc
0,0,0,False,False,False,False,False,0,False,0,0,0,0,0,0,0.7211827452366169,0.4903846,0.6988403797149658,0.5142857432365417
0,0,0,False,False,False,False,False,0,False,0,0,0,0,1,0,0.7175187239280114,0.4903846,0.695521354675293,0.5142857432365417
0,0,0,False,False,False,False,False,0,False,0,0,0,0,2,0,0.7163773591701801,0.47115386,0.6934915781021118,0.5714285969734192
0,0,0,False,False,False,False,False,0,False,0,0,0,0,3,0,0.7142404455405015,0.5192308,0.6910619735717773,0.6000000238418579
0,0,0,False,False,False,False,False,0,False,0,0,0,0,4,0,0.7129671481939462,0.53846157,0.6890929937362671,0.6000000238418579
