nan_loss,test_not_well,test_turn_bad,sc_accuracy,died_relu,vanish_gradient,explode_gradient,nan_gradient,large_weight,nan_weight,weight_change_little,decrease_acc,increase_loss,cons_mean_weight,cons_std_weight,nan_acc,loss,acc,val_loss,val_acc
0,0,0,False,False,False,False,False,0,False,0,0,0,0,0,0,1.3061925081106334,0.53846157,1.0822067975997924,0.48571428656578064
0,0,0,False,False,False,False,False,0,False,0,0,0,0,1,0,1.2680384470866277,0.53846157,1.1488812037876674,0.48571428656578064
0,0,0,False,False,False,False,False,0,False,0,0,0,0,2,0,1.2763377726078033,0.48076922,1.187900403567723,0.48571428656578064
0,0,0,False,False,False,False,False,0,False,0,0,0,0,3,0,1.2376690277686486,0.4903846,1.1006164039884294,0.48571428656578064
0,0,0,False,False,False,False,False,0,False,0,0,0,0,4,0,1.2236965161103468,0.52884614,1.081075848851885,0.48571428656578064
