nan_loss,test_not_well,test_turn_bad,sc_accuracy,died_relu,vanish_gradient,explode_gradient,nan_gradient,large_weight,nan_weight,weight_change_little,decrease_acc,increase_loss,cons_mean_weight,cons_std_weight,nan_acc,loss,acc,val_loss,val_acc
0,0,0,False,False,False,False,False,0,False,0,0,0,0,0,0,1.015156865119934,0.5576923,0.9595267176628113,0.5714285969734192
0,0,0,False,False,False,False,False,0,False,0,0,0,0,1,0,1.0056296586990356,0.5576923,0.9428675770759583,0.5714285969734192
0,0,0,False,False,False,False,False,0,False,0,0,0,0,2,0,0.992303729057312,0.5576923,0.9244636297225952,0.5714285969734192
0,0,0,False,False,False,False,False,0,False,0,0,0,0,3,0,0.9766644835472107,0.5576923,0.9057613015174866,0.5714285969734192
0,0,0,False,False,False,False,False,0,False,0,0,0,0,4,0,0.9614254832267761,0.53846157,0.8881584405899048,0.5714285969734192
