nan_loss,test_not_well,test_turn_bad,sc_accuracy,died_relu,vanish_gradient,explode_gradient,nan_gradient,large_weight,nan_weight,weight_change_little,decrease_acc,increase_loss,cons_mean_weight,cons_std_weight,nan_acc,loss,acc,val_loss,val_acc
0,0,0,False,False,False,False,False,0,False,0,0,0,0,0,0,0.6449826955795288,0.72115386,0.6754518151283264,0.7714285850524902
0,0,0,False,False,False,False,False,0,False,0,0,0,0,1,0,0.6390547798230097,0.7307692,0.6761435270309448,0.6857143044471741
0,0,0,False,False,False,False,False,0,False,0,0,0,0,2,0,0.6526070695656997,0.65384614,0.665317177772522,0.6857143044471741
0,0,0,False,False,False,False,False,0,False,0,0,0,0,3,0,0.6309448526455805,0.71153843,0.6770510077476501,0.7714285850524902
0,0,0,False,False,False,False,False,0,False,0,0,0,0,4,0,0.634549095080449,0.6730769,0.6876429319381714,0.800000011920929
