nan_loss,test_not_well,test_turn_bad,sc_accuracy,died_relu,vanish_gradient,explode_gradient,nan_gradient,large_weight,nan_weight,weight_change_little,decrease_acc,increase_loss,cons_mean_weight,cons_std_weight,nan_acc,loss,acc,val_loss,val_acc
0,0,0,False,False,1,False,False,1,False,0,0,0,0,0,0,0.6992034912109375,0.53846157,0.7485023140907288,0.4000000059604645
0,0,0,False,False,2,False,False,2,False,0,0,0,2,5,0,0.6963072419166565,0.53846157,0.7369972467422485,0.4000000059604645
0,0,0,False,False,3,False,False,3,False,0,0,0,5,9,0,0.693383514881134,0.53846157,0.7251772284507751,0.4000000059604645
0,0,0,False,False,4,False,False,4,False,0,0,0,7,13,0,0.691214919090271,0.53846157,0.7131016254425049,0.4000000059604645
0,0,0,False,False,5,False,False,5,False,0,0,0,8,16,0,0.6902013421058655,0.53846157,0.689805269241333,0.6000000238418579
