nan_loss,test_not_well,test_turn_bad,sc_accuracy,died_relu,vanish_gradient,explode_gradient,nan_gradient,large_weight,nan_weight,weight_change_little,decrease_acc,increase_loss,cons_mean_weight,cons_std_weight,nan_acc,loss,acc,val_loss,val_acc
0,0,0,False,False,False,False,False,0,False,0,0,0,0,0,0,0.6922058784044706,0.75,0.40645352005958557,0.7777777910232544
0,0,0,False,False,False,False,False,0,False,0,0,0,0,1,0,0.6648679421498225,0.78846157,0.3822427988052368,0.8333333134651184
0,0,0,False,False,False,False,False,0,False,0,0,0,0,2,0,0.648985186448464,0.8076923,0.38384976983070374,0.8333333134651184
0,0,0,False,False,False,False,False,0,False,0,0,0,0,3,0,0.6442599938465998,0.78846157,0.3816778361797333,0.8333333134651184
0,0,0,False,False,False,False,False,0,False,0,0,0,0,4,0,0.6512386890558096,0.78846157,0.372374027967453,0.8888888955116272
