nan_loss,test_not_well,test_turn_bad,sc_accuracy,died_relu,vanish_gradient,explode_gradient,nan_gradient,large_weight,nan_weight,weight_change_little,decrease_acc,increase_loss,cons_mean_weight,cons_std_weight,nan_acc,loss,acc,val_loss,val_acc
0,0,0,False,False,False,False,False,0,False,0,0,0,0,0,0,0.6779229044914246,0.74038464,0.5987783670425415,0.800000011920929
0,0,0,False,False,False,False,False,0,False,0,0,0,0,1,0,0.6661490201950073,0.75,0.6076607704162598,0.7714285850524902
0,0,0,False,False,False,False,False,0,False,0,0,0,0,2,0,0.6584048867225647,0.75961536,0.6188368797302246,0.800000011920929
0,0,0,False,False,False,False,False,0,False,0,0,0,0,3,0,0.6542268395423889,0.77884614,0.6263187527656555,0.800000011920929
0,0,0,False,False,False,False,False,0,False,0,0,0,0,4,0,0.6507745385169983,0.7692308,0.6301106214523315,0.7714285850524902
