nan_loss,test_not_well,test_turn_bad,sc_accuracy,died_relu,vanish_gradient,explode_gradient,nan_gradient,large_weight,nan_weight,weight_change_little,decrease_acc,increase_loss,cons_mean_weight,cons_std_weight,nan_acc,loss,acc,val_loss,val_acc
0,0,0,False,False,False,False,False,0,False,0,0,0,0,0,0,0.6907335840738736,0.71794873,0.5380476713180542,0.7692307829856873
0,0,0,False,False,False,False,False,0,False,0,0,0,0,1,0,0.6860835750897726,0.74358976,0.5493407249450684,0.807692289352417
0,0,0,False,False,False,False,False,0,False,0,0,0,0,2,0,0.6828553600189013,0.71794873,0.5606098175048828,0.807692289352417
0,0,0,False,False,False,False,False,0,False,0,0,0,0,3,0,0.6813963452974955,0.74358976,0.5602346658706665,0.807692289352417
0,0,0,False,False,False,False,False,0,False,0,0,0,0,4,0,0.6800542412660061,0.75,0.5539945363998413,0.807692289352417
