nan_loss,test_not_well,test_turn_bad,sc_accuracy,died_relu,vanish_gradient,explode_gradient,nan_gradient,large_weight,nan_weight,weight_change_little,decrease_acc,increase_loss,cons_mean_weight,cons_std_weight,nan_acc,loss,acc,val_loss,val_acc
0,0,0,False,False,False,False,False,0,False,0,0,0,0,0,0,0.6772022889210627,0.7307692,0.5658776164054871,0.7307692170143127
0,0,0,False,False,False,False,False,0,False,0,0,0,0,1,0,0.6686133803465427,0.74358976,0.5783059597015381,0.7307692170143127
0,0,0,False,False,False,False,False,0,False,0,0,0,0,2,0,0.6661283129300827,0.7307692,0.5945894122123718,0.7692307829856873
0,0,0,False,False,False,False,False,0,False,0,0,0,0,3,0,0.6644868376927499,0.7307692,0.6075693368911743,0.7692307829856873
0,0,0,False,False,False,False,False,0,False,0,0,0,0,4,0,0.6594609220822653,0.7692308,0.6156631112098694,0.7692307829856873
