nan_loss,test_not_well,test_turn_bad,sc_accuracy,died_relu,vanish_gradient,explode_gradient,nan_gradient,large_weight,nan_weight,weight_change_little,decrease_acc,increase_loss,cons_mean_weight,cons_std_weight,nan_acc,loss,acc,val_loss,val_acc
0,0,0,False,False,False,False,False,0,False,0,0,0,0,0,0,0.900568962097168,0.61538464,0.9169746092387608,0.7142857313156128
0,0,0,False,False,False,False,False,0,False,0,0,0,0,1,0,0.8336899830744817,0.6730769,0.8983665432248796,0.6285714507102966
0,0,0,False,False,False,False,False,0,False,0,0,0,0,2,0,0.8208812773227692,0.66346157,0.9028470550264631,0.5714285969734192
0,0,0,False,False,False,False,False,0,False,0,0,0,0,3,0,0.8137069115271935,0.66346157,0.8861061641148158,0.6000000238418579
0,0,0,False,False,False,False,False,0,False,0,0,0,0,4,0,0.7983657121658325,0.6730769,0.8159751040594918,0.6571428775787354
