nan_loss,test_not_well,test_turn_bad,sc_accuracy,died_relu,vanish_gradient,explode_gradient,nan_gradient,large_weight,nan_weight,weight_change_little,decrease_acc,increase_loss,cons_mean_weight,cons_std_weight,nan_acc,loss,acc,val_loss,val_acc
0,0,0,False,False,False,False,False,0,False,0,0,0,0,0,0,1.1540037393569946,0.63461536,0.8249672055244446,0.6857143044471741
0,0,0,False,False,False,False,False,0,False,0,0,0,0,1,0,1.141706943511963,0.6442308,0.8501982688903809,0.6857143044471741
0,0,0,False,False,False,False,False,0,False,0,0,0,0,2,0,1.1334412097930908,0.65384614,0.87054044008255,0.7142857313156128
0,0,0,False,False,False,False,False,0,False,0,0,0,0,3,0,1.1299196481704712,0.6442308,0.884678065776825,0.7142857313156128
0,0,0,False,False,False,False,False,0,False,0,0,0,0,4,0,1.126716136932373,0.6442308,0.8908392786979675,0.7142857313156128
