nan_loss,test_not_well,test_turn_bad,sc_accuracy,died_relu,vanish_gradient,explode_gradient,nan_gradient,large_weight,nan_weight,weight_change_little,decrease_acc,increase_loss,cons_mean_weight,cons_std_weight,nan_acc,loss,acc,val_loss,val_acc
0,0,0,False,False,False,False,False,0,False,0,0,0,0,0,0,0.668268620967865,0.61538464,0.39441218972206116,0.8333333134651184
0,0,0,False,False,False,False,False,0,False,0,0,0,0,1,0,0.6455869078636169,0.65384614,0.37463945150375366,0.8333333134651184
0,0,0,False,False,False,False,False,0,False,0,0,0,0,2,0,0.6219884157180786,0.6730769,0.35414981842041016,0.8888888955116272
0,0,0,False,False,False,False,False,0,False,0,0,0,0,3,0,0.6046254634857178,0.6923077,0.3404775559902191,0.8888888955116272
0,0,0,False,False,False,False,False,0,False,0,0,0,0,4,0,0.5946139097213745,0.6923077,0.333976686000824,0.8888888955116272
