nan_loss,test_not_well,test_turn_bad,sc_accuracy,died_relu,vanish_gradient,explode_gradient,nan_gradient,large_weight,nan_weight,weight_change_little,decrease_acc,increase_loss,cons_mean_weight,cons_std_weight,nan_acc,loss,acc,val_loss,val_acc
0,0,0,False,False,False,False,False,0,False,0,0,0,0,0,0,0.7898516975916349,0.50961536,0.7375534176826477,0.5428571701049805
0,0,0,False,False,False,False,False,0,False,0,0,0,0,1,0,0.751144317480234,0.48076922,0.6943821907043457,0.5428571701049805
0,0,0,False,False,False,False,False,0,False,0,0,0,0,2,0,0.7397280656374418,0.53846157,0.703657865524292,0.5428571701049805
0,0,0,False,False,False,False,False,0,False,0,0,0,0,3,0,0.7402605368540838,0.5192308,0.6840689778327942,0.5714285969734192
0,0,0,False,False,False,False,False,0,False,0,0,0,0,4,0,0.7320144038933974,0.50961536,0.6837844252586365,0.6000000238418579
