nan_loss,test_not_well,test_turn_bad,sc_accuracy,died_relu,vanish_gradient,explode_gradient,nan_gradient,large_weight,nan_weight,weight_change_little,decrease_acc,increase_loss,cons_mean_weight,cons_std_weight,nan_acc,loss,acc,val_loss,val_acc
0,0,0,False,False,False,False,False,0,False,0,0,0,0,0,0,0.9762431566531842,0.5673077,0.79847651720047,0.6857143044471741
0,0,0,False,False,False,False,False,0,False,0,0,0,0,1,0,0.9050396359883822,0.59615386,0.7664564847946167,0.6857143044471741
0,0,0,False,False,False,False,False,0,False,0,0,0,0,2,0,0.8727011726452754,0.61538464,0.748156726360321,0.6857143044471741
0,0,0,False,False,False,False,False,0,False,0,0,0,0,3,0,0.8430735973211435,0.61538464,0.718575656414032,0.6857143044471741
0,0,0,False,False,False,False,False,0,False,0,0,0,0,4,0,0.82129456446721,0.61538464,0.6976563930511475,0.6857143044471741
