nan_loss,test_not_well,test_turn_bad,sc_accuracy,died_relu,vanish_gradient,explode_gradient,nan_gradient,large_weight,nan_weight,weight_change_little,decrease_acc,increase_loss,cons_mean_weight,cons_std_weight,nan_acc,loss,acc,val_loss,val_acc
0,0,0,False,False,False,False,False,0,False,0,0,0,0,0,0,0.6563133001327515,0.7692308,0.4579909145832062,0.7777777910232544
0,0,0,False,False,False,False,False,0,False,0,0,0,0,1,0,0.652030885219574,0.7692308,0.4452451467514038,0.7777777910232544
0,0,0,False,False,False,False,False,0,False,0,0,0,0,2,0,0.6475699543952942,0.7692308,0.4335346817970276,0.7777777910232544
0,0,0,False,False,False,False,False,0,False,0,0,0,0,3,0,0.6434875130653381,0.7692308,0.42462480068206787,0.7777777910232544
0,0,0,False,False,False,False,False,0,False,0,0,0,0,4,0,0.6396399140357971,0.75,0.4191999137401581,0.7777777910232544
