nan_loss,test_not_well,test_turn_bad,sc_accuracy,died_relu,vanish_gradient,explode_gradient,nan_gradient,large_weight,nan_weight,weight_change_little,decrease_acc,increase_loss,cons_mean_weight,cons_std_weight,nan_acc,loss,acc,val_loss,val_acc
0,0,0,False,False,False,False,False,0,False,0,0,0,0,0,0,1.0362167358398438,0.44230768,0.864469051361084,0.5714285969734192
0,0,0,False,False,False,False,False,0,False,0,0,0,0,1,0,1.0238195657730103,0.44230768,0.8505769371986389,0.5428571701049805
0,0,0,False,False,False,False,False,0,False,0,0,0,0,2,0,1.0063410997390747,0.42307693,0.8354626297950745,0.5428571701049805
0,0,0,False,False,False,False,False,0,False,0,0,0,0,3,0,0.9850181937217712,0.39423078,0.8199577331542969,0.5428571701049805
0,0,0,False,False,False,False,False,0,False,0,0,0,0,4,0,0.9611645936965942,0.40384614,0.8044247627258301,0.5428571701049805
