nan_loss,test_not_well,test_turn_bad,sc_accuracy,died_relu,vanish_gradient,explode_gradient,nan_gradient,large_weight,nan_weight,weight_change_little,decrease_acc,increase_loss,cons_mean_weight,cons_std_weight,nan_acc,loss,acc,val_loss,val_acc
0,0,0,False,False,False,False,False,0,False,0,0,0,0,0,0,1.3059945565003614,0.50961536,1.0839405843189784,0.5142857432365417
0,0,0,False,False,False,False,False,0,False,0,0,0,0,1,0,1.2768070514385517,0.50961536,1.0883991650172642,0.5142857432365417
0,0,0,False,False,False,False,False,0,False,0,0,0,0,2,0,1.2538715050770686,0.52884614,1.1243555443627493,0.5142857432365417
0,0,0,False,False,False,False,False,0,False,0,0,0,0,3,0,1.2357656038724458,0.50961536,1.1027034316744124,0.5142857432365417
0,0,0,False,False,False,False,False,0,False,0,0,0,0,4,0,1.2291708634449885,0.50961536,1.1002564328057425,0.5142857432365417
