nan_loss,test_not_well,test_turn_bad,sc_accuracy,died_relu,vanish_gradient,explode_gradient,nan_gradient,large_weight,nan_weight,weight_change_little,decrease_acc,increase_loss,cons_mean_weight,cons_std_weight,nan_acc,loss,acc,val_loss,val_acc
0,0,0,False,False,False,False,False,0,False,0,0,0,0,0,0,0.6935388858501728,0.75,0.40822237730026245,0.7777777910232544
0,0,0,False,False,False,False,False,0,False,0,0,0,0,1,0,0.6726653438348037,0.78846157,0.3908621072769165,0.8333333134651184
0,0,0,False,False,False,False,False,0,False,0,0,0,0,2,0,0.655897686114678,0.8076923,0.38502803444862366,0.8333333134651184
0,0,0,False,False,False,False,False,0,False,0,0,0,0,3,0,0.6489018660325271,0.78846157,0.3832264542579651,0.8888888955116272
0,0,0,False,False,False,False,False,0,False,0,0,0,0,4,0,0.6466585306020883,0.78846157,0.38669320940971375,0.8333333134651184
