nan_loss,test_not_well,test_turn_bad,sc_accuracy,died_relu,vanish_gradient,explode_gradient,nan_gradient,large_weight,nan_weight,weight_change_little,decrease_acc,increase_loss,cons_mean_weight,cons_std_weight,nan_acc,loss,acc,val_loss,val_acc
0,0,0,False,False,False,False,False,0,False,0,0,0,0,0,0,0.8783014569527063,0.724359,0.7090819569734427,0.7692307829856873
0,0,0,False,False,False,False,False,0,False,0,0,0,0,1,0,0.8560600601709806,0.73717946,0.6862755968020513,0.8269230723381042
0,0,0,False,False,False,False,False,0,False,0,0,0,0,2,0,0.8565540176171523,0.69871795,0.706729496900852,0.8653846383094788
0,0,0,False,False,False,False,False,0,False,0,0,0,0,3,0,0.8422649747286087,0.724359,0.6972805720109206,0.7692307829856873
0,0,0,False,False,False,False,False,0,False,0,0,0,0,4,0,0.8308225686733539,0.724359,0.6679470447393564,0.8269230723381042
