nan_loss,test_not_well,test_turn_bad,sc_accuracy,died_relu,vanish_gradient,explode_gradient,nan_gradient,large_weight,nan_weight,weight_change_little,decrease_acc,increase_loss,cons_mean_weight,cons_std_weight,nan_acc,loss,acc,val_loss,val_acc
0,0,0,False,False,False,False,False,0,False,0,0,0,0,0,0,0.9703038105597863,0.5480769,0.8334935903549194,0.5428571701049805
0,0,0,False,False,False,False,False,0,False,0,0,0,0,1,0,0.8994124164948096,0.50961536,0.8076635003089905,0.5428571701049805
0,0,0,False,False,False,False,False,0,False,0,0,0,0,2,0,0.8690462525074298,0.45192307,0.7865179181098938,0.48571428656578064
0,0,0,False,False,False,False,False,0,False,0,0,0,0,3,0,0.8537191519370446,0.53846157,0.768902063369751,0.48571428656578064
0,0,0,False,False,False,False,False,0,False,0,0,0,0,4,0,0.8383614375041082,0.5192308,0.7444827556610107,0.5142857432365417
