nan_loss,test_not_well,test_turn_bad,sc_accuracy,died_relu,vanish_gradient,explode_gradient,nan_gradient,large_weight,nan_weight,weight_change_little,decrease_acc,increase_loss,cons_mean_weight,cons_std_weight,nan_acc,loss,acc,val_loss,val_acc
0,0,0,False,False,False,False,False,0,False,0,0,0,0,0,0,0.7608540333234347,0.6442308,0.5880606770515442,0.7714285850524902
0,0,0,False,False,False,False,False,0,False,0,0,0,0,1,0,0.6972601276177627,0.6826923,0.62321537733078,0.7428571581840515
0,0,0,False,False,False,False,False,0,False,0,0,0,0,2,0,0.7222873339286218,0.6730769,0.6192271113395691,0.800000011920929
0,0,0,False,False,False,False,False,0,False,0,0,0,0,3,0,0.6845358564303472,0.7019231,0.6023209691047668,0.7714285850524902
0,0,0,False,False,False,False,False,0,False,0,0,0,0,4,0,0.6745609457676227,0.71153843,0.5937553644180298,0.800000011920929
