nan_loss,test_not_well,test_turn_bad,sc_accuracy,died_relu,vanish_gradient,explode_gradient,nan_gradient,large_weight,nan_weight,weight_change_little,decrease_acc,increase_loss,cons_mean_weight,cons_std_weight,nan_acc,loss,acc,val_loss,val_acc
0,0,0,False,False,False,False,False,0,False,0,0,0,0,0,0,0.7715888588856428,0.7307692,0.5901733040809631,0.8461538553237915
0,0,0,False,False,False,False,False,0,False,0,0,0,0,1,0,0.7685388899766482,0.724359,0.5941137671470642,0.8461538553237915
0,0,0,False,False,False,False,False,0,False,0,0,0,0,2,0,0.7651530259694809,0.73717946,0.5987073183059692,0.807692289352417
0,0,0,False,False,False,False,False,0,False,0,0,0,0,3,0,0.7620757604256655,0.74358976,0.6079105138778687,0.807692289352417
0,0,0,False,False,False,False,False,0,False,0,0,0,0,4,0,0.7618779708177615,0.74358976,0.6180647611618042,0.7692307829856873
