nan_loss,test_not_well,test_turn_bad,sc_accuracy,died_relu,vanish_gradient,explode_gradient,nan_gradient,large_weight,nan_weight,weight_change_little,decrease_acc,increase_loss,cons_mean_weight,cons_std_weight,nan_acc,loss,acc,val_loss,val_acc
0,0,0,False,False,False,False,False,0,False,0,0,0,0,0,0,1.157177209854126,0.5576923,0.990739643573761,0.5142857432365417
0,0,0,False,False,False,False,False,0,False,0,0,0,0,1,0,1.148526668548584,0.5480769,1.0118681192398071,0.48571428656578064
0,0,0,False,False,False,False,False,0,False,0,0,0,0,2,0,1.1406384706497192,0.53846157,1.028351902961731,0.48571428656578064
0,0,0,False,False,False,False,False,0,False,0,0,0,0,3,0,1.1334654092788696,0.53846157,1.0407956838607788,0.48571428656578064
0,0,0,False,False,False,False,False,0,False,0,0,0,0,4,0,1.1266376972198486,0.53846157,1.049706220626831,0.48571428656578064
