nan_loss,test_not_well,test_turn_bad,sc_accuracy,died_relu,vanish_gradient,explode_gradient,nan_gradient,large_weight,nan_weight,weight_change_little,decrease_acc,increase_loss,cons_mean_weight,cons_std_weight,nan_acc,loss,acc,val_loss,val_acc
0,0,0,False,False,False,False,False,0,False,0,0,0,0,0,0,1.1446351088010347,0.5769231,0.8979406952857971,0.6857143044471741
0,0,0,False,False,False,False,False,0,False,0,0,0,0,1,0,1.058223009109497,0.5769231,0.8870331645011902,0.6571428775787354
0,0,0,False,False,False,False,False,0,False,0,0,0,0,2,0,1.0379119836367094,0.5769231,0.8902063369750977,0.6571428775787354
0,0,0,False,False,False,False,False,0,False,0,0,0,0,3,0,0.9991123401201688,0.61538464,0.8747902512550354,0.6571428775787354
0,0,0,False,False,False,False,False,0,False,0,0,0,0,4,0,0.9915494552025428,0.5769231,0.866983950138092,0.6857143044471741
