nan_loss,test_not_well,test_turn_bad,sc_accuracy,died_relu,vanish_gradient,explode_gradient,nan_gradient,large_weight,nan_weight,weight_change_little,decrease_acc,increase_loss,cons_mean_weight,cons_std_weight,nan_acc,loss,acc,val_loss,val_acc
0,0,0,False,False,False,False,False,0,False,0,0,0,0,0,0,0.6682687401771545,0.61538464,0.39468511939048767,0.8333333134651184
0,0,0,False,False,False,False,False,0,False,0,0,0,0,1,0,0.6459949016571045,0.65384614,0.37448441982269287,0.8333333134651184
0,0,0,False,False,False,False,False,0,False,0,0,0,0,2,0,0.6218429803848267,0.6730769,0.35277408361434937,0.8888888955116272
0,0,0,False,False,False,False,False,0,False,0,0,0,0,3,0,0.603648841381073,0.6923077,0.3388632535934448,0.8888888955116272
0,0,0,False,False,False,False,False,0,False,0,0,0,0,4,0,0.5937483906745911,0.6923077,0.3328357934951782,0.9444444179534912
