nan_loss,test_not_well,test_turn_bad,sc_accuracy,died_relu,vanish_gradient,explode_gradient,nan_gradient,large_weight,nan_weight,weight_change_little,decrease_acc,increase_loss,cons_mean_weight,cons_std_weight,nan_acc,loss,acc,val_loss,val_acc
0,0,0,False,False,False,False,False,0,False,0,0,0,0,0,0,1.0611670017242432,0.61538464,0.813381552696228,0.6857143044471741
0,0,0,False,False,False,False,False,0,False,0,0,0,0,1,0,1.0573617219924927,0.61538464,0.8111233711242676,0.6857143044471741
0,0,0,False,False,False,False,False,0,False,0,0,0,0,2,0,1.05257248878479,0.61538464,0.8084427118301392,0.6857143044471741
0,0,0,False,False,False,False,False,0,False,0,0,0,0,3,0,1.0474072694778442,0.61538464,0.8056505918502808,0.7142857313156128
0,0,0,False,False,False,False,False,0,False,0,0,0,0,4,0,1.0422101020812988,0.63461536,0.8029592037200928,0.7142857313156128
