nan_loss,test_not_well,test_turn_bad,sc_accuracy,died_relu,vanish_gradient,explode_gradient,nan_gradient,large_weight,nan_weight,weight_change_little,decrease_acc,increase_loss,cons_mean_weight,cons_std_weight,nan_acc,loss,acc,val_loss,val_acc
0,0,0,False,False,False,False,False,0,False,0,0,0,0,0,0,0.6748695373535156,0.74038464,0.6312311291694641,0.7428571581840515
0,0,0,False,False,False,False,False,0,False,0,0,0,0,1,0,0.667750895023346,0.75961536,0.6317284107208252,0.7428571581840515
0,0,0,False,False,False,False,False,0,False,0,0,0,0,2,0,0.6611276865005493,0.75961536,0.6332118511199951,0.7714285850524902
0,0,0,False,False,False,False,False,0,False,0,0,0,0,3,0,0.6568723917007446,0.7692308,0.6364652514457703,0.7428571581840515
0,0,0,False,False,False,False,False,0,False,0,0,0,0,4,0,0.654560387134552,0.7692308,0.6411281228065491,0.7428571581840515
