nan_loss,test_not_well,test_turn_bad,sc_accuracy,died_relu,vanish_gradient,explode_gradient,nan_gradient,large_weight,nan_weight,weight_change_little,decrease_acc,increase_loss,cons_mean_weight,cons_std_weight,nan_acc,loss,acc,val_loss,val_acc
0,0,0,False,False,False,False,False,0,False,0,0,0,0,0,0,1.2240269184112549,0.5480769,1.0121378898620605,0.48571428656578064
0,0,0,False,False,False,False,False,0,False,0,0,0,0,1,0,1.2090604305267334,0.5480769,1.0183135271072388,0.48571428656578064
0,0,0,False,False,False,False,False,0,False,0,0,0,0,2,0,1.1963636875152588,0.53846157,1.025110125541687,0.48571428656578064
0,0,0,False,False,False,False,False,0,False,0,0,0,0,3,0,1.1857490539550781,0.53846157,1.031145453453064,0.48571428656578064
0,0,0,False,False,False,False,False,0,False,0,0,0,0,4,0,1.1774004697799683,0.53846157,1.0366041660308838,0.5142857432365417
