nan_loss,test_not_well,test_turn_bad,sc_accuracy,died_relu,vanish_gradient,explode_gradient,nan_gradient,large_weight,nan_weight,weight_change_little,decrease_acc,increase_loss,cons_mean_weight,cons_std_weight,nan_acc,loss,acc,val_loss,val_acc
0,0,0,False,False,False,False,False,0,False,0,0,0,0,0,0,0.6411060996544666,0.7307692,0.5980207507426922,0.7692307829856873
0,0,0,False,False,False,False,False,0,False,0,0,0,0,1,0,0.6298014781413934,0.71153843,0.5735114446053138,0.807692289352417
0,0,0,False,False,False,False,False,0,False,0,0,0,0,2,0,0.627487239929346,0.6858974,0.6405318058454074,0.7307692170143127
0,0,0,False,False,False,False,False,0,False,0,0,0,0,3,0,0.5827944454474326,0.7307692,0.6576388203180753,0.6538461446762085
0,0,0,False,False,False,False,False,0,False,0,0,0,0,4,0,0.5890599252321781,0.724359,0.5989533433547387,0.7692307829856873
