nan_loss,test_not_well,test_turn_bad,sc_accuracy,died_relu,vanish_gradient,explode_gradient,nan_gradient,large_weight,nan_weight,weight_change_little,decrease_acc,increase_loss,cons_mean_weight,cons_std_weight,nan_acc,loss,acc,val_loss,val_acc
0,0,0,False,False,False,False,False,0,False,0,0,0,0,0,0,0.6758902072906494,0.75961536,0.667121171951294,0.800000011920929
0,0,0,False,False,False,False,False,0,False,0,0,0,0,1,0,0.6700562834739685,0.75961536,0.6648327708244324,0.800000011920929
0,0,0,False,False,False,False,False,0,False,0,0,0,0,2,0,0.6674337983131409,0.77884614,0.6658347845077515,0.7714285850524902
0,0,0,False,False,False,False,False,0,False,0,0,0,0,3,0,0.6647217273712158,0.77884614,0.667168378829956,0.7714285850524902
0,0,0,False,False,False,False,False,0,False,0,0,0,0,4,0,0.6597920656204224,0.77884614,0.6689496040344238,0.7714285850524902
