nan_loss,test_not_well,test_turn_bad,sc_accuracy,died_relu,vanish_gradient,explode_gradient,nan_gradient,large_weight,nan_weight,weight_change_little,decrease_acc,increase_loss,cons_mean_weight,cons_std_weight,nan_acc,loss,acc,val_loss,val_acc
0,0,0,False,False,False,False,False,0,False,0,0,0,0,0,0,0.6707836389541626,0.5769231,0.7377980351448059,0.4444444477558136
0,0,0,False,False,False,False,False,0,False,0,0,0,0,1,0,0.658363401889801,0.59615386,0.7563939094543457,0.3888888955116272
0,0,0,False,False,False,False,False,0,False,0,0,0,0,2,0,0.6615117788314819,0.53846157,0.7615826725959778,0.3888888955116272
0,0,0,False,False,False,False,False,0,False,0,0,0,0,3,0,0.6544778347015381,0.53846157,0.7614441514015198,0.3333333432674408
0,0,0,False,False,False,False,False,0,False,0,0,0,0,4,0,0.645527720451355,0.5769231,0.7600474953651428,0.3333333432674408
