nan_loss,test_not_well,test_turn_bad,sc_accuracy,died_relu,vanish_gradient,explode_gradient,nan_gradient,large_weight,nan_weight,weight_change_little,decrease_acc,increase_loss,cons_mean_weight,cons_std_weight,nan_acc,loss,acc,val_loss,val_acc
0,0,0,False,False,False,False,False,0,False,0,0,0,0,0,0,0.8912138893054082,0.50961536,0.7751084566116333,0.5142857432365417
0,0,0,False,False,False,False,False,0,False,0,0,0,0,1,0,0.8316305921627924,0.4903846,0.8006652593612671,0.48571428656578064
0,0,0,False,False,False,False,False,0,False,0,0,0,0,2,0,0.8519121591861432,0.52884614,0.7289794087409973,0.5428571701049805
0,0,0,False,False,False,False,False,0,False,0,0,0,0,3,0,0.8092784835742071,0.5192308,0.7530044913291931,0.5142857432365417
0,0,0,False,False,False,False,False,0,False,0,0,0,0,4,0,0.8052524374081538,0.5,0.7851393222808838,0.48571428656578064
