nan_loss,test_not_well,test_turn_bad,sc_accuracy,died_relu,vanish_gradient,explode_gradient,nan_gradient,large_weight,nan_weight,weight_change_little,decrease_acc,increase_loss,cons_mean_weight,cons_std_weight,nan_acc,loss,acc,val_loss,val_acc
0,0,0,False,False,False,False,False,0,False,0,0,0,0,0,0,1.0611670017242432,0.61538464,0.8133589029312134,0.6857143044471741
0,0,0,False,False,False,False,False,0,False,0,0,0,0,1,0,1.0573079586029053,0.61538464,0.8110469579696655,0.6857143044471741
0,0,0,False,False,False,False,False,0,False,0,0,0,0,2,0,1.0524131059646606,0.61538464,0.8082907199859619,0.6857143044471741
0,0,0,False,False,False,False,False,0,False,0,0,0,0,3,0,1.0471076965332031,0.61538464,0.8054169416427612,0.7142857313156128
0,0,0,False,False,False,False,False,0,False,0,0,0,0,4,0,1.0417563915252686,0.63461536,0.8026530742645264,0.7142857313156128
