nan_loss,test_not_well,test_turn_bad,sc_accuracy,died_relu,vanish_gradient,explode_gradient,nan_gradient,large_weight,nan_weight,weight_change_little,decrease_acc,increase_loss,cons_mean_weight,cons_std_weight,nan_acc,loss,acc,val_loss,val_acc
0,0,0,False,False,False,False,False,0,False,0,0,0,0,0,0,1.015156865119934,0.5576923,0.9590377807617188,0.5714285969734192
0,0,0,False,False,False,False,False,0,False,0,0,0,0,1,0,1.0052539110183716,0.5576923,0.9417353868484497,0.5714285969734192
0,0,0,False,False,False,False,False,0,False,0,0,0,0,2,0,0.9913626313209534,0.5576923,0.9226540923118591,0.5714285969734192
0,0,0,False,False,False,False,False,0,False,0,0,0,0,3,0,0.9751300811767578,0.5480769,0.9033486247062683,0.5714285969734192
0,0,0,False,False,False,False,False,0,False,0,0,0,0,4,0,0.9596249461174011,0.53846157,0.8851645588874817,0.6000000238418579
