nan_loss,test_not_well,test_turn_bad,sc_accuracy,died_relu,vanish_gradient,explode_gradient,nan_gradient,large_weight,nan_weight,weight_change_little,decrease_acc,increase_loss,cons_mean_weight,cons_std_weight,nan_acc,loss,acc,val_loss,val_acc
0,0,0,False,False,False,False,False,0,False,0,0,0,0,0,0,0.6875759959220886,0.7307692,0.5129826068878174,0.800000011920929
0,0,0,False,False,False,False,False,0,False,0,0,0,0,1,0,0.6853102445602417,0.7307692,0.5166864395141602,0.800000011920929
0,0,0,False,False,False,False,False,0,False,0,0,0,0,2,0,0.6826463937759399,0.7307692,0.5206156969070435,0.800000011920929
0,0,0,False,False,False,False,False,0,False,0,0,0,0,3,0,0.6800556778907776,0.74038464,0.5242635607719421,0.800000011920929
0,0,0,False,False,False,False,False,0,False,0,0,0,0,4,0,0.6777824759483337,0.75961536,0.5277805924415588,0.800000011920929
