nan_loss,test_not_well,test_turn_bad,sc_accuracy,died_relu,vanish_gradient,explode_gradient,nan_gradient,large_weight,nan_weight,weight_change_little,decrease_acc,increase_loss,cons_mean_weight,cons_std_weight,nan_acc,loss,acc,val_loss,val_acc
0,0,0,False,False,False,False,False,0,False,0,0,0,0,0,0,0.6958857178688049,0.72115386,0.5598852634429932,0.800000011920929
0,0,0,False,False,False,False,False,0,False,0,0,0,0,1,0,0.6920124888420105,0.7307692,0.5542467832565308,0.8285714387893677
0,0,0,False,False,False,False,False,0,False,0,0,0,0,2,0,0.6879057288169861,0.7307692,0.5546409487724304,0.8285714387893677
0,0,0,False,False,False,False,False,0,False,0,0,0,0,3,0,0.6839222311973572,0.74038464,0.5621036291122437,0.800000011920929
0,0,0,False,False,False,False,False,0,False,0,0,0,0,4,0,0.6804105043411255,0.7307692,0.5763685703277588,0.7714285850524902
