nan_loss,test_not_well,test_turn_bad,sc_accuracy,died_relu,vanish_gradient,explode_gradient,nan_gradient,large_weight,nan_weight,weight_change_little,decrease_acc,increase_loss,cons_mean_weight,cons_std_weight,nan_acc,loss,acc,val_loss,val_acc
0,0,0,False,False,False,False,False,0,False,0,0,0,0,0,0,0.7049198716114728,0.7051282,0.6051132678985596,0.807692289352417
0,0,0,False,False,False,False,False,0,False,0,0,0,0,1,0,0.6968614015823755,0.71153843,0.6210836172103882,0.807692289352417
0,0,0,False,False,False,False,False,0,False,0,0,0,0,2,0,0.6956641857440655,0.74358976,0.6370862722396851,0.7692307829856873
0,0,0,False,False,False,False,False,0,False,0,0,0,0,3,0,0.6952910545544747,0.71153843,0.6567727327346802,0.7692307829856873
0,0,0,False,False,False,False,False,0,False,0,0,0,0,4,0,0.6968354903734647,0.724359,0.6575043797492981,0.7692307829856873
