nan_loss,test_not_well,test_turn_bad,sc_accuracy,died_relu,vanish_gradient,explode_gradient,nan_gradient,large_weight,nan_weight,weight_change_little,decrease_acc,increase_loss,cons_mean_weight,cons_std_weight,nan_acc,loss,acc,val_loss,val_acc
0,0,0,False,False,False,False,False,0,False,0,0,0,0,0,0,0.7013719708491595,0.73717946,0.5822479128837585,0.8269230723381042
0,0,0,False,False,False,False,False,0,False,0,0,0,0,1,0,0.6930503570116483,0.7307692,0.5878993272781372,0.807692289352417
0,0,0,False,False,False,False,False,0,False,0,0,0,0,2,0,0.686093901976561,0.73717946,0.6250050663948059,0.7692307829856873
0,0,0,False,False,False,False,False,0,False,0,0,0,0,3,0,0.6943407960427113,0.71794873,0.6183704733848572,0.7307692170143127
0,0,0,False,False,False,False,False,0,False,0,0,0,0,4,0,0.6778226387806427,0.7307692,0.5991964936256409,0.7692307829856873
