nan_loss,test_not_well,test_turn_bad,sc_accuracy,died_relu,vanish_gradient,explode_gradient,nan_gradient,large_weight,nan_weight,weight_change_little,decrease_acc,increase_loss,cons_mean_weight,cons_std_weight,nan_acc,loss,acc,val_loss,val_acc
0,0,0,False,False,False,False,False,0,False,0,0,0,0,0,0,0.7535121532586905,0.66346157,0.568842887878418,0.800000011920929
0,0,0,False,False,False,False,False,0,False,0,0,0,0,1,0,0.7385500302681556,0.6826923,0.613628089427948,0.7142857313156128
0,0,0,False,False,False,False,False,0,False,0,0,0,0,2,0,0.7003335998608515,0.63461536,0.5543782114982605,0.7714285850524902
0,0,0,False,False,False,False,False,0,False,0,0,0,0,3,0,0.6913797351030203,0.74038464,0.5684840083122253,0.7428571581840515
0,0,0,False,False,False,False,False,0,False,0,0,0,0,4,0,0.6815405625563401,0.72115386,0.5667567849159241,0.7714285850524902
