nan_loss,test_not_well,test_turn_bad,sc_accuracy,died_relu,vanish_gradient,explode_gradient,nan_gradient,large_weight,nan_weight,weight_change_little,decrease_acc,increase_loss,cons_mean_weight,cons_std_weight,nan_acc,loss,acc,val_loss,val_acc
0,0,0,False,False,False,False,False,0,False,0,0,0,0,0,0,0.6293230102612422,0.7307692,0.5624572260039193,0.800000011920929
0,0,0,False,False,False,False,False,0,False,0,0,0,0,1,0,0.6318162954770602,0.7307692,0.555236233983721,0.7714285850524902
0,0,0,False,False,False,False,False,0,False,0,0,0,0,2,0,0.6274298429489136,0.6826923,0.551517459324428,0.7714285850524902
0,0,0,False,False,False,False,False,0,False,0,0,0,0,3,0,0.6066874999266404,0.7692308,0.5660019874572754,0.7428571581840515
0,0,0,False,False,False,False,False,0,False,0,0,0,0,4,0,0.60116125528629,0.7307692,0.5610227908406938,0.7714285850524902
