nan_loss,test_not_well,test_turn_bad,sc_accuracy,died_relu,vanish_gradient,explode_gradient,nan_gradient,large_weight,nan_weight,weight_change_little,decrease_acc,increase_loss,cons_mean_weight,cons_std_weight,nan_acc,loss,acc,val_loss,val_acc
0,0,0,False,False,False,False,False,0,False,0,0,0,0,0,0,1.2244006578738873,0.5769231,0.9485699534416199,0.6857143044471741
0,0,0,False,False,False,False,False,0,False,0,0,0,0,1,0,1.1420768040877123,0.5769231,0.8809685111045837,0.6857143044471741
0,0,0,False,False,False,False,False,0,False,0,0,0,0,2,0,1.0927403156573956,0.6057692,0.8470383286476135,0.6857143044471741
0,0,0,False,False,False,False,False,0,False,0,0,0,0,3,0,1.0666347742080688,0.58653843,0.8133759498596191,0.6857143044471741
0,0,0,False,False,False,False,False,0,False,0,0,0,0,4,0,1.0360675133191621,0.5769231,0.800382137298584,0.6857143044471741
