nan_loss,test_not_well,test_turn_bad,sc_accuracy,died_relu,vanish_gradient,explode_gradient,nan_gradient,large_weight,nan_weight,weight_change_little,decrease_acc,increase_loss,cons_mean_weight,cons_std_weight,nan_acc,loss,acc,val_loss,val_acc
0,0,0,False,False,False,False,False,0,False,0,0,0,0,0,0,0.8803015786867875,0.75,0.4565073433849547,0.8333333134651184
0,0,0,False,False,False,False,False,0,False,0,0,0,0,1,0,0.8657288092833298,0.78846157,0.44040239602327347,0.8333333134651184
0,0,0,False,False,False,False,False,0,False,0,0,0,0,2,0,0.8505486765733132,0.8076923,0.44619132164451814,0.8333333134651184
0,0,0,False,False,False,False,False,0,False,0,0,0,0,3,0,0.8408648325846746,0.78846157,0.4630012690193123,0.8333333134651184
0,0,0,False,False,False,False,False,0,False,0,0,0,0,4,0,0.8349551902367518,0.78846157,0.4545411881473329,0.8333333134651184
