nan_loss,test_not_well,test_turn_bad,sc_accuracy,died_relu,vanish_gradient,explode_gradient,nan_gradient,large_weight,nan_weight,weight_change_little,decrease_acc,increase_loss,cons_mean_weight,cons_std_weight,nan_acc,loss,acc,val_loss,val_acc
0,0,0,False,False,False,False,False,0,False,0,0,0,0,0,0,0.6123563647270203,0.6923077,0.5318551063537598,0.6857143044471741
0,0,0,False,False,False,False,False,0,False,0,0,0,0,1,0,0.599395215511322,0.72115386,0.5357463955879211,0.6571428775787354
0,0,0,False,False,False,False,False,0,False,0,0,0,0,2,0,0.5853005051612854,0.72115386,0.5451775789260864,0.6571428775787354
0,0,0,False,False,False,False,False,0,False,0,0,0,0,3,0,0.5742539167404175,0.7307692,0.5611473917961121,0.6285714507102966
0,0,0,False,False,False,False,False,0,False,0,0,0,0,4,0,0.5676935315132141,0.74038464,0.5800203680992126,0.6285714507102966
