nan_loss,test_not_well,test_turn_bad,sc_accuracy,died_relu,vanish_gradient,explode_gradient,nan_gradient,large_weight,nan_weight,weight_change_little,decrease_acc,increase_loss,cons_mean_weight,cons_std_weight,nan_acc,loss,acc,val_loss,val_acc
0,0,0,False,False,False,False,False,0,False,0,0,0,0,0,0,0.6875759959220886,0.7307692,0.5131298303604126,0.800000011920929
0,0,0,False,False,False,False,False,0,False,0,0,0,0,1,0,0.6852025985717773,0.7307692,0.516936719417572,0.800000011920929
0,0,0,False,False,False,False,False,0,False,0,0,0,0,2,0,0.6824827790260315,0.7307692,0.5208710432052612,0.800000011920929
0,0,0,False,False,False,False,False,0,False,0,0,0,0,3,0,0.6798900365829468,0.74038464,0.5245001912117004,0.800000011920929
0,0,0,False,False,False,False,False,0,False,0,0,0,0,4,0,0.6776334047317505,0.75961536,0.5279689431190491,0.800000011920929
