nan_loss,test_not_well,test_turn_bad,sc_accuracy,died_relu,vanish_gradient,explode_gradient,nan_gradient,large_weight,nan_weight,weight_change_little,decrease_acc,increase_loss,cons_mean_weight,cons_std_weight,nan_acc,loss,acc,val_loss,val_acc
0,0,0,False,False,False,False,False,0,False,0,0,0,0,0,0,0.6968706204341009,0.74038464,0.5297482286180769,0.7428571581840515
0,0,0,False,False,False,False,False,0,False,0,0,0,0,1,0,0.6696026692023644,0.77884614,0.5854408758027213,0.7428571581840515
0,0,0,False,False,False,False,False,0,False,0,0,0,0,2,0,0.7390423004443829,0.7019231,0.5894163795879909,0.7714285850524902
0,0,0,False,False,False,False,False,0,False,0,0,0,0,3,0,0.7020614376434913,0.7307692,0.593427916935512,0.7428571581840515
0,0,0,False,False,False,False,False,0,False,0,0,0,0,4,0,0.725869710628803,0.71153843,0.5177643043654305,0.7714285850524902
