nan_loss,test_not_well,test_turn_bad,sc_accuracy,died_relu,vanish_gradient,explode_gradient,nan_gradient,large_weight,nan_weight,weight_change_little,decrease_acc,increase_loss,cons_mean_weight,cons_std_weight,nan_acc,loss,acc,val_loss,val_acc
0,0,0,False,False,False,False,False,0,False,0,0,0,0,0,0,0.8856090215536264,0.7692308,0.45807455273138153,0.8333333134651184
0,0,0,False,False,False,False,False,0,False,0,0,0,0,1,0,0.8662636646857629,0.78846157,0.4657683095170392,0.8333333134651184
0,0,0,False,False,False,False,False,0,False,0,0,0,0,2,0,0.850181166942303,0.78846157,0.48841340136196876,0.7777777910232544
0,0,0,False,False,False,False,False,0,False,0,0,0,0,3,0,0.8556571373572717,0.7692308,0.4893098767432902,0.8333333134651184
0,0,0,False,False,False,False,False,0,False,0,0,0,0,4,0,0.8452706955946409,0.78846157,0.5173587509327464,0.8333333134651184
