nan_loss,test_not_well,test_turn_bad,sc_accuracy,died_relu,vanish_gradient,explode_gradient,nan_gradient,large_weight,nan_weight,weight_change_little,decrease_acc,increase_loss,cons_mean_weight,cons_std_weight,nan_acc,loss,acc,val_loss,val_acc
0,0,0,False,False,False,False,False,0,False,0,0,0,0,0,0,0.8788846089289739,0.7692308,0.4490959482888381,0.7777777910232544
0,0,0,False,False,False,False,False,0,False,0,0,0,0,1,0,0.8528962593812209,0.7692308,0.46745869434542126,0.7777777910232544
0,0,0,False,False,False,False,False,0,False,0,0,0,0,2,0,0.8455598125090966,0.7692308,0.4375680080718464,0.8333333134651184
0,0,0,False,False,False,False,False,0,False,0,0,0,0,3,0,0.8345080201442425,0.7692308,0.47819699595371884,0.8333333134651184
0,0,0,False,False,False,False,False,0,False,0,0,0,0,4,0,0.8290482942874615,0.8076923,0.5199405501286188,0.8333333134651184
