nan_loss,test_not_well,test_turn_bad,sc_accuracy,died_relu,vanish_gradient,explode_gradient,nan_gradient,large_weight,nan_weight,weight_change_little,decrease_acc,increase_loss,cons_mean_weight,cons_std_weight,nan_acc,loss,acc,val_loss,val_acc
0,0,0,False,False,False,False,False,0,False,0,0,0,0,0,0,0.7983899758412287,0.74038464,0.8355850492204938,0.800000011920929
0,0,0,False,False,False,False,False,0,False,0,0,0,0,1,0,0.7831831299341642,0.7692308,0.8390294619968959,0.7714285850524902
0,0,0,False,False,False,False,False,0,False,0,0,0,0,2,0,0.775489901120846,0.7692308,0.8375428574425834,0.7714285850524902
0,0,0,False,False,False,False,False,0,False,0,0,0,0,3,0,0.7604601474908682,0.75961536,0.8446844577789306,0.7714285850524902
0,0,0,False,False,False,False,False,0,False,0,0,0,0,4,0,0.7655806140257762,0.74038464,0.8288251417023795,0.800000011920929
