nan_loss,test_not_well,test_turn_bad,sc_accuracy,died_relu,vanish_gradient,explode_gradient,nan_gradient,large_weight,nan_weight,weight_change_little,decrease_acc,increase_loss,cons_mean_weight,cons_std_weight,nan_acc,loss,acc,val_loss,val_acc
0,0,0,False,False,False,False,False,0,False,0,0,0,0,0,0,1.3615887715266302,0.5480769,1.1561191252299718,0.48571428656578064
0,0,0,False,False,False,False,False,0,False,0,0,0,0,1,0,1.329131896679218,0.5480769,1.1252703871045793,0.5428571701049805
0,0,0,False,False,False,False,False,0,False,0,0,0,0,2,0,1.3078393110862145,0.50961536,1.1265238387244088,0.5428571701049805
0,0,0,False,False,False,False,False,0,False,0,0,0,0,3,0,1.26988109258505,0.53846157,1.1246468135288783,0.48571428656578064
0,0,0,False,False,False,False,False,0,False,0,0,0,0,4,0,1.2618226546507616,0.5192308,1.1416000400270734,0.5142857432365417
