nan_loss,test_not_well,test_turn_bad,sc_accuracy,died_relu,vanish_gradient,explode_gradient,nan_gradient,large_weight,nan_weight,weight_change_little,decrease_acc,increase_loss,cons_mean_weight,cons_std_weight,nan_acc,loss,acc,val_loss,val_acc
0,0,0,False,False,False,False,False,0,False,0,0,0,0,0,0,1.1420648097991943,0.53846157,1.0420711040496826,0.48571428656578064
0,0,0,False,False,False,False,False,0,False,0,0,0,0,1,0,1.1277300119400024,0.52884614,1.0239391326904297,0.5142857432365417
0,0,0,False,False,False,False,False,0,False,0,0,0,0,2,0,1.1117005348205566,0.52884614,1.0245040655136108,0.5142857432365417
0,0,0,False,False,False,False,False,0,False,0,0,0,0,3,0,1.0942885875701904,0.53846157,1.0417433977127075,0.5714285969734192
0,0,0,False,False,False,False,False,0,False,0,0,0,0,4,0,1.0750470161437988,0.5480769,1.0681462287902832,0.5428571701049805
