nan_loss,test_not_well,test_turn_bad,sc_accuracy,died_relu,vanish_gradient,explode_gradient,nan_gradient,large_weight,nan_weight,weight_change_little,decrease_acc,increase_loss,cons_mean_weight,cons_std_weight,nan_acc,loss,acc,val_loss,val_acc
0,0,0,False,False,False,False,False,0,False,0,0,0,0,0,0,0.6883197243397052,0.53846157,0.6790377497673035,0.5142857432365417
0,0,0,False,False,False,False,False,0,False,0,0,0,0,1,0,0.6851453964526837,0.53846157,0.6806350350379944,0.5142857432365417
0,0,0,False,False,False,False,False,0,False,0,0,0,0,2,0,0.6832685287182148,0.53846157,0.6813209652900696,0.5714285969734192
0,0,0,False,False,False,False,False,0,False,0,0,0,0,3,0,0.6821540823349586,0.53846157,0.6822364330291748,0.5714285969734192
0,0,0,False,False,False,False,False,0,False,0,0,0,0,4,0,0.6810448444806613,0.5576923,0.682951807975769,0.5428571701049805
