nan_loss,test_not_well,test_turn_bad,sc_accuracy,died_relu,vanish_gradient,explode_gradient,nan_gradient,large_weight,nan_weight,weight_change_little,decrease_acc,increase_loss,cons_mean_weight,cons_std_weight,nan_acc,loss,acc,val_loss,val_acc
0,0,0,False,False,False,False,False,0,False,0,0,0,0,0,0,0.7683186897864709,0.65384614,0.5948473811149597,0.7714285850524902
0,0,0,False,False,False,False,False,0,False,0,0,0,0,1,0,0.6874964695710403,0.7307692,0.5591362118721008,0.7142857313156128
0,0,0,False,False,False,False,False,0,False,0,0,0,0,2,0,0.6880300503510696,0.6826923,0.5924355983734131,0.7714285850524902
0,0,0,False,False,False,False,False,0,False,0,0,0,0,3,0,0.6780734428992639,0.7307692,0.5945895314216614,0.7428571581840515
0,0,0,False,False,False,False,False,0,False,0,0,0,0,4,0,0.6699995536070603,0.75961536,0.6167579889297485,0.7142857313156128
