nan_loss,test_not_well,test_turn_bad,sc_accuracy,died_relu,vanish_gradient,explode_gradient,nan_gradient,large_weight,nan_weight,weight_change_little,decrease_acc,increase_loss,cons_mean_weight,cons_std_weight,nan_acc,loss,acc,val_loss,val_acc
0,0,0,False,False,False,False,False,0,False,0,0,0,0,0,0,1.1630589962005615,0.52884614,1.0347204208374023,0.48571428656578064
0,0,0,False,False,False,False,False,0,False,0,0,0,0,1,0,1.1535512208938599,0.53846157,1.047463297843933,0.48571428656578064
0,0,0,False,False,False,False,False,0,False,0,0,0,0,2,0,1.1462441682815552,0.53846157,1.0589367151260376,0.48571428656578064
0,0,0,False,False,False,False,False,0,False,0,0,0,0,3,0,1.139122486114502,0.53846157,1.0693676471710205,0.48571428656578064
0,0,0,False,False,False,False,False,0,False,0,0,0,0,4,0,1.1318435668945312,0.52884614,1.0773762464523315,0.48571428656578064
