nan_loss,test_not_well,test_turn_bad,sc_accuracy,died_relu,vanish_gradient,explode_gradient,nan_gradient,large_weight,nan_weight,weight_change_little,decrease_acc,increase_loss,cons_mean_weight,cons_std_weight,nan_acc,loss,acc,val_loss,val_acc
0,0,0,False,False,False,False,False,0,False,0,0,0,0,0,0,1.1202142238616943,0.5480769,0.9900863766670227,0.48571428656578064
0,0,0,False,False,False,False,False,0,False,0,0,0,0,1,0,1.1104010343551636,0.5576923,0.9917160868644714,0.4571428596973419
0,0,0,False,False,False,False,False,0,False,0,0,0,0,2,0,1.0979080200195312,0.5576923,0.9883502125740051,0.4571428596973419
0,0,0,False,False,False,False,False,0,False,0,0,0,0,3,0,1.0844179391860962,0.5673077,0.9809849262237549,0.48571428656578064
0,0,0,False,False,False,False,False,0,False,0,0,0,0,4,0,1.071319580078125,0.5480769,0.9716019630432129,0.48571428656578064
