nan_loss,test_not_well,test_turn_bad,sc_accuracy,died_relu,vanish_gradient,explode_gradient,nan_gradient,large_weight,nan_weight,weight_change_little,decrease_acc,increase_loss,cons_mean_weight,cons_std_weight,nan_acc,loss,acc,val_loss,val_acc
0,0,0,False,False,False,False,False,0,False,0,0,0,0,0,0,0.6794133232190058,0.55128205,0.7141777873039246,0.42307692766189575
0,0,0,False,False,False,False,False,0,False,0,0,0,0,1,0,0.6789957728141394,0.53846157,0.7148197889328003,0.4038461446762085
0,0,0,False,False,False,False,False,0,False,0,0,0,0,2,0,0.6783656049997379,0.55128205,0.7147988080978394,0.4038461446762085
0,0,0,False,False,False,False,False,0,False,0,0,0,0,3,0,0.6780069103607764,0.53205127,0.7148593664169312,0.4038461446762085
0,0,0,False,False,False,False,False,0,False,0,0,0,0,4,0,0.6782169739405314,0.53205127,0.7151583433151245,0.42307692766189575
