nan_loss,test_not_well,test_turn_bad,sc_accuracy,died_relu,vanish_gradient,explode_gradient,nan_gradient,large_weight,nan_weight,weight_change_little,decrease_acc,increase_loss,cons_mean_weight,cons_std_weight,nan_acc,loss,acc,val_loss,val_acc
0,0,0,False,False,False,False,False,0,False,0,0,0,0,0,0,1.2717057466506958,0.63461536,1.0384942293167114,0.6857143044471741
0,0,0,False,False,False,False,False,0,False,0,0,0,0,1,0,1.2604140043258667,0.6442308,1.0405943393707275,0.6857143044471741
0,0,0,False,False,False,False,False,0,False,0,0,0,0,2,0,1.2483763694763184,0.6442308,1.0422918796539307,0.6857143044471741
0,0,0,False,False,False,False,False,0,False,0,0,0,0,3,0,1.2380025386810303,0.66346157,1.0414354801177979,0.7142857313156128
0,0,0,False,False,False,False,False,0,False,0,0,0,0,4,0,1.2290222644805908,0.66346157,1.0368561744689941,0.7142857313156128
