nan_loss,test_not_well,test_turn_bad,sc_accuracy,died_relu,vanish_gradient,explode_gradient,nan_gradient,large_weight,nan_weight,weight_change_little,decrease_acc,increase_loss,cons_mean_weight,cons_std_weight,nan_acc,loss,acc,val_loss,val_acc
0,0,0,False,False,False,False,False,0,False,0,0,0,0,0,0,1.1912157535552979,0.52884614,1.0514118671417236,0.5142857432365417
0,0,0,False,False,False,False,False,0,False,0,0,0,0,1,0,1.1863186359405518,0.52884614,1.0529537200927734,0.5142857432365417
0,0,0,False,False,False,False,False,0,False,0,0,0,0,2,0,1.1800955533981323,0.5192308,1.0548431873321533,0.5142857432365417
0,0,0,False,False,False,False,False,0,False,0,0,0,0,3,0,1.1733533143997192,0.52884614,1.0570260286331177,0.5142857432365417
0,0,0,False,False,False,False,False,0,False,0,0,0,0,4,0,1.1665617227554321,0.53846157,1.0593997240066528,0.5142857432365417
