nan_loss,test_not_well,test_turn_bad,sc_accuracy,died_relu,vanish_gradient,explode_gradient,nan_gradient,large_weight,nan_weight,weight_change_little,decrease_acc,increase_loss,cons_mean_weight,cons_std_weight,nan_acc,loss,acc,val_loss,val_acc
0,0,0,False,False,False,False,False,0,False,0,0,0,0,0,0,0.8860603479238657,0.5833333,0.875510573387146,0.6153846383094788
0,0,0,False,False,False,False,False,0,False,0,0,0,0,1,0,0.7705544218038901,0.59615386,0.808156430721283,0.48076921701431274
0,0,0,False,False,False,False,False,0,False,0,0,0,0,2,0,0.6499435672393212,0.6282051,0.8174704313278198,0.38461539149284363
0,0,0,False,False,False,False,False,0,False,0,0,0,0,3,0,0.6673781611980536,0.6025641,0.7053626179695129,0.4423076808452606
0,0,0,False,False,False,False,False,0,False,0,0,0,0,4,0,0.6528518184637412,0.61538464,0.6205732822418213,0.6153846383094788
