nan_loss,test_not_well,test_turn_bad,sc_accuracy,died_relu,vanish_gradient,explode_gradient,nan_gradient,large_weight,nan_weight,weight_change_little,decrease_acc,increase_loss,cons_mean_weight,cons_std_weight,nan_acc,loss,acc,val_loss,val_acc
0,0,0,False,False,False,False,False,0,False,0,0,0,0,0,0,0.8715253151380099,0.7692308,0.5026918260587586,0.8333333134651184
0,0,0,False,False,False,False,False,0,False,0,0,0,0,1,0,0.8608885625234017,0.7692308,0.48088085237476563,0.7777777910232544
0,0,0,False,False,False,False,False,0,False,0,0,0,0,2,0,0.8471700778374305,0.7692308,0.5058839230073823,0.7777777910232544
0,0,0,False,False,False,False,False,0,False,0,0,0,0,3,0,0.8551411674572871,0.75,0.5206919527716107,0.7777777910232544
0,0,0,False,False,False,False,False,0,False,0,0,0,0,4,0,0.8352972200283637,0.7692308,0.5008298444251219,0.7777777910232544
