nan_loss,test_not_well,test_turn_bad,sc_accuracy,died_relu,vanish_gradient,explode_gradient,nan_gradient,large_weight,nan_weight,weight_change_little,decrease_acc,increase_loss,cons_mean_weight,cons_std_weight,nan_acc,loss,acc,val_loss,val_acc
0,0,0,False,False,False,False,False,0,False,0,0,0,0,0,0,1.0793665647506714,0.52884614,1.0261528491973877,0.48571428656578064
0,0,0,False,False,False,False,False,0,False,0,0,0,0,1,0,1.0419167280197144,0.5576923,0.970916748046875,0.5142857432365417
0,0,0,False,False,False,False,False,0,False,0,0,0,0,2,0,1.0072764158248901,0.5576923,0.9214850068092346,0.6000000238418579
0,0,0,False,False,False,False,False,0,False,0,0,0,0,3,0,0.9836756587028503,0.5576923,0.9223423600196838,0.5428571701049805
0,0,0,False,False,False,False,False,0,False,0,0,0,0,4,0,0.9697095155715942,0.53846157,0.9599809050559998,0.5714285969734192
