nan_loss,test_not_well,test_turn_bad,sc_accuracy,died_relu,vanish_gradient,explode_gradient,nan_gradient,large_weight,nan_weight,weight_change_little,decrease_acc,increase_loss,cons_mean_weight,cons_std_weight,nan_acc,loss,acc,val_loss,val_acc
0,0,0,False,False,False,False,False,0,False,0,0,0,0,0,0,0.8005406948236319,0.52884614,0.7372397780418396,0.5142857432365417
0,0,0,False,False,False,False,False,0,False,0,0,0,0,1,0,0.7577331799727219,0.48076922,0.6979374289512634,0.5142857432365417
0,0,0,False,False,False,False,False,0,False,0,0,0,0,2,0,0.7469475590265714,0.52884614,0.696247398853302,0.5428571701049805
0,0,0,False,False,False,False,False,0,False,0,0,0,0,3,0,0.7445276379585266,0.5480769,0.7238049507141113,0.5142857432365417
0,0,0,False,False,False,False,False,0,False,0,0,0,0,4,0,0.7356953391662011,0.50961536,0.6982608437538147,0.5428571701049805
