nan_loss,test_not_well,test_turn_bad,sc_accuracy,died_relu,vanish_gradient,explode_gradient,nan_gradient,large_weight,nan_weight,weight_change_little,decrease_acc,increase_loss,cons_mean_weight,cons_std_weight,nan_acc,loss,acc,val_loss,val_acc
0,0,0,False,False,False,False,False,0,False,0,0,0,0,0,0,0.7614995241165161,0.74038464,0.6121456623077393,0.7714285850524902
0,0,0,False,False,False,False,False,0,False,0,0,0,0,1,0,0.758263885974884,0.7692308,0.6106142997741699,0.7714285850524902
0,0,0,False,False,False,False,False,0,False,0,0,0,0,2,0,0.756244957447052,0.75961536,0.6118084788322449,0.7714285850524902
0,0,0,False,False,False,False,False,0,False,0,0,0,0,3,0,0.75534987449646,0.77884614,0.6144142746925354,0.7714285850524902
0,0,0,False,False,False,False,False,0,False,0,0,0,0,4,0,0.7540127635002136,0.77884614,0.6172120571136475,0.7714285850524902
