nan_loss,test_not_well,test_turn_bad,sc_accuracy,died_relu,vanish_gradient,explode_gradient,nan_gradient,large_weight,nan_weight,weight_change_little,decrease_acc,increase_loss,cons_mean_weight,cons_std_weight,nan_acc,loss,acc,val_loss,val_acc
0,0,0,False,False,False,False,False,0,False,0,0,0,0,0,0,0.6874828797120315,0.52884614,0.6783266067504883,0.5428571701049805
0,0,0,False,False,False,False,False,0,False,0,0,0,0,1,0,0.6842178931603065,0.5576923,0.6797918677330017,0.5714285969734192
0,0,0,False,False,False,False,False,0,False,0,0,0,0,2,0,0.6827236734903775,0.58653843,0.6804850101470947,0.6285714507102966
0,0,0,False,False,False,False,False,0,False,0,0,0,0,3,0,0.6819215737856351,0.5769231,0.6814859509468079,0.6285714507102966
0,0,0,False,False,False,False,False,0,False,0,0,0,0,4,0,0.6810186413618234,0.5576923,0.682462215423584,0.6000000238418579
