nan_loss,test_not_well,test_turn_bad,sc_accuracy,died_relu,vanish_gradient,explode_gradient,nan_gradient,large_weight,nan_weight,weight_change_little,decrease_acc,increase_loss,cons_mean_weight,cons_std_weight,nan_acc,loss,acc,val_loss,val_acc
0,0,0,False,False,False,False,False,0,False,0,0,0,0,0,0,0.6767085194587708,0.75,0.5048624277114868,0.800000011920929
0,0,0,False,False,False,False,False,0,False,0,0,0,0,1,0,0.6574755311012268,0.7692308,0.5408093929290771,0.7428571581840515
0,0,0,False,False,False,False,False,0,False,0,0,0,0,2,0,0.6508114337921143,0.77884614,0.5800707340240479,0.7428571581840515
0,0,0,False,False,False,False,False,0,False,0,0,0,0,3,0,0.65751051902771,0.77884614,0.5841187834739685,0.7428571581840515
0,0,0,False,False,False,False,False,0,False,0,0,0,0,4,0,0.6564657688140869,0.7692308,0.5553497672080994,0.7428571581840515
