nan_loss,test_not_well,test_turn_bad,sc_accuracy,died_relu,vanish_gradient,explode_gradient,nan_gradient,large_weight,nan_weight,weight_change_little,decrease_acc,increase_loss,cons_mean_weight,cons_std_weight,nan_acc,loss,acc,val_loss,val_acc
0,0,0,False,False,False,False,False,0,False,0,0,0,0,0,0,0.9247997907491831,0.52884614,0.8554245233535767,0.5142857432365417
0,0,0,False,False,False,False,False,0,False,0,0,0,0,1,0,0.8848640460234422,0.50961536,0.7631196975708008,0.48571428656578064
0,0,0,False,False,False,False,False,0,False,0,0,0,0,2,0,0.8516562214264503,0.5480769,0.7273447513580322,0.48571428656578064
0,0,0,False,False,False,False,False,0,False,0,0,0,0,3,0,0.845811339525076,0.5480769,0.7731348276138306,0.48571428656578064
0,0,0,False,False,False,False,False,0,False,0,0,0,0,4,0,0.8284503083962661,0.5,0.7198296189308167,0.5428571701049805
