nan_loss,test_not_well,test_turn_bad,sc_accuracy,died_relu,vanish_gradient,explode_gradient,nan_gradient,large_weight,nan_weight,weight_change_little,decrease_acc,increase_loss,cons_mean_weight,cons_std_weight,nan_acc,loss,acc,val_loss,val_acc
0,0,0,False,False,False,False,False,0,False,0,0,0,0,0,0,0.832743227481842,0.50961536,0.7451638579368591,0.6285714507102966
0,0,0,False,False,False,False,False,0,False,0,0,0,0,1,0,0.8251785635948181,0.5,0.7444463968276978,0.6000000238418579
0,0,0,False,False,False,False,False,0,False,0,0,0,0,2,0,0.8200202584266663,0.50961536,0.7447404861450195,0.48571428656578064
0,0,0,False,False,False,False,False,0,False,0,0,0,0,3,0,0.8148049712181091,0.48076922,0.7456005215644836,0.5142857432365417
0,0,0,False,False,False,False,False,0,False,0,0,0,0,4,0,0.8107982277870178,0.47115386,0.7463400959968567,0.5428571701049805
