nan_loss,test_not_well,test_turn_bad,sc_accuracy,died_relu,vanish_gradient,explode_gradient,nan_gradient,large_weight,nan_weight,weight_change_little,decrease_acc,increase_loss,cons_mean_weight,cons_std_weight,nan_acc,loss,acc,val_loss,val_acc
0,0,0,False,False,False,False,False,0,False,0,0,0,0,0,0,0.7404693961143494,0.75,0.48774921894073486,0.800000011920929
0,0,0,False,False,False,False,False,0,False,0,0,0,0,1,0,0.7325289845466614,0.75961536,0.5050575733184814,0.7714285850524902
0,0,0,False,False,False,False,False,0,False,0,0,0,0,2,0,0.7282711267471313,0.7980769,0.5284145474433899,0.800000011920929
0,0,0,False,False,False,False,False,0,False,0,0,0,0,3,0,0.7285751700401306,0.78846157,0.5409294366836548,0.7714285850524902
0,0,0,False,False,False,False,False,0,False,0,0,0,0,4,0,0.727737545967102,0.77884614,0.5400549173355103,0.7714285850524902
