nan_loss,test_not_well,test_turn_bad,sc_accuracy,died_relu,vanish_gradient,explode_gradient,nan_gradient,large_weight,nan_weight,weight_change_little,decrease_acc,increase_loss,cons_mean_weight,cons_std_weight,nan_acc,loss,acc,val_loss,val_acc
0,0,0,False,False,False,False,False,0,False,0,0,0,0,0,0,0.6521113239801847,0.71153843,0.5562816994530814,0.7714285850524902
0,0,0,False,False,False,False,False,0,False,0,0,0,0,1,0,0.6457025729692899,0.75,0.5356077279363359,0.800000011920929
0,0,0,False,False,False,False,False,0,False,0,0,0,0,2,0,0.6202026972403893,0.71153843,0.530257591179439,0.7714285850524902
0,0,0,False,False,False,False,False,0,False,0,0,0,0,3,0,0.5940894713768592,0.75961536,0.5548872521945408,0.7142857313156128
0,0,0,False,False,False,False,False,0,False,0,0,0,0,4,0,0.607128945680765,0.72115386,0.5586393867220197,0.7428571581840515
