nan_loss,test_not_well,test_turn_bad,sc_accuracy,died_relu,vanish_gradient,explode_gradient,nan_gradient,large_weight,nan_weight,weight_change_little,decrease_acc,increase_loss,cons_mean_weight,cons_std_weight,nan_acc,loss,acc,val_loss,val_acc
0,0,0,False,False,False,False,False,0,False,0,0,0,0,0,0,0.700270992058974,0.50961536,0.6722758412361145,0.5714285969734192
0,0,0,False,False,False,False,False,0,False,0,0,0,0,1,0,0.6981270909309387,0.50961536,0.6706786751747131,0.5714285969734192
0,0,0,False,False,False,False,False,0,False,0,0,0,0,2,0,0.696722571666424,0.4903846,0.6702878475189209,0.6285714507102966
0,0,0,False,False,False,False,False,0,False,0,0,0,0,3,0,0.6960597129968497,0.5192308,0.6700131893157959,0.6285714507102966
0,0,0,False,False,False,False,False,0,False,0,0,0,0,4,0,0.6958679465147165,0.5192308,0.6702666878700256,0.6000000238418579
