nan_loss,test_not_well,test_turn_bad,sc_accuracy,died_relu,vanish_gradient,explode_gradient,nan_gradient,large_weight,nan_weight,weight_change_little,decrease_acc,increase_loss,cons_mean_weight,cons_std_weight,nan_acc,loss,acc,val_loss,val_acc
0,0,0,False,False,False,False,False,0,False,0,0,0,0,0,0,0.7309647462306879,0.71153843,0.6389386057853699,0.807692289352417
0,0,0,False,False,False,False,False,0,False,0,0,0,0,1,0,0.7235393249071561,0.73717946,0.6349437236785889,0.807692289352417
0,0,0,False,False,False,False,False,0,False,0,0,0,0,2,0,0.7235840429098178,0.71794873,0.6326315999031067,0.807692289352417
0,0,0,False,False,False,False,False,0,False,0,0,0,0,3,0,0.7197358990326906,0.7307692,0.6368351578712463,0.807692289352417
0,0,0,False,False,False,False,False,0,False,0,0,0,0,4,0,0.7158716259858547,0.73717946,0.6439793109893799,0.807692289352417
