nan_loss,test_not_well,test_turn_bad,sc_accuracy,died_relu,vanish_gradient,explode_gradient,nan_gradient,large_weight,nan_weight,weight_change_little,decrease_acc,increase_loss,cons_mean_weight,cons_std_weight,nan_acc,loss,acc,val_loss,val_acc
0,0,0,False,False,False,False,False,0,False,0,0,0,0,0,0,0.7401673793792725,0.52884614,0.7344279885292053,0.6571428775787354
0,0,0,False,False,False,False,False,0,False,0,0,0,0,1,0,0.7353552579879761,0.52884614,0.7338225841522217,0.6285714507102966
0,0,0,False,False,False,False,False,0,False,0,0,0,0,2,0,0.7298061847686768,0.52884614,0.7344728112220764,0.6571428775787354
0,0,0,False,False,False,False,False,0,False,0,0,0,0,3,0,0.7239482402801514,0.5192308,0.7414032220840454,0.5142857432365417
0,0,0,False,False,False,False,False,0,False,0,0,0,0,4,0,0.7215579152107239,0.4903846,0.7491678595542908,0.5142857432365417
