nan_loss,test_not_well,test_turn_bad,sc_accuracy,died_relu,vanish_gradient,explode_gradient,nan_gradient,large_weight,nan_weight,weight_change_little,decrease_acc,increase_loss,cons_mean_weight,cons_std_weight,nan_acc,loss,acc,val_loss,val_acc
0,0,0,False,False,False,False,False,0,False,0,0,0,0,0,0,0.6740730343720852,0.74358976,0.5953375101089478,0.7307692170143127
0,0,0,False,False,False,False,False,0,False,0,0,0,0,1,0,0.6590327589939802,0.76282054,0.5912114381790161,0.7692307829856873
0,0,0,False,False,False,False,False,0,False,0,0,0,0,2,0,0.6506429696694399,0.775641,0.5243964195251465,0.7884615659713745
0,0,0,False,False,False,False,False,0,False,0,0,0,0,3,0,0.6592200352595403,0.775641,0.48940515518188477,0.8269230723381042
0,0,0,False,False,False,False,False,0,False,0,0,0,0,4,0,0.6563126612932254,0.75,0.5025180578231812,0.8461538553237915
