nan_loss,test_not_well,test_turn_bad,sc_accuracy,died_relu,vanish_gradient,explode_gradient,nan_gradient,large_weight,nan_weight,weight_change_little,decrease_acc,increase_loss,cons_mean_weight,cons_std_weight,nan_acc,loss,acc,val_loss,val_acc
0,0,0,False,False,False,False,False,0,False,0,0,0,0,0,0,0.7419801476674203,0.74358976,0.5251673460006714,0.8269230723381042
0,0,0,False,False,False,False,False,0,False,0,0,0,0,1,0,0.7330519939080263,0.775641,0.5413905382156372,0.7692307829856873
0,0,0,False,False,False,False,False,0,False,0,0,0,0,2,0,0.7265264819829892,0.7692308,0.5327485799789429,0.807692289352417
0,0,0,False,False,False,False,False,0,False,0,0,0,0,3,0,0.7190682567082919,0.76282054,0.5515244007110596,0.7692307829856873
0,0,0,False,False,False,False,False,0,False,0,0,0,0,4,0,0.7213730980188419,0.73717946,0.5455469489097595,0.8461538553237915
