nan_loss,test_not_well,test_turn_bad,sc_accuracy,died_relu,vanish_gradient,explode_gradient,nan_gradient,large_weight,nan_weight,weight_change_little,decrease_acc,increase_loss,cons_mean_weight,cons_std_weight,nan_acc,loss,acc,val_loss,val_acc
0,0,0,False,False,False,False,False,0,False,0,0,0,0,0,0,1.6274088621139526,0.61538464,1.394325613975525,0.6857143044471741
0,0,0,False,False,False,False,False,0,False,0,0,0,0,1,0,1.6214356422424316,0.61538464,1.3855457305908203,0.6571428775787354
0,0,0,False,False,False,False,False,0,False,0,0,0,0,2,0,1.614044427871704,0.61538464,1.376913070678711,0.6571428775787354
0,0,0,False,False,False,False,False,0,False,0,0,0,0,3,0,1.6062973737716675,0.61538464,1.3686867952346802,0.6571428775787354
0,0,0,False,False,False,False,False,0,False,0,0,0,0,4,0,1.5987823009490967,0.625,1.3614269495010376,0.6571428775787354
