nan_loss,test_not_well,test_turn_bad,sc_accuracy,died_relu,vanish_gradient,explode_gradient,nan_gradient,large_weight,nan_weight,weight_change_little,decrease_acc,increase_loss,cons_mean_weight,cons_std_weight,nan_acc,loss,acc,val_loss,val_acc
0,0,0,False,False,False,False,False,0,False,0,0,0,0,0,0,0.7228532937856821,0.6730769,0.694313108921051,0.7142857313156128
0,0,0,False,False,False,False,False,0,False,0,0,0,0,1,0,0.6611509965016291,0.74038464,0.6944335699081421,0.6000000238418579
0,0,0,False,False,False,False,False,0,False,0,0,0,0,2,0,0.6514961306865399,0.6826923,0.684349000453949,0.7142857313156128
0,0,0,False,False,False,False,False,0,False,0,0,0,0,3,0,0.6426510994250958,0.74038464,0.6829957962036133,0.6857143044471741
0,0,0,False,False,False,False,False,0,False,0,0,0,0,4,0,0.6322301305257357,0.6923077,0.6857531070709229,0.7142857313156128
