nan_loss,test_not_well,test_turn_bad,sc_accuracy,died_relu,vanish_gradient,explode_gradient,nan_gradient,large_weight,nan_weight,weight_change_little,decrease_acc,increase_loss,cons_mean_weight,cons_std_weight,nan_acc,loss,acc,val_loss,val_acc
0,0,0,False,False,False,False,False,0,False,0,0,0,0,0,0,0.6685503889352847,0.5641026,0.7492892742156982,0.4615384638309479
0,0,0,False,False,False,False,False,0,False,0,0,0,0,1,0,0.6640194119551243,0.5641026,0.7386907339096069,0.48076921701431274
0,0,0,False,False,False,False,False,0,False,0,0,0,0,2,0,0.6631024663264935,0.5641026,0.7318016290664673,0.5192307829856873
0,0,0,False,False,False,False,False,0,False,0,0,0,0,3,0,0.6567615331747593,0.5576923,0.7041428089141846,0.5192307829856873
0,0,0,False,False,False,False,False,0,False,0,0,0,0,4,0,0.6625298108810034,0.5641026,0.6857556104660034,0.5192307829856873
