nan_loss,test_not_well,test_turn_bad,sc_accuracy,died_relu,vanish_gradient,explode_gradient,nan_gradient,large_weight,nan_weight,weight_change_little,decrease_acc,increase_loss,cons_mean_weight,cons_std_weight,nan_acc,loss,acc,val_loss,val_acc
0,0,0,False,False,False,False,False,0,False,0,0,0,0,0,0,0.6175239086151123,0.6730769,0.5077337026596069,0.7428571581840515
0,0,0,False,False,False,False,False,0,False,0,0,0,0,1,0,0.6079205274581909,0.6923077,0.4960029721260071,0.7428571581840515
0,0,0,False,False,False,False,False,0,False,0,0,0,0,2,0,0.6004465222358704,0.6826923,0.48402830958366394,0.7714285850524902
0,0,0,False,False,False,False,False,0,False,0,0,0,0,3,0,0.5975798964500427,0.6826923,0.47597411274909973,0.800000011920929
0,0,0,False,False,False,False,False,0,False,0,0,0,0,4,0,0.597199022769928,0.6923077,0.473388135433197,0.800000011920929
