nan_loss,test_not_well,test_turn_bad,sc_accuracy,died_relu,vanish_gradient,explode_gradient,nan_gradient,large_weight,nan_weight,weight_change_little,decrease_acc,increase_loss,cons_mean_weight,cons_std_weight,nan_acc,loss,acc,val_loss,val_acc
0,0,0,False,False,False,False,False,0,False,0,0,0,0,0,0,0.6399670472511878,0.71153843,0.7013392448425293,0.7428571581840515
0,0,0,False,False,False,False,False,0,False,0,0,0,0,1,0,0.6453057389992934,0.6826923,0.6907508373260498,0.7714285850524902
0,0,0,False,False,False,False,False,0,False,0,0,0,0,2,0,0.6343272786874038,0.6826923,0.6838838458061218,0.7714285850524902
0,0,0,False,False,False,False,False,0,False,0,0,0,0,3,0,0.6321914746211126,0.75,0.6818153262138367,0.800000011920929
0,0,0,False,False,False,False,False,0,False,0,0,0,0,4,0,0.6286427883001474,0.72115386,0.6735941767692566,0.7428571581840515
