nan_loss,test_not_well,test_turn_bad,sc_accuracy,died_relu,vanish_gradient,explode_gradient,nan_gradient,large_weight,nan_weight,weight_change_little,decrease_acc,increase_loss,cons_mean_weight,cons_std_weight,nan_acc,loss,acc,val_loss,val_acc
0,0,0,False,False,False,False,False,0,False,0,0,0,0,0,0,1.9052992233863244,0.6057692,1.5870108672550747,0.6571428775787354
0,0,0,False,False,False,False,False,0,False,0,0,0,0,1,0,1.8556407323250403,0.61538464,1.5723649331501552,0.6571428775787354
0,0,0,False,False,False,False,False,0,False,0,0,0,0,2,0,1.82482241667234,0.61538464,1.5422634295054845,0.6571428775787354
0,0,0,False,False,False,False,False,0,False,0,0,0,0,3,0,1.8082166818472056,0.61538464,1.5117245708193099,0.6571428775787354
0,0,0,False,False,False,False,False,0,False,0,0,0,0,4,0,1.7772752046585083,0.63461536,1.4837125641959055,0.6571428775787354
