nan_loss,test_not_well,test_turn_bad,sc_accuracy,died_relu,vanish_gradient,explode_gradient,nan_gradient,large_weight,nan_weight,weight_change_little,decrease_acc,increase_loss,cons_mean_weight,cons_std_weight,nan_acc,loss,acc,val_loss,val_acc
0,0,0,False,False,False,False,False,0,False,0,0,0,0,0,0,0.772746341350751,0.7307692,0.5922168493270874,0.807692289352417
0,0,0,False,False,False,False,False,0,False,0,0,0,0,1,0,0.7695094820780631,0.7307692,0.5949805974960327,0.807692289352417
0,0,0,False,False,False,False,False,0,False,0,0,0,0,2,0,0.7662216837589557,0.7307692,0.5940718054771423,0.807692289352417
0,0,0,False,False,False,False,False,0,False,0,0,0,0,3,0,0.7628502754064707,0.73717946,0.5933681726455688,0.807692289352417
0,0,0,False,False,False,False,False,0,False,0,0,0,0,4,0,0.7594188222518334,0.73717946,0.5891506671905518,0.8461538553237915
