nan_loss,test_not_well,test_turn_bad,sc_accuracy,died_relu,vanish_gradient,explode_gradient,nan_gradient,large_weight,nan_weight,weight_change_little,decrease_acc,increase_loss,cons_mean_weight,cons_std_weight,nan_acc,loss,acc,val_loss,val_acc
0,0,0,False,False,False,False,False,0,False,0,0,0,0,0,0,0.6649834513664246,0.7692308,0.5142584443092346,0.800000011920929
0,0,0,False,False,False,False,False,0,False,0,0,0,0,1,0,0.6554731726646423,0.75,0.5475924015045166,0.7428571581840515
0,0,0,False,False,False,False,False,0,False,0,0,0,0,2,0,0.6536242365837097,0.7692308,0.5692192912101746,0.7428571581840515
0,0,0,False,False,False,False,False,0,False,0,0,0,0,3,0,0.652105987071991,0.7692308,0.5698537826538086,0.7714285850524902
0,0,0,False,False,False,False,False,0,False,0,0,0,0,4,0,0.6476946473121643,0.78846157,0.5598568320274353,0.7142857313156128
