nan_loss,test_not_well,test_turn_bad,sc_accuracy,died_relu,vanish_gradient,explode_gradient,nan_gradient,large_weight,nan_weight,weight_change_little,decrease_acc,increase_loss,cons_mean_weight,cons_std_weight,nan_acc,loss,acc,val_loss,val_acc
0,0,0,False,False,False,False,False,0,False,0,0,0,0,0,0,0.6864901001636798,0.69871795,0.5752442479133606,0.807692289352417
0,0,0,False,False,False,False,False,0,False,0,0,0,0,1,0,0.6562194503270663,0.71794873,0.6545979976654053,0.692307710647583
0,0,0,False,False,False,False,False,0,False,0,0,0,0,2,0,0.65323039660087,0.73717946,0.7109499573707581,0.692307710647583
0,0,0,False,False,False,False,False,0,False,0,0,0,0,3,0,0.6714721001111544,0.73717946,0.6917628645896912,0.6538461446762085
0,0,0,False,False,False,False,False,0,False,0,0,0,0,4,0,0.659860664453262,0.74358976,0.6254971027374268,0.7307692170143127
