nan_loss,test_not_well,test_turn_bad,sc_accuracy,died_relu,vanish_gradient,explode_gradient,nan_gradient,large_weight,nan_weight,weight_change_little,decrease_acc,increase_loss,cons_mean_weight,cons_std_weight,nan_acc,loss,acc,val_loss,val_acc
0,0,0,False,False,False,False,False,0,False,0,0,0,0,0,0,1.1659531593322754,0.4903846,1.0939761400222778,0.48571428656578064
0,0,0,False,False,False,False,False,0,False,0,0,0,0,1,0,1.1423553228378296,0.53846157,1.063220500946045,0.48571428656578064
0,0,0,False,False,False,False,False,0,False,0,0,0,0,2,0,1.1194032430648804,0.52884614,1.0291872024536133,0.48571428656578064
0,0,0,False,False,False,False,False,0,False,0,0,0,0,3,0,1.0968894958496094,0.5192308,1.0117323398590088,0.5428571701049805
0,0,0,False,False,False,False,False,0,False,0,0,0,0,4,0,1.074188232421875,0.52884614,1.014330506324768,0.5428571701049805
