nan_loss,test_not_well,test_turn_bad,sc_accuracy,died_relu,vanish_gradient,explode_gradient,nan_gradient,large_weight,nan_weight,weight_change_little,decrease_acc,increase_loss,cons_mean_weight,cons_std_weight,nan_acc,loss,acc,val_loss,val_acc
0,0,0,False,False,False,False,False,0,False,0,0,0,0,0,0,0.6931520089125022,0.71794873,0.5381902456283569,0.7692307829856873
0,0,0,False,False,False,False,False,0,False,0,0,0,0,1,0,0.6863778080695715,0.7307692,0.5435130596160889,0.807692289352417
0,0,0,False,False,False,False,False,0,False,0,0,0,0,2,0,0.6861019608301994,0.71153843,0.5430912971496582,0.807692289352417
0,0,0,False,False,False,False,False,0,False,0,0,0,0,3,0,0.6864273486993252,0.69871795,0.5383967161178589,0.807692289352417
0,0,0,False,False,False,False,False,0,False,0,0,0,0,4,0,0.6857451735398709,0.69871795,0.5349205732345581,0.807692289352417
