nan_loss,test_not_well,test_turn_bad,sc_accuracy,died_relu,vanish_gradient,explode_gradient,nan_gradient,large_weight,nan_weight,weight_change_little,decrease_acc,increase_loss,cons_mean_weight,cons_std_weight,nan_acc,loss,acc,val_loss,val_acc
0,0,0,False,False,False,False,False,0,False,0,0,0,0,0,0,0.9266353066150959,0.5192308,0.8934541344642639,0.48571428656578064
0,0,0,False,False,False,False,False,0,False,0,0,0,0,1,0,0.9038700736485995,0.52884614,0.7425902485847473,0.5142857432365417
0,0,0,False,False,False,False,False,0,False,0,0,0,0,2,0,0.8669621302531316,0.5480769,0.7458747029304504,0.5428571701049805
0,0,0,False,False,False,False,False,0,False,0,0,0,0,3,0,0.8531965567515447,0.52884614,0.7943005561828613,0.48571428656578064
0,0,0,False,False,False,False,False,0,False,0,0,0,0,4,0,0.8246520161628723,0.5,0.7526047229766846,0.5142857432365417
