nan_loss,test_not_well,test_turn_bad,sc_accuracy,died_relu,vanish_gradient,explode_gradient,nan_gradient,large_weight,nan_weight,weight_change_little,decrease_acc,increase_loss,cons_mean_weight,cons_std_weight,nan_acc,loss,acc,val_loss,val_acc
0,0,0,False,False,False,False,False,0,False,0,0,0,0,0,0,0.6796194314956665,0.7692308,0.4444235861301422,0.7777777910232544
0,0,0,False,False,False,False,False,0,False,0,0,0,0,1,0,0.6766524910926819,0.7692308,0.439250648021698,0.7777777910232544
0,0,0,False,False,False,False,False,0,False,0,0,0,0,2,0,0.6731910109519958,0.7692308,0.43460166454315186,0.7777777910232544
0,0,0,False,False,False,False,False,0,False,0,0,0,0,3,0,0.6696472764015198,0.7692308,0.4311206638813019,0.7777777910232544
0,0,0,False,False,False,False,False,0,False,0,0,0,0,4,0,0.6661310791969299,0.75,0.4288327097892761,0.7777777910232544
