nan_loss,test_not_well,test_turn_bad,sc_accuracy,died_relu,vanish_gradient,explode_gradient,nan_gradient,large_weight,nan_weight,weight_change_little,decrease_acc,increase_loss,cons_mean_weight,cons_std_weight,nan_acc,loss,acc,val_loss,val_acc
0,0,0,False,False,False,False,False,0,False,0,0,0,0,0,0,0.6825647399975703,0.53846157,0.6978079676628113,0.5142857432365417
0,0,0,False,False,False,False,False,0,False,0,0,0,0,1,0,0.6814339894514817,0.5576923,0.6972691416740417,0.48571428656578064
0,0,0,False,False,False,False,False,0,False,0,0,0,0,2,0,0.6807001966696519,0.53846157,0.697306752204895,0.4571428596973419
0,0,0,False,False,False,False,False,0,False,0,0,0,0,3,0,0.6806133572871869,0.52884614,0.6973020434379578,0.4571428596973419
0,0,0,False,False,False,False,False,0,False,0,0,0,0,4,0,0.6802759995827308,0.52884614,0.6971060037612915,0.4285714328289032
