nan_loss,test_not_well,test_turn_bad,sc_accuracy,died_relu,vanish_gradient,explode_gradient,nan_gradient,large_weight,nan_weight,weight_change_little,decrease_acc,increase_loss,cons_mean_weight,cons_std_weight,nan_acc,loss,acc,val_loss,val_acc
0,0,0,False,False,False,False,False,0,False,0,0,0,0,0,0,1.0362167358398438,0.44230768,0.8642251491546631,0.5714285969734192
0,0,0,False,False,False,False,False,0,False,0,0,0,0,1,0,1.0235378742218018,0.44230768,0.8499026298522949,0.5428571701049805
0,0,0,False,False,False,False,False,0,False,0,0,0,0,2,0,1.00546395778656,0.42307693,0.8342263102531433,0.5428571701049805
0,0,0,False,False,False,False,False,0,False,0,0,0,0,3,0,0.9832341074943542,0.39423078,0.8180810809135437,0.5428571701049805
0,0,0,False,False,False,False,False,0,False,0,0,0,0,4,0,0.958298921585083,0.40384614,0.8018179535865784,0.5428571701049805
