nan_loss,test_not_well,test_turn_bad,sc_accuracy,died_relu,vanish_gradient,explode_gradient,nan_gradient,large_weight,nan_weight,weight_change_little,decrease_acc,increase_loss,cons_mean_weight,cons_std_weight,nan_acc,loss,acc,val_loss,val_acc
0,0,0,False,False,False,False,False,0,False,0,0,0,0,0,0,1.0858548757357476,0.4871795,1.0851805210113525,0.5769230723381042
0,0,0,False,False,False,False,False,0,False,0,0,0,0,1,0,1.085848725759066,0.4871795,1.0851752758026123,0.5769230723381042
0,0,0,False,False,False,False,False,0,False,0,0,0,0,1,0,1.0858409435321124,0.4871795,1.0851680040359497,0.5769230723381042
0,0,0,False,False,False,False,False,0,False,0,0,0,0,2,0,1.085831608527746,0.4871795,1.085159182548523,0.5769230723381042
0,0,0,False,False,False,False,False,0,False,0,0,0,0,3,0,1.0858216499670958,0.4871795,1.085152506828308,0.5769230723381042
