nan_loss,test_not_well,test_turn_bad,sc_accuracy,died_relu,vanish_gradient,explode_gradient,nan_gradient,large_weight,nan_weight,weight_change_little,decrease_acc,increase_loss,cons_mean_weight,cons_std_weight,nan_acc,loss,acc,val_loss,val_acc
0,0,0,False,False,False,False,False,0,False,0,0,0,0,0,0,0.7398629784584045,0.7692308,0.4112941026687622,0.7777777910232544
0,0,0,False,False,False,False,False,0,False,0,0,0,0,1,0,0.731285035610199,0.78846157,0.3957672119140625,0.8333333134651184
0,0,0,False,False,False,False,False,0,False,0,0,0,0,2,0,0.7237820029258728,0.8076923,0.387949675321579,0.8888888955116272
0,0,0,False,False,False,False,False,0,False,0,0,0,0,3,0,0.7186098694801331,0.8076923,0.38943278789520264,0.8888888955116272
0,0,0,False,False,False,False,False,0,False,0,0,0,0,4,0,0.7146744132041931,0.8076923,0.39799803495407104,0.8888888955116272
