nan_loss,test_not_well,test_turn_bad,sc_accuracy,died_relu,vanish_gradient,explode_gradient,nan_gradient,large_weight,nan_weight,weight_change_little,decrease_acc,increase_loss,cons_mean_weight,cons_std_weight,nan_acc,loss,acc,val_loss,val_acc
0,0,0,False,False,False,False,False,0,False,0,0,0,0,0,0,0.6758233950688288,0.58653843,0.6814913153648376,0.5714285969734192
0,0,0,False,False,False,False,False,0,False,0,0,0,0,1,0,0.675804289487692,0.58653843,0.6813685894012451,0.5714285969734192
0,0,0,False,False,False,False,False,0,False,0,0,0,0,2,0,0.6758475303649902,0.58653843,0.6814656853675842,0.5714285969734192
0,0,0,False,False,False,False,False,0,False,0,0,0,0,3,0,0.6756590008735657,0.58653843,0.6814786791801453,0.5714285969734192
0,0,0,False,False,False,False,False,0,False,0,0,0,0,4,0,0.675643476156088,0.58653843,0.6814057230949402,0.5714285969734192
