nan_loss,test_not_well,test_turn_bad,sc_accuracy,died_relu,vanish_gradient,explode_gradient,nan_gradient,large_weight,nan_weight,weight_change_little,decrease_acc,increase_loss,cons_mean_weight,cons_std_weight,nan_acc,loss,acc,val_loss,val_acc
0,0,0,False,False,False,False,False,0,False,0,0,0,0,0,0,0.7973078168355502,0.75,0.8343944668769836,0.800000011920929
0,0,0,False,False,False,False,False,0,False,0,0,0,0,1,0,0.7868428872181819,0.74038464,0.831975645678384,0.7714285850524902
0,0,0,False,False,False,False,False,0,False,0,0,0,0,2,0,0.7720872255472037,0.7692308,0.8448832171303885,0.7714285850524902
0,0,0,False,False,False,False,False,0,False,0,0,0,0,3,0,0.7737660316320566,0.75961536,0.8349015627588544,0.800000011920929
0,0,0,False,False,False,False,False,0,False,0,0,0,0,4,0,0.7813709424092219,0.75961536,0.8436095186642238,0.7714285850524902
