nan_loss,test_not_well,test_turn_bad,sc_accuracy,died_relu,vanish_gradient,explode_gradient,nan_gradient,large_weight,nan_weight,weight_change_little,decrease_acc,increase_loss,cons_mean_weight,cons_std_weight,nan_acc,loss,acc,val_loss,val_acc
0,0,0,False,False,False,False,False,0,False,0,0,0,0,0,0,1.0203825235366821,0.5480769,0.8150277239935738,0.5428571701049805
0,0,0,False,False,False,False,False,0,False,0,0,0,0,1,0,0.964342474937439,0.5769231,0.8758465324129378,0.5142857432365417
0,0,0,False,False,False,False,False,0,False,0,0,0,0,2,0,0.8979647342975323,0.5673077,0.7666425262178693,0.5428571701049805
0,0,0,False,False,False,False,False,0,False,0,0,0,0,3,0,0.8594896426567664,0.53846157,0.957383588382176,0.48571428656578064
0,0,0,False,False,False,False,False,0,False,0,0,0,0,4,0,0.8724073538413415,0.5480769,0.8647390910557338,0.5142857432365417
