nan_loss,test_not_well,test_turn_bad,sc_accuracy,died_relu,vanish_gradient,explode_gradient,nan_gradient,large_weight,nan_weight,weight_change_little,decrease_acc,increase_loss,cons_mean_weight,cons_std_weight,nan_acc,loss,acc,val_loss,val_acc
0,0,0,False,False,False,False,False,0,False,0,0,0,0,0,0,0.6535550080812894,0.75961536,0.6090173159326826,0.800000011920929
0,0,0,False,False,False,False,False,0,False,0,0,0,0,1,0,0.6795524725547204,0.72115386,0.6092872227941241,0.7714285850524902
0,0,0,False,False,False,False,False,0,False,0,0,0,0,2,0,0.6587620560939496,0.75,0.6089452028274536,0.800000011920929
0,0,0,False,False,False,False,False,0,False,0,0,0,0,3,0,0.6253265876036423,0.7692308,0.6255478348050799,0.7714285850524902
0,0,0,False,False,False,False,False,0,False,0,0,0,0,4,0,0.6245745214132162,0.78846157,0.6467528206961496,0.7428571581840515
