nan_loss,test_not_well,test_turn_bad,sc_accuracy,died_relu,vanish_gradient,explode_gradient,nan_gradient,large_weight,nan_weight,weight_change_little,decrease_acc,increase_loss,cons_mean_weight,cons_std_weight,nan_acc,loss,acc,val_loss,val_acc
0,0,0,False,False,False,False,False,0,False,0,0,0,0,0,0,0.7009753355613122,0.5192308,0.6751410961151123,0.5142857432365417
0,0,0,False,False,False,False,False,0,False,0,0,0,0,1,0,0.698866761647738,0.5,0.6745258569717407,0.5142857432365417
0,0,0,False,False,False,False,False,0,False,0,0,0,0,2,0,0.6977496834901663,0.50961536,0.6747757196426392,0.5142857432365417
0,0,0,False,False,False,False,False,0,False,0,0,0,0,3,0,0.6975115170845618,0.50961536,0.6745580434799194,0.5428571701049805
0,0,0,False,False,False,False,False,0,False,0,0,0,0,4,0,0.6966492900481591,0.50961536,0.6738489270210266,0.5714285969734192
