nan_loss,test_not_well,test_turn_bad,sc_accuracy,died_relu,vanish_gradient,explode_gradient,nan_gradient,large_weight,nan_weight,weight_change_little,decrease_acc,increase_loss,cons_mean_weight,cons_std_weight,nan_acc,loss,acc,val_loss,val_acc
0,0,0,False,False,False,False,False,0,False,0,0,0,0,0,0,1.0684764385223389,0.53846157,1.0196282863616943,0.5142857432365417
0,0,0,False,False,False,False,False,0,False,0,0,0,0,1,0,1.0653197765350342,0.52884614,1.0229547023773193,0.5142857432365417
0,0,0,False,False,False,False,False,0,False,0,0,0,0,2,0,1.061461329460144,0.52884614,1.0256253480911255,0.5142857432365417
0,0,0,False,False,False,False,False,0,False,0,0,0,0,3,0,1.0574127435684204,0.52884614,1.0268539190292358,0.5142857432365417
0,0,0,False,False,False,False,False,0,False,0,0,0,0,4,0,1.053358554840088,0.5192308,1.0265294313430786,0.5142857432365417
