nan_loss,test_not_well,test_turn_bad,sc_accuracy,died_relu,vanish_gradient,explode_gradient,nan_gradient,large_weight,nan_weight,weight_change_little,decrease_acc,increase_loss,cons_mean_weight,cons_std_weight,nan_acc,loss,acc,val_loss,val_acc
0,0,0,False,False,False,False,False,0,False,0,0,0,0,0,0,1.0684763193130493,0.53846157,1.0197911262512207,0.5142857432365417
0,0,0,False,False,False,False,False,0,False,0,0,0,0,1,0,1.0651319026947021,0.52884614,1.0233361721038818,0.5142857432365417
0,0,0,False,False,False,False,False,0,False,0,0,0,0,2,0,1.061020851135254,0.52884614,1.026038646697998,0.5142857432365417
0,0,0,False,False,False,False,False,0,False,0,0,0,0,3,0,1.0566906929016113,0.5192308,1.0270843505859375,0.5142857432365417
0,0,0,False,False,False,False,False,0,False,0,0,0,0,4,0,1.0523492097854614,0.5192308,1.0263254642486572,0.5142857432365417
