nan_loss,test_not_well,test_turn_bad,sc_accuracy,died_relu,vanish_gradient,explode_gradient,nan_gradient,large_weight,nan_weight,weight_change_little,decrease_acc,increase_loss,cons_mean_weight,cons_std_weight,nan_acc,loss,acc,val_loss,val_acc
0,0,0,False,False,False,False,False,0,False,0,0,0,0,0,0,0.9403870701789856,0.46153846,0.7814024686813354,0.5428571701049805
0,0,0,False,False,False,False,False,0,False,0,0,0,0,1,0,0.9244241118431091,0.48076922,0.7681068181991577,0.5142857432365417
0,0,0,False,False,False,False,False,0,False,0,0,0,0,2,0,0.9043480157852173,0.50961536,0.7514355778694153,0.5428571701049805
0,0,0,False,False,False,False,False,0,False,0,0,0,0,3,0,0.8844395875930786,0.50961536,0.7352495789527893,0.5428571701049805
0,0,0,False,False,False,False,False,0,False,0,0,0,0,4,0,0.8684906363487244,0.5192308,0.719862163066864,0.5142857432365417
