nan_loss,test_not_well,test_turn_bad,sc_accuracy,died_relu,vanish_gradient,explode_gradient,nan_gradient,large_weight,nan_weight,weight_change_little,decrease_acc,increase_loss,cons_mean_weight,cons_std_weight,nan_acc,loss,acc,val_loss,val_acc
0,0,0,False,False,False,False,False,0,False,0,0,0,0,0,0,0.6619302034378052,0.6442308,0.7063454985618591,0.6857143044471741
0,0,0,False,False,False,False,False,0,False,0,0,0,0,1,0,0.6556602716445923,0.63461536,0.6984601020812988,0.7142857313156128
0,0,0,False,False,False,False,False,0,False,0,0,0,0,2,0,0.6491343379020691,0.6442308,0.6923192739486694,0.6857143044471741
0,0,0,False,False,False,False,False,0,False,0,0,0,0,3,0,0.6436205506324768,0.6442308,0.6880975961685181,0.6857143044471741
0,0,0,False,False,False,False,False,0,False,0,0,0,0,4,0,0.6393463611602783,0.61538464,0.6852862238883972,0.6857143044471741
