nan_loss,test_not_well,test_turn_bad,sc_accuracy,died_relu,vanish_gradient,explode_gradient,nan_gradient,large_weight,nan_weight,weight_change_little,decrease_acc,increase_loss,cons_mean_weight,cons_std_weight,nan_acc,loss,acc,val_loss,val_acc
0,0,0,False,False,False,False,False,0,False,0,0,0,0,0,0,0.8333085225178645,0.74038464,0.7932832751955304,0.800000011920929
0,0,0,False,False,False,False,False,0,False,0,0,0,0,1,0,0.8159020061676319,0.77884614,0.7781667828559875,0.7714285850524902
0,0,0,False,False,False,False,False,0,False,0,0,0,0,2,0,0.8116418444193326,0.75,0.7971041321754455,0.7714285850524902
0,0,0,False,False,False,False,False,0,False,0,0,0,0,3,0,0.8140568641515878,0.6923077,0.7800758038248334,0.7714285850524902
0,0,0,False,False,False,False,False,0,False,0,0,0,0,4,0,0.8179936179747949,0.74038464,0.7963612590517316,0.7428571581840515
