nan_loss,test_not_well,test_turn_bad,sc_accuracy,died_relu,vanish_gradient,explode_gradient,nan_gradient,large_weight,nan_weight,weight_change_little,decrease_acc,increase_loss,cons_mean_weight,cons_std_weight,nan_acc,loss,acc,val_loss,val_acc
0,0,0,False,False,False,False,False,0,False,0,0,0,0,0,0,1.3555582165718079,0.52884614,1.152759293147496,0.48571428656578064
0,0,0,False,False,False,False,False,0,False,0,0,0,0,1,0,1.3138348689446082,0.53846157,1.139014778818403,0.5142857432365417
0,0,0,False,False,False,False,False,0,False,0,0,0,0,2,0,1.2779194941887488,0.5192308,1.1654191698346819,0.48571428656578064
0,0,0,False,False,False,False,False,0,False,0,0,0,0,3,0,1.2546010934389555,0.4903846,1.1317670924322947,0.5142857432365417
0,0,0,False,False,False,False,False,0,False,0,0,0,0,4,0,1.2163593860772939,0.5480769,1.1303521701267787,0.48571428656578064
