nan_loss,test_not_well,test_turn_bad,sc_accuracy,died_relu,vanish_gradient,explode_gradient,nan_gradient,large_weight,nan_weight,weight_change_little,decrease_acc,increase_loss,cons_mean_weight,cons_std_weight,nan_acc,loss,acc,val_loss,val_acc
0,0,0,False,False,False,False,False,0,False,0,0,0,0,0,0,1.1508322954177856,0.53846157,0.9865789413452148,0.48571428656578064
0,0,0,False,False,False,False,False,0,False,0,0,0,0,1,0,1.1320220232009888,0.53846157,1.0000604391098022,0.5142857432365417
0,0,0,False,False,False,False,False,0,False,0,0,0,0,2,0,1.109978199005127,0.5576923,1.0134270191192627,0.5142857432365417
0,0,0,False,False,False,False,False,0,False,0,0,0,0,3,0,1.0881178379058838,0.58653843,1.0229262113571167,0.5714285969734192
0,0,0,False,False,False,False,False,0,False,0,0,0,0,4,0,1.068114161491394,0.63461536,1.026652216911316,0.5714285969734192
