nan_loss,test_not_well,test_turn_bad,sc_accuracy,died_relu,vanish_gradient,explode_gradient,nan_gradient,large_weight,nan_weight,weight_change_little,decrease_acc,increase_loss,cons_mean_weight,cons_std_weight,nan_acc,loss,acc,val_loss,val_acc
0,0,0,False,False,False,False,False,0,False,0,0,0,0,0,0,0.8656395337520502,0.74358976,0.6332190678669856,0.8269230723381042
0,0,0,False,False,False,False,False,0,False,0,0,0,0,1,0,0.8633080919583639,0.7307692,0.6386996094997113,0.8269230723381042
0,0,0,False,False,False,False,False,0,False,0,0,0,0,2,0,0.8442406180577401,0.7307692,0.646025653068836,0.807692289352417
0,0,0,False,False,False,False,False,0,False,0,0,0,0,3,0,0.8388429421644944,0.74358976,0.6247571019025949,0.8653846383094788
0,0,0,False,False,False,False,False,0,False,0,0,0,0,4,0,0.8246490542705243,0.69871795,0.6189218255189749,0.8269230723381042
