nan_loss,test_not_well,test_turn_bad,sc_accuracy,died_relu,vanish_gradient,explode_gradient,nan_gradient,large_weight,nan_weight,weight_change_little,decrease_acc,increase_loss,cons_mean_weight,cons_std_weight,nan_acc,loss,acc,val_loss,val_acc
0,0,0,False,False,False,False,False,0,False,0,0,0,0,0,0,0.7774038910865784,0.7692308,0.46586737036705017,0.8333333134651184
0,0,0,False,False,False,False,False,0,False,0,0,0,0,1,0,0.7715247273445129,0.78846157,0.45832088589668274,0.8333333134651184
0,0,0,False,False,False,False,False,0,False,0,0,0,0,2,0,0.7658658623695374,0.78846157,0.45600542426109314,0.8333333134651184
0,0,0,False,False,False,False,False,0,False,0,0,0,0,3,0,0.7609148621559143,0.78846157,0.4565735459327698,0.8333333134651184
0,0,0,False,False,False,False,False,0,False,0,0,0,0,4,0,0.7568799257278442,0.78846157,0.4585507810115814,0.8333333134651184
