nan_loss,test_not_well,test_turn_bad,sc_accuracy,died_relu,vanish_gradient,explode_gradient,nan_gradient,large_weight,nan_weight,weight_change_little,decrease_acc,increase_loss,cons_mean_weight,cons_std_weight,nan_acc,loss,acc,val_loss,val_acc
0,0,0,False,False,False,False,False,0,False,0,0,0,0,0,0,0.6758900880813599,0.75961536,0.6672042608261108,0.800000011920929
0,0,0,False,False,False,False,False,0,False,0,0,0,0,1,0,0.6701352596282959,0.75961536,0.6648455262184143,0.800000011920929
0,0,0,False,False,False,False,False,0,False,0,0,0,0,2,0,0.6674763560295105,0.77884614,0.6657395958900452,0.7714285850524902
0,0,0,False,False,False,False,False,0,False,0,0,0,0,3,0,0.6649205684661865,0.77884614,0.6670235395431519,0.7714285850524902
0,0,0,False,False,False,False,False,0,False,0,0,0,0,4,0,0.66030353307724,0.77884614,0.668669581413269,0.7714285850524902
