nan_loss,test_not_well,test_turn_bad,sc_accuracy,died_relu,vanish_gradient,explode_gradient,nan_gradient,large_weight,nan_weight,weight_change_little,decrease_acc,increase_loss,cons_mean_weight,cons_std_weight,nan_acc,loss,acc,val_loss,val_acc
0,0,0,False,False,False,False,False,0,False,0,0,0,0,0,0,0.6853182850739895,0.73717946,0.5588845197971051,0.7307692170143127
0,0,0,False,False,False,False,False,0,False,0,0,0,0,1,0,0.6920754924798623,0.73717946,0.5364293593626756,0.807692289352417
0,0,0,False,False,False,False,False,0,False,0,0,0,0,2,0,0.6734249905133859,0.74358976,0.5387940383874453,0.7884615659713745
0,0,0,False,False,False,False,False,0,False,0,0,0,0,3,0,0.6703110337257385,0.76282054,0.5325325704537905,0.7692307829856873
0,0,0,False,False,False,False,False,0,False,0,0,0,0,4,0,0.6628434749749991,0.75,0.5393936863312354,0.7884615659713745
