nan_loss,test_not_well,test_turn_bad,sc_accuracy,died_relu,vanish_gradient,explode_gradient,nan_gradient,large_weight,nan_weight,weight_change_little,decrease_acc,increase_loss,cons_mean_weight,cons_std_weight,nan_acc,loss,acc,val_loss,val_acc
0,0,0,False,False,False,False,False,0,False,0,0,0,0,0,0,0.6321819745577298,0.72115386,0.5588758724076407,0.800000011920929
0,0,0,False,False,False,False,False,0,False,0,0,0,0,1,0,0.5962235996356378,0.72115386,0.5686189532279968,0.7714285850524902
0,0,0,False,False,False,False,False,0,False,0,0,0,0,2,0,0.5802017519107232,0.74038464,0.5783375075885228,0.800000011920929
0,0,0,False,False,False,False,False,0,False,0,0,0,0,3,0,0.5661929295613215,0.74038464,0.5537240181650435,0.7714285850524902
0,0,0,False,False,False,False,False,0,False,0,0,0,0,4,0,0.5680784720640916,0.75,0.6029150758470808,0.7428571581840515
