nan_loss,test_not_well,test_turn_bad,sc_accuracy,died_relu,vanish_gradient,explode_gradient,nan_gradient,large_weight,nan_weight,weight_change_little,decrease_acc,increase_loss,cons_mean_weight,cons_std_weight,nan_acc,loss,acc,val_loss,val_acc
0,0,0,False,False,False,False,False,0,False,0,0,0,0,0,0,1.0877094268798828,0.48076922,1.081283688545227,0.6111111044883728
0,0,0,False,False,False,False,False,0,False,0,0,0,0,0,0,1.0877070426940918,0.48076922,1.0812795162200928,0.6111111044883728
0,0,0,False,False,False,False,False,0,False,0,0,0,0,1,0,1.0877037048339844,0.48076922,1.081274390220642,0.6111111044883728
0,0,0,False,False,False,False,False,0,False,0,0,0,0,1,0,1.0876998901367188,0.48076922,1.0812687873840332,0.6111111044883728
0,0,0,False,False,False,False,False,0,False,0,0,0,0,2,0,1.0876954793930054,0.48076922,1.0812623500823975,0.6111111044883728
